transaction_id,customer_id,recipient_id,amount,currency,timestamp,device_id,channel,scenario,authored_label,purpose
6835a759-15e1-5576-bcb7-1ebc7dc117b2,e2706434-e96b-5194-a25e-736d259ee1fa,14f50457-4937-5d7d-96ef-d0363e535e88,22000,KZT,2026-06-12T09:00:00+00:00,sim-device-00,MOBILE,BASELINE,AUTHORED_NORMAL,Household transfer
26817d8f-7724-5d81-bbfc-31c883516c3c,e2706434-e96b-5194-a25e-736d259ee1fa,55d57bf9-161a-531a-a7ec-ba50f9b82cae,31000,KZT,2026-06-12T10:00:00+00:00,sim-device-00,MOBILE,BASELINE,AUTHORED_NORMAL,Grocery purchase
94957418-e269-51f7-b39c-caa81d9d28ad,e2706434-e96b-5194-a25e-736d259ee1fa,f432ddfb-f114-50ee-a37d-97036d31ed8b,28000,KZT,2026-06-13T09:00:00+00:00,sim-device-00,MOBILE,BASELINE,AUTHORED_NORMAL,Monthly utility payment
bb884513-0966-5f4d-ae18-71484e0653aa,e2706434-e96b-5194-a25e-736d259ee1fa,14f50457-4937-5d7d-96ef-d0363e535e88,35000,KZT,2026-06-13T10:00:00+00:00,sim-device-00,MOBILE,BASELINE,AUTHORED_NORMAL,Household transfer
04640cf2-232e-5091-9801-52eb1d515794,e2706434-e96b-5194-a25e-736d259ee1fa,55d57bf9-161a-531a-a7ec-ba50f9b82cae,26000,KZT,2026-06-14T09:00:00+00:00,sim-device-00,MOBILE,BASELINE,AUTHORED_NORMAL,Grocery purchase
33690b2a-272f-5ebf-8895-409dd993a015,e2706434-e96b-5194-a25e-736d259ee1fa,f432ddfb-f114-50ee-a37d-97036d31ed8b,33000,KZT,2026-06-14T10:00:00+00:00,sim-device-00,MOBILE,BASELINE,AUTHORED_NORMAL,Monthly utility payment
251213d3-ca36-5c1a-a8f1-b665e5960b2c,e2706434-e96b-5194-a25e-736d259ee1fa,14f50457-4937-5d7d-96ef-d0363e535e88,29000,KZT,2026-06-15T09:00:00+00:00,sim-device-00,MOBILE,BASELINE,AUTHORED_NORMAL,Household transfer
bd11a8e5-717a-511d-824c-bb53f7dff4fe,e2706434-e96b-5194-a25e-736d259ee1fa,55d57bf9-161a-531a-a7ec-ba50f9b82cae,22000,KZT,2026-06-15T10:00:00+00:00,sim-device-00,MOBILE,BASELINE,AUTHORED_NORMAL,Grocery purchase
40713616-c98f-5f85-9dea-8f4622ab2778,e2706434-e96b-5194-a25e-736d259ee1fa,f432ddfb-f114-50ee-a37d-97036d31ed8b,31000,KZT,2026-06-16T09:00:00+00:00,sim-device-00,MOBILE,BASELINE,AUTHORED_NORMAL,Monthly utility payment
69ec4053-1f1a-5bda-83aa-f5c13ac326e1,e2706434-e96b-5194-a25e-736d259ee1fa,14f50457-4937-5d7d-96ef-d0363e535e88,28000,KZT,2026-06-16T10:00:00+00:00,sim-device-00,MOBILE,BASELINE,AUTHORED_NORMAL,Household transfer
7a200020-52e6-56ec-be97-6966033d1151,e2706434-e96b-5194-a25e-736d259ee1fa,55d57bf9-161a-531a-a7ec-ba50f9b82cae,35000,KZT,2026-06-17T09:00:00+00:00,sim-device-00,MOBILE,BASELINE,AUTHORED_NORMAL,Grocery purchase
b8f75771-7f32-516e-83fc-0d2208c36087,e2706434-e96b-5194-a25e-736d259ee1fa,f432ddfb-f114-50ee-a37d-97036d31ed8b,26000,KZT,2026-06-17T10:00:00+00:00,sim-device-00,MOBILE,BASELINE,AUTHORED_NORMAL,Monthly utility payment
04d60ec0-8fa5-5799-aa2d-b8af44da7599,e2706434-e96b-5194-a25e-736d259ee1fa,14f50457-4937-5d7d-96ef-d0363e535e88,33000,KZT,2026-06-18T09:00:00+00:00,sim-device-00,MOBILE,BASELINE,AUTHORED_NORMAL,Household transfer
e7ccf28b-7320-53a6-8087-bee089b68eac,e2706434-e96b-5194-a25e-736d259ee1fa,55d57bf9-161a-531a-a7ec-ba50f9b82cae,29000,KZT,2026-06-18T10:00:00+00:00,sim-device-00,MOBILE,BASELINE,AUTHORED_NORMAL,Grocery purchase
15476ec2-ddc3-53be-98e7-c09b2be844c8,e2706434-e96b-5194-a25e-736d259ee1fa,f432ddfb-f114-50ee-a37d-97036d31ed8b,22000,KZT,2026-06-19T09:00:00+00:00,sim-device-00,MOBILE,BASELINE,AUTHORED_NORMAL,Monthly utility payment
87f5de12-49a2-5bc3-b2d0-ba90037a49d0,e2706434-e96b-5194-a25e-736d259ee1fa,14f50457-4937-5d7d-96ef-d0363e535e88,31000,KZT,2026-06-19T10:00:00+00:00,sim-device-00,MOBILE,BASELINE,AUTHORED_NORMAL,Household transfer
88549f86-dd4e-5d27-b302-db5cc3dbcc21,e2706434-e96b-5194-a25e-736d259ee1fa,55d57bf9-161a-531a-a7ec-ba50f9b82cae,28000,KZT,2026-06-20T09:00:00+00:00,sim-device-00,MOBILE,BASELINE,AUTHORED_NORMAL,Grocery purchase
81bea596-7af4-586e-93ff-e417f1c1c87a,e2706434-e96b-5194-a25e-736d259ee1fa,f432ddfb-f114-50ee-a37d-97036d31ed8b,35000,KZT,2026-06-20T10:00:00+00:00,sim-device-00,MOBILE,BASELINE,AUTHORED_NORMAL,Monthly utility payment
cdba2fff-95e2-59bb-a07b-902d556bd64f,e2706434-e96b-5194-a25e-736d259ee1fa,14f50457-4937-5d7d-96ef-d0363e535e88,26000,KZT,2026-06-21T09:00:00+00:00,sim-device-00,MOBILE,BASELINE,AUTHORED_NORMAL,Household transfer
b64b0fa4-9840-5f70-b781-1f0ef13c0a28,e2706434-e96b-5194-a25e-736d259ee1fa,55d57bf9-161a-531a-a7ec-ba50f9b82cae,33000,KZT,2026-06-21T10:00:00+00:00,sim-device-00,MOBILE,BASELINE,AUTHORED_NORMAL,Grocery purchase
9ea44c0d-aabe-5bd0-adc3-1063804a5c2d,e2706434-e96b-5194-a25e-736d259ee1fa,f432ddfb-f114-50ee-a37d-97036d31ed8b,29000,KZT,2026-06-22T09:00:00+00:00,sim-device-00,MOBILE,BASELINE,AUTHORED_NORMAL,Monthly utility payment
f2fa2b04-45e9-5990-8b60-22d58fa6fce9,e2706434-e96b-5194-a25e-736d259ee1fa,14f50457-4937-5d7d-96ef-d0363e535e88,22000,KZT,2026-06-22T10:00:00+00:00,sim-device-00,MOBILE,BASELINE,AUTHORED_NORMAL,Household transfer
bdd5e72f-b161-58b9-80ee-b0be309d8f5b,e2706434-e96b-5194-a25e-736d259ee1fa,55d57bf9-161a-531a-a7ec-ba50f9b82cae,31000,KZT,2026-06-23T09:00:00+00:00,sim-device-00,MOBILE,BASELINE,AUTHORED_NORMAL,Grocery purchase
6bf398f6-22c8-5b2f-9c1b-00c12cc922c5,e2706434-e96b-5194-a25e-736d259ee1fa,f432ddfb-f114-50ee-a37d-97036d31ed8b,28000,KZT,2026-06-23T10:00:00+00:00,sim-device-00,MOBILE,BASELINE,AUTHORED_NORMAL,Monthly utility payment
57e49a8b-cf16-59f5-bd1d-7f891bb81aee,e2706434-e96b-5194-a25e-736d259ee1fa,14f50457-4937-5d7d-96ef-d0363e535e88,35000,KZT,2026-06-24T09:00:00+00:00,sim-device-00,MOBILE,BASELINE,AUTHORED_NORMAL,Household transfer
f8fc50a8-8241-5bb6-b819-5fdbbc194e9c,e2706434-e96b-5194-a25e-736d259ee1fa,55d57bf9-161a-531a-a7ec-ba50f9b82cae,26000,KZT,2026-06-24T10:00:00+00:00,sim-device-00,MOBILE,BASELINE,AUTHORED_NORMAL,Grocery purchase
59e1b401-14e3-5568-afce-f37de04c4356,e2706434-e96b-5194-a25e-736d259ee1fa,f432ddfb-f114-50ee-a37d-97036d31ed8b,33000,KZT,2026-06-25T09:00:00+00:00,sim-device-00,MOBILE,BASELINE,AUTHORED_NORMAL,Monthly utility payment
1fd92111-345b-573b-b32e-29a2f8673d73,e2706434-e96b-5194-a25e-736d259ee1fa,14f50457-4937-5d7d-96ef-d0363e535e88,29000,KZT,2026-06-25T10:00:00+00:00,sim-device-00,MOBILE,BASELINE,AUTHORED_NORMAL,Household transfer
6f9beb61-ee5b-58a9-a2d1-63b671fd18ee,e2706434-e96b-5194-a25e-736d259ee1fa,55d57bf9-161a-531a-a7ec-ba50f9b82cae,22000,KZT,2026-06-26T09:00:00+00:00,sim-device-00,MOBILE,BASELINE,AUTHORED_NORMAL,Grocery purchase
c51a9b1d-ebdb-53c7-9c9c-d1256d9c8d26,e2706434-e96b-5194-a25e-736d259ee1fa,f432ddfb-f114-50ee-a37d-97036d31ed8b,31000,KZT,2026-06-26T10:00:00+00:00,sim-device-00,MOBILE,BASELINE,AUTHORED_NORMAL,Monthly utility payment
d5c84a6b-384a-5206-8502-98e2d33cd89f,e2706434-e96b-5194-a25e-736d259ee1fa,14f50457-4937-5d7d-96ef-d0363e535e88,28000,KZT,2026-06-27T09:00:00+00:00,sim-device-00,MOBILE,BASELINE,AUTHORED_NORMAL,Household transfer
c37e9724-75fa-5cb3-8e8a-f2e82adb082e,e2706434-e96b-5194-a25e-736d259ee1fa,55d57bf9-161a-531a-a7ec-ba50f9b82cae,35000,KZT,2026-06-27T10:00:00+00:00,sim-device-00,MOBILE,BASELINE,AUTHORED_NORMAL,Grocery purchase
4b68a459-4dd0-503e-bbce-292eb8af14c2,e2706434-e96b-5194-a25e-736d259ee1fa,f432ddfb-f114-50ee-a37d-97036d31ed8b,26000,KZT,2026-06-28T09:00:00+00:00,sim-device-00,MOBILE,BASELINE,AUTHORED_NORMAL,Monthly utility payment
8cb47c1e-8950-5f25-b251-e8d650a1c786,e2706434-e96b-5194-a25e-736d259ee1fa,14f50457-4937-5d7d-96ef-d0363e535e88,33000,KZT,2026-06-28T10:00:00+00:00,sim-device-00,MOBILE,BASELINE,AUTHORED_NORMAL,Household transfer
3324efd4-8959-5c04-accb-7c3aae875b1a,e2706434-e96b-5194-a25e-736d259ee1fa,55d57bf9-161a-531a-a7ec-ba50f9b82cae,29000,KZT,2026-06-29T09:00:00+00:00,sim-device-00,MOBILE,BASELINE,AUTHORED_NORMAL,Grocery purchase
cfee4760-e23f-529c-b04a-4d6c62102efe,e2706434-e96b-5194-a25e-736d259ee1fa,f432ddfb-f114-50ee-a37d-97036d31ed8b,22000,KZT,2026-06-29T10:00:00+00:00,sim-device-00,MOBILE,BASELINE,AUTHORED_NORMAL,Monthly utility payment
80ecbbd9-d59e-5bb7-a31a-38defc968d30,e2706434-e96b-5194-a25e-736d259ee1fa,14f50457-4937-5d7d-96ef-d0363e535e88,31000,KZT,2026-06-30T09:00:00+00:00,sim-device-00,MOBILE,BASELINE,AUTHORED_NORMAL,Household transfer
ff2e6557-6320-50b4-a238-216ec013769d,e2706434-e96b-5194-a25e-736d259ee1fa,55d57bf9-161a-531a-a7ec-ba50f9b82cae,28000,KZT,2026-06-30T10:00:00+00:00,sim-device-00,MOBILE,BASELINE,AUTHORED_NORMAL,Grocery purchase
c9c8cf97-9541-5447-b407-7454df4e43f1,e2706434-e96b-5194-a25e-736d259ee1fa,f432ddfb-f114-50ee-a37d-97036d31ed8b,35000,KZT,2026-07-01T09:00:00+00:00,sim-device-00,MOBILE,BASELINE,AUTHORED_NORMAL,Monthly utility payment
c82f45a5-4346-57a8-912a-0f6fa2f3ed65,e2706434-e96b-5194-a25e-736d259ee1fa,14f50457-4937-5d7d-96ef-d0363e535e88,26000,KZT,2026-07-01T10:00:00+00:00,sim-device-00,MOBILE,BASELINE,AUTHORED_NORMAL,Household transfer
991e3c4e-c56a-5b1f-8961-90ae8ce37e33,e2706434-e96b-5194-a25e-736d259ee1fa,55d57bf9-161a-531a-a7ec-ba50f9b82cae,33000,KZT,2026-07-02T09:00:00+00:00,sim-device-00,MOBILE,BASELINE,AUTHORED_NORMAL,Grocery purchase
c15f4679-aca9-5a41-bc19-6fbb0ec8ed37,e2706434-e96b-5194-a25e-736d259ee1fa,f432ddfb-f114-50ee-a37d-97036d31ed8b,29000,KZT,2026-07-02T10:00:00+00:00,sim-device-00,MOBILE,BASELINE,AUTHORED_NORMAL,Monthly utility payment
9bc0531f-965c-5998-9537-15056f784fb7,e2706434-e96b-5194-a25e-736d259ee1fa,14f50457-4937-5d7d-96ef-d0363e535e88,22000,KZT,2026-07-03T09:00:00+00:00,sim-device-00,MOBILE,BASELINE,AUTHORED_NORMAL,Household transfer
5d5da3bc-5f20-5072-8949-b55bfc3db49b,e2706434-e96b-5194-a25e-736d259ee1fa,55d57bf9-161a-531a-a7ec-ba50f9b82cae,31000,KZT,2026-07-03T10:00:00+00:00,sim-device-00,MOBILE,BASELINE,AUTHORED_NORMAL,Grocery purchase
c859a8de-be62-55c9-ac5d-7316451f8488,e2706434-e96b-5194-a25e-736d259ee1fa,f432ddfb-f114-50ee-a37d-97036d31ed8b,28000,KZT,2026-07-04T09:00:00+00:00,sim-device-00,MOBILE,BASELINE,AUTHORED_NORMAL,Monthly utility payment
b5a114cb-3e3b-5f84-b285-ef15637e8ca4,e2706434-e96b-5194-a25e-736d259ee1fa,14f50457-4937-5d7d-96ef-d0363e535e88,35000,KZT,2026-07-04T10:00:00+00:00,sim-device-00,MOBILE,BASELINE,AUTHORED_NORMAL,Household transfer
e823b13e-6be8-58d6-84fd-2e74d7c41703,e2706434-e96b-5194-a25e-736d259ee1fa,55d57bf9-161a-531a-a7ec-ba50f9b82cae,26000,KZT,2026-07-05T09:00:00+00:00,sim-device-00,MOBILE,BASELINE,AUTHORED_NORMAL,Grocery purchase
1598a41c-0de3-57bd-9d45-693883f92ec8,e2706434-e96b-5194-a25e-736d259ee1fa,f432ddfb-f114-50ee-a37d-97036d31ed8b,33000,KZT,2026-07-05T10:00:00+00:00,sim-device-00,MOBILE,BASELINE,AUTHORED_NORMAL,Monthly utility payment
a7756b75-f692-5ca5-b22a-ca19a1f72723,e2706434-e96b-5194-a25e-736d259ee1fa,14f50457-4937-5d7d-96ef-d0363e535e88,29000,KZT,2026-07-06T09:00:00+00:00,sim-device-00,MOBILE,BASELINE,AUTHORED_NORMAL,Household transfer
893c7fcf-f349-570b-ba93-3ab609452054,e2706434-e96b-5194-a25e-736d259ee1fa,55d57bf9-161a-531a-a7ec-ba50f9b82cae,22000,KZT,2026-07-06T10:00:00+00:00,sim-device-00,MOBILE,BASELINE,AUTHORED_NORMAL,Grocery purchase
6fa88887-a585-5ef3-9fb5-e747eb97304d,e2706434-e96b-5194-a25e-736d259ee1fa,f432ddfb-f114-50ee-a37d-97036d31ed8b,31000,KZT,2026-07-07T09:00:00+00:00,sim-device-00,MOBILE,BASELINE,AUTHORED_NORMAL,Monthly utility payment
d7c64980-133f-59e6-9978-a21778e36f60,e2706434-e96b-5194-a25e-736d259ee1fa,14f50457-4937-5d7d-96ef-d0363e535e88,28000,KZT,2026-07-07T10:00:00+00:00,sim-device-00,MOBILE,BASELINE,AUTHORED_NORMAL,Household transfer
4a8d04e3-e0c6-546d-b49f-5ecd6d106f98,e2706434-e96b-5194-a25e-736d259ee1fa,55d57bf9-161a-531a-a7ec-ba50f9b82cae,35000,KZT,2026-07-08T09:00:00+00:00,sim-device-00,MOBILE,BASELINE,AUTHORED_NORMAL,Grocery purchase
51f67225-9c68-5e4c-a134-45f90ba795a8,e2706434-e96b-5194-a25e-736d259ee1fa,f432ddfb-f114-50ee-a37d-97036d31ed8b,26000,KZT,2026-07-08T10:00:00+00:00,sim-device-00,MOBILE,BASELINE,AUTHORED_NORMAL,Monthly utility payment
6fd93a38-b55d-5ff0-9803-e7a811b22730,e2706434-e96b-5194-a25e-736d259ee1fa,14f50457-4937-5d7d-96ef-d0363e535e88,33000,KZT,2026-07-09T09:00:00+00:00,sim-device-00,MOBILE,BASELINE,AUTHORED_NORMAL,Household transfer
8779d3b8-7254-512f-8c0b-a037d3cefd7e,e2706434-e96b-5194-a25e-736d259ee1fa,55d57bf9-161a-531a-a7ec-ba50f9b82cae,29000,KZT,2026-07-09T10:00:00+00:00,sim-device-00,MOBILE,BASELINE,AUTHORED_NORMAL,Grocery purchase
825771ca-08c5-52ec-9801-fd88c6928706,e2706434-e96b-5194-a25e-736d259ee1fa,f432ddfb-f114-50ee-a37d-97036d31ed8b,22000,KZT,2026-07-10T09:00:00+00:00,sim-device-00,MOBILE,BASELINE,AUTHORED_NORMAL,Monthly utility payment
0cb5d4be-fcfd-5d72-b926-907785a275f3,e2706434-e96b-5194-a25e-736d259ee1fa,14f50457-4937-5d7d-96ef-d0363e535e88,31000,KZT,2026-07-10T10:00:00+00:00,sim-device-00,MOBILE,BASELINE,AUTHORED_NORMAL,Household transfer
4ebc8115-3da7-5bb4-821b-067c37f22df1,e2706434-e96b-5194-a25e-736d259ee1fa,55d57bf9-161a-531a-a7ec-ba50f9b82cae,28000,KZT,2026-07-11T09:00:00+00:00,sim-device-00,MOBILE,BASELINE,AUTHORED_NORMAL,Grocery purchase
b5c741df-1df6-5713-bc98-42373c32e7bd,e2706434-e96b-5194-a25e-736d259ee1fa,f432ddfb-f114-50ee-a37d-97036d31ed8b,35000,KZT,2026-07-11T10:00:00+00:00,sim-device-00,MOBILE,BASELINE,AUTHORED_NORMAL,Monthly utility payment
a04683fd-c515-5b90-9d5e-6c0e7874ba0d,e2706434-e96b-5194-a25e-736d259ee1fa,14f50457-4937-5d7d-96ef-d0363e535e88,26000,KZT,2026-07-12T09:00:00+00:00,sim-device-00,MOBILE,BASELINE,AUTHORED_NORMAL,Household transfer
101e6da6-ddfb-5f23-ad63-9937f5927071,e2706434-e96b-5194-a25e-736d259ee1fa,55d57bf9-161a-531a-a7ec-ba50f9b82cae,33000,KZT,2026-07-12T10:00:00+00:00,sim-device-00,MOBILE,BASELINE,AUTHORED_NORMAL,Grocery purchase
4b94e022-4ad8-5667-91a8-8f04c3ab5ef6,e2706434-e96b-5194-a25e-736d259ee1fa,f432ddfb-f114-50ee-a37d-97036d31ed8b,29000,KZT,2026-07-13T09:00:00+00:00,sim-device-00,MOBILE,BASELINE,AUTHORED_NORMAL,Monthly utility payment
a82d4ecd-48f8-5709-9e9d-0a6b169cb062,e2706434-e96b-5194-a25e-736d259ee1fa,14f50457-4937-5d7d-96ef-d0363e535e88,22000,KZT,2026-07-13T10:00:00+00:00,sim-device-00,MOBILE,BASELINE,AUTHORED_NORMAL,Household transfer
f1c80dfd-4513-56f5-b41d-7667661a0281,e2706434-e96b-5194-a25e-736d259ee1fa,55d57bf9-161a-531a-a7ec-ba50f9b82cae,31000,KZT,2026-07-14T09:00:00+00:00,sim-device-00,MOBILE,BASELINE,AUTHORED_NORMAL,Grocery purchase
ec293590-6038-5156-95fb-f6565b6a6576,e2706434-e96b-5194-a25e-736d259ee1fa,f432ddfb-f114-50ee-a37d-97036d31ed8b,28000,KZT,2026-07-14T10:00:00+00:00,sim-device-00,MOBILE,BASELINE,AUTHORED_NORMAL,Monthly utility payment
3fcdd4bd-4cf5-5ac9-954f-7862d2c6077a,e2706434-e96b-5194-a25e-736d259ee1fa,14f50457-4937-5d7d-96ef-d0363e535e88,35000,KZT,2026-07-15T09:00:00+00:00,sim-device-00,MOBILE,BASELINE,AUTHORED_NORMAL,Household transfer
fcdfa670-bb9d-595c-a634-7a5059e8a0a2,e2706434-e96b-5194-a25e-736d259ee1fa,55d57bf9-161a-531a-a7ec-ba50f9b82cae,26000,KZT,2026-07-15T10:00:00+00:00,sim-device-00,MOBILE,BASELINE,AUTHORED_NORMAL,Grocery purchase
909de26f-9532-51ef-a528-1045af48e4b3,e2706434-e96b-5194-a25e-736d259ee1fa,f432ddfb-f114-50ee-a37d-97036d31ed8b,33000,KZT,2026-07-16T09:00:00+00:00,sim-device-00,MOBILE,BASELINE,AUTHORED_NORMAL,Monthly utility payment
95fc8f8c-4e2b-5b87-88c5-bd4723fbf669,e2706434-e96b-5194-a25e-736d259ee1fa,14f50457-4937-5d7d-96ef-d0363e535e88,29000,KZT,2026-07-16T10:00:00+00:00,sim-device-00,MOBILE,BASELINE,AUTHORED_NORMAL,Household transfer
40ea949a-0929-5527-ab30-0e6ead36f923,e2706434-e96b-5194-a25e-736d259ee1fa,55d57bf9-161a-531a-a7ec-ba50f9b82cae,22000,KZT,2026-07-17T09:00:00+00:00,sim-device-00,MOBILE,BASELINE,AUTHORED_NORMAL,Grocery purchase
fee33bd5-d137-555c-9791-6583c1ff4cdf,e2706434-e96b-5194-a25e-736d259ee1fa,f432ddfb-f114-50ee-a37d-97036d31ed8b,31000,KZT,2026-07-17T10:00:00+00:00,sim-device-00,MOBILE,BASELINE,AUTHORED_NORMAL,Monthly utility payment
2c583cfa-39a6-53f6-bff2-98068229d801,e2706434-e96b-5194-a25e-736d259ee1fa,14f50457-4937-5d7d-96ef-d0363e535e88,28000,KZT,2026-07-18T09:00:00+00:00,sim-device-00,MOBILE,BASELINE,AUTHORED_NORMAL,Household transfer
25ff628a-53cd-5afc-bcb6-8f5fbc329d36,e2706434-e96b-5194-a25e-736d259ee1fa,55d57bf9-161a-531a-a7ec-ba50f9b82cae,35000,KZT,2026-07-18T10:00:00+00:00,sim-device-00,MOBILE,BASELINE,AUTHORED_NORMAL,Grocery purchase
80f1825b-f578-5c3c-beb8-cb351cfa8c2c,e2706434-e96b-5194-a25e-736d259ee1fa,f432ddfb-f114-50ee-a37d-97036d31ed8b,26000,KZT,2026-07-19T09:00:00+00:00,sim-device-00,MOBILE,BASELINE,AUTHORED_NORMAL,Monthly utility payment
3921ef5d-49e4-5f19-8bf5-26a7ec7a6fb6,e2706434-e96b-5194-a25e-736d259ee1fa,14f50457-4937-5d7d-96ef-d0363e535e88,33000,KZT,2026-07-19T10:00:00+00:00,sim-device-00,MOBILE,BASELINE,AUTHORED_NORMAL,Household transfer
cd79326c-a73f-50ef-999e-1249b0ddc611,e2706434-e96b-5194-a25e-736d259ee1fa,55d57bf9-161a-531a-a7ec-ba50f9b82cae,29000,KZT,2026-07-20T09:00:00+00:00,sim-device-00,MOBILE,BASELINE,AUTHORED_NORMAL,Grocery purchase
478b2fef-e530-5a9a-9099-d282646cd631,e2706434-e96b-5194-a25e-736d259ee1fa,f432ddfb-f114-50ee-a37d-97036d31ed8b,22000,KZT,2026-07-20T10:00:00+00:00,sim-device-00,MOBILE,BASELINE,AUTHORED_NORMAL,Monthly utility payment
4138494b-7b5d-5c52-a3ca-d29ba449cd0c,e2706434-e96b-5194-a25e-736d259ee1fa,14f50457-4937-5d7d-96ef-d0363e535e88,31000,KZT,2026-07-21T09:00:00+00:00,sim-device-00,MOBILE,BASELINE,AUTHORED_NORMAL,Household transfer
51f21f96-7812-5dbd-9c8f-2599583ed6c2,e2706434-e96b-5194-a25e-736d259ee1fa,55d57bf9-161a-531a-a7ec-ba50f9b82cae,28000,KZT,2026-07-21T10:00:00+00:00,sim-device-00,MOBILE,BASELINE,AUTHORED_NORMAL,Grocery purchase
710308dc-3436-5dc7-a26f-1062c4c82805,e2706434-e96b-5194-a25e-736d259ee1fa,f432ddfb-f114-50ee-a37d-97036d31ed8b,35000,KZT,2026-07-22T09:00:00+00:00,sim-device-00,MOBILE,BASELINE,AUTHORED_NORMAL,Monthly utility payment
5a6570d2-0bce-51d2-800b-23d07bf0f9bd,e2706434-e96b-5194-a25e-736d259ee1fa,14f50457-4937-5d7d-96ef-d0363e535e88,26000,KZT,2026-07-22T10:00:00+00:00,sim-device-00,MOBILE,BASELINE,AUTHORED_NORMAL,Household transfer
e13c4420-8730-51fa-99fd-2ba1f836cb20,e2706434-e96b-5194-a25e-736d259ee1fa,55d57bf9-161a-531a-a7ec-ba50f9b82cae,33000,KZT,2026-07-23T09:00:00+00:00,sim-device-00,MOBILE,BASELINE,AUTHORED_NORMAL,Grocery purchase
106f48f5-84c1-5399-82c4-e7c23b7c00eb,e2706434-e96b-5194-a25e-736d259ee1fa,f432ddfb-f114-50ee-a37d-97036d31ed8b,29000,KZT,2026-07-23T10:00:00+00:00,sim-device-00,MOBILE,BASELINE,AUTHORED_NORMAL,Monthly utility payment
1b2ca2d8-e2b4-590e-ad6e-fad44944c64f,e2706434-e96b-5194-a25e-736d259ee1fa,14f50457-4937-5d7d-96ef-d0363e535e88,22000,KZT,2026-07-24T09:00:00+00:00,sim-device-00,MOBILE,BASELINE,AUTHORED_NORMAL,Household transfer
3ebd65fd-3a78-569d-a0d2-9e372e399cdc,e2706434-e96b-5194-a25e-736d259ee1fa,55d57bf9-161a-531a-a7ec-ba50f9b82cae,31000,KZT,2026-07-24T10:00:00+00:00,sim-device-00,MOBILE,BASELINE,AUTHORED_NORMAL,Grocery purchase
f1297ea1-ffec-59a8-9803-fc0f458186c3,e2706434-e96b-5194-a25e-736d259ee1fa,f432ddfb-f114-50ee-a37d-97036d31ed8b,28000,KZT,2026-07-25T09:00:00+00:00,sim-device-00,MOBILE,BASELINE,AUTHORED_NORMAL,Monthly utility payment
a6bac145-2c8c-5473-b7b6-2afaa3c967eb,e2706434-e96b-5194-a25e-736d259ee1fa,14f50457-4937-5d7d-96ef-d0363e535e88,35000,KZT,2026-07-25T10:00:00+00:00,sim-device-00,MOBILE,BASELINE,AUTHORED_NORMAL,Household transfer
c1d825ef-5196-543f-9868-efc806628c77,e2706434-e96b-5194-a25e-736d259ee1fa,55d57bf9-161a-531a-a7ec-ba50f9b82cae,26000,KZT,2026-07-26T09:00:00+00:00,sim-device-00,MOBILE,BASELINE,AUTHORED_NORMAL,Grocery purchase
45f8da3f-b53a-553a-8f51-a1f0ecd0fd08,e2706434-e96b-5194-a25e-736d259ee1fa,f432ddfb-f114-50ee-a37d-97036d31ed8b,33000,KZT,2026-07-26T10:00:00+00:00,sim-device-00,MOBILE,BASELINE,AUTHORED_NORMAL,Monthly utility payment
e303835d-9793-5872-8c47-8c3824c3063b,e2706434-e96b-5194-a25e-736d259ee1fa,14f50457-4937-5d7d-96ef-d0363e535e88,29000,KZT,2026-07-27T09:00:00+00:00,sim-device-00,MOBILE,BASELINE,AUTHORED_NORMAL,Household transfer
a7efa2e0-3bc2-5951-a5a8-1dc52850371d,e2706434-e96b-5194-a25e-736d259ee1fa,55d57bf9-161a-531a-a7ec-ba50f9b82cae,22000,KZT,2026-07-27T10:00:00+00:00,sim-device-00,MOBILE,BASELINE,AUTHORED_NORMAL,Grocery purchase
9ba25266-63ff-5cd2-9d3a-769abda3b442,e2706434-e96b-5194-a25e-736d259ee1fa,f432ddfb-f114-50ee-a37d-97036d31ed8b,31000,KZT,2026-07-28T09:00:00+00:00,sim-device-00,MOBILE,BASELINE,AUTHORED_NORMAL,Monthly utility payment
405a4efc-5bf1-5b6d-be88-f908348ab91e,e2706434-e96b-5194-a25e-736d259ee1fa,14f50457-4937-5d7d-96ef-d0363e535e88,28000,KZT,2026-07-28T10:00:00+00:00,sim-device-00,MOBILE,BASELINE,AUTHORED_NORMAL,Household transfer
3a8b2991-16fa-5ef0-9bcc-2acc88ac79f6,e2706434-e96b-5194-a25e-736d259ee1fa,55d57bf9-161a-531a-a7ec-ba50f9b82cae,35000,KZT,2026-07-29T09:00:00+00:00,sim-device-00,MOBILE,BASELINE,AUTHORED_NORMAL,Grocery purchase
7e793bfc-707d-54cc-9337-3b843eb720c5,e2706434-e96b-5194-a25e-736d259ee1fa,f432ddfb-f114-50ee-a37d-97036d31ed8b,26000,KZT,2026-07-29T10:00:00+00:00,sim-device-00,MOBILE,BASELINE,AUTHORED_NORMAL,Monthly utility payment
b1c2a882-5ac3-578f-a730-9784ecf40ff6,e2706434-e96b-5194-a25e-736d259ee1fa,14f50457-4937-5d7d-96ef-d0363e535e88,33000,KZT,2026-07-30T09:00:00+00:00,sim-device-00,MOBILE,BASELINE,AUTHORED_NORMAL,Household transfer
1d4fba2f-8458-50a2-af86-4020f6d7e9f1,e2706434-e96b-5194-a25e-736d259ee1fa,55d57bf9-161a-531a-a7ec-ba50f9b82cae,29000,KZT,2026-07-30T10:00:00+00:00,sim-device-00,MOBILE,BASELINE,AUTHORED_NORMAL,Grocery purchase
4a1b7623-8d49-592b-97c5-b70c6a544ad0,e2706434-e96b-5194-a25e-736d259ee1fa,f432ddfb-f114-50ee-a37d-97036d31ed8b,22000,KZT,2026-07-31T09:00:00+00:00,sim-device-00,MOBILE,BASELINE,AUTHORED_NORMAL,Monthly utility payment
5102920d-135e-5af3-b17f-dd5a44f4293b,e2706434-e96b-5194-a25e-736d259ee1fa,14f50457-4937-5d7d-96ef-d0363e535e88,31000,KZT,2026-07-31T10:00:00+00:00,sim-device-00,MOBILE,BASELINE,AUTHORED_NORMAL,Household transfer
274ee17d-8c8b-51c2-9491-36fcf65f6ed9,e2706434-e96b-5194-a25e-736d259ee1fa,55d57bf9-161a-531a-a7ec-ba50f9b82cae,28000,KZT,2026-08-01T09:00:00+00:00,sim-device-00,MOBILE,BASELINE,AUTHORED_NORMAL,Grocery purchase
a416fe10-0e04-5046-8925-44f672769504,e2706434-e96b-5194-a25e-736d259ee1fa,f432ddfb-f114-50ee-a37d-97036d31ed8b,35000,KZT,2026-08-01T10:00:00+00:00,sim-device-00,MOBILE,BASELINE,AUTHORED_NORMAL,Monthly utility payment
69a79f78-c7ea-5976-8912-bbdbd843fcfb,e2706434-e96b-5194-a25e-736d259ee1fa,14f50457-4937-5d7d-96ef-d0363e535e88,26000,KZT,2026-08-02T09:00:00+00:00,sim-device-00,MOBILE,BASELINE,AUTHORED_NORMAL,Household transfer
094f14e0-3bf2-57df-bd79-7af601c3f523,e2706434-e96b-5194-a25e-736d259ee1fa,55d57bf9-161a-531a-a7ec-ba50f9b82cae,33000,KZT,2026-08-02T10:00:00+00:00,sim-device-00,MOBILE,BASELINE,AUTHORED_NORMAL,Grocery purchase
927611a7-e90f-5c2d-89bc-1f2c0bb09994,e2706434-e96b-5194-a25e-736d259ee1fa,f432ddfb-f114-50ee-a37d-97036d31ed8b,29000,KZT,2026-08-03T09:00:00+00:00,sim-device-00,MOBILE,BASELINE,AUTHORED_NORMAL,Monthly utility payment
6bf883e6-b2d9-59d0-aac8-2f0bd9d5fa2c,e2706434-e96b-5194-a25e-736d259ee1fa,14f50457-4937-5d7d-96ef-d0363e535e88,22000,KZT,2026-08-03T10:00:00+00:00,sim-device-00,MOBILE,BASELINE,AUTHORED_NORMAL,Household transfer
9499a1da-0ee9-5551-bb74-0c7e74492bcc,e2706434-e96b-5194-a25e-736d259ee1fa,55d57bf9-161a-531a-a7ec-ba50f9b82cae,31000,KZT,2026-08-04T09:00:00+00:00,sim-device-00,MOBILE,BASELINE,AUTHORED_NORMAL,Grocery purchase
4789a6ec-34de-57fe-9e42-f08641e47cce,e2706434-e96b-5194-a25e-736d259ee1fa,f432ddfb-f114-50ee-a37d-97036d31ed8b,28000,KZT,2026-08-04T10:00:00+00:00,sim-device-00,MOBILE,BASELINE,AUTHORED_NORMAL,Monthly utility payment
a2969608-4c2e-57c7-93e1-b4f2e973a7eb,e2706434-e96b-5194-a25e-736d259ee1fa,14f50457-4937-5d7d-96ef-d0363e535e88,35000,KZT,2026-08-05T09:00:00+00:00,sim-device-00,MOBILE,BASELINE,AUTHORED_NORMAL,Household transfer
184b2d90-8c55-54b7-a397-2a6165ee2175,e2706434-e96b-5194-a25e-736d259ee1fa,55d57bf9-161a-531a-a7ec-ba50f9b82cae,26000,KZT,2026-08-05T10:00:00+00:00,sim-device-00,MOBILE,BASELINE,AUTHORED_NORMAL,Grocery purchase
0ac9960e-0d92-5818-9fd4-63eaa07a4f89,e2706434-e96b-5194-a25e-736d259ee1fa,f432ddfb-f114-50ee-a37d-97036d31ed8b,33000,KZT,2026-08-06T09:00:00+00:00,sim-device-00,MOBILE,BASELINE,AUTHORED_NORMAL,Monthly utility payment
552998a5-1c23-5ee9-a9b7-f3fcba48d776,e2706434-e96b-5194-a25e-736d259ee1fa,14f50457-4937-5d7d-96ef-d0363e535e88,29000,KZT,2026-08-06T10:00:00+00:00,sim-device-00,MOBILE,BASELINE,AUTHORED_NORMAL,Household transfer
ce52a8dd-6c16-5a50-910d-e3350d269510,e2706434-e96b-5194-a25e-736d259ee1fa,55d57bf9-161a-531a-a7ec-ba50f9b82cae,22000,KZT,2026-08-07T09:00:00+00:00,sim-device-00,MOBILE,BASELINE,AUTHORED_NORMAL,Grocery purchase
dc2c28f0-45f1-5ddb-9cbc-21bd47ede128,e2706434-e96b-5194-a25e-736d259ee1fa,f432ddfb-f114-50ee-a37d-97036d31ed8b,31000,KZT,2026-08-07T10:00:00+00:00,sim-device-00,MOBILE,BASELINE,AUTHORED_NORMAL,Monthly utility payment
4bd411b7-a6e1-5898-8325-f3e281af57b7,e2706434-e96b-5194-a25e-736d259ee1fa,14f50457-4937-5d7d-96ef-d0363e535e88,28000,KZT,2026-08-08T09:00:00+00:00,sim-device-00,MOBILE,BASELINE,AUTHORED_NORMAL,Household transfer
0b771274-1b2c-5ff2-b0a0-0fb8588e7873,e2706434-e96b-5194-a25e-736d259ee1fa,55d57bf9-161a-531a-a7ec-ba50f9b82cae,35000,KZT,2026-08-08T10:00:00+00:00,sim-device-00,MOBILE,BASELINE,AUTHORED_NORMAL,Grocery purchase
beb14c18-0eff-58cd-b3b9-fee60d561ca7,e2706434-e96b-5194-a25e-736d259ee1fa,f432ddfb-f114-50ee-a37d-97036d31ed8b,26000,KZT,2026-08-09T09:00:00+00:00,sim-device-00,MOBILE,BASELINE,AUTHORED_NORMAL,Monthly utility payment
16089719-3e44-546e-a894-351255bda72c,e2706434-e96b-5194-a25e-736d259ee1fa,14f50457-4937-5d7d-96ef-d0363e535e88,33000,KZT,2026-08-09T10:00:00+00:00,sim-device-00,MOBILE,BASELINE,AUTHORED_NORMAL,Household transfer
283038a5-be48-57f6-ac4f-0fbc913c2c77,e2706434-e96b-5194-a25e-736d259ee1fa,55d57bf9-161a-531a-a7ec-ba50f9b82cae,29000,KZT,2026-08-10T09:00:00+00:00,sim-device-00,MOBILE,BASELINE,AUTHORED_NORMAL,Grocery purchase
e001dcb5-eb1e-5ae1-8634-396f0ab8bb6f,e2706434-e96b-5194-a25e-736d259ee1fa,f432ddfb-f114-50ee-a37d-97036d31ed8b,22000,KZT,2026-08-10T10:00:00+00:00,sim-device-00,MOBILE,BASELINE,AUTHORED_NORMAL,Monthly utility payment
a38a4d7b-7193-5c4d-b4d2-6e0cab68112e,e2706434-e96b-5194-a25e-736d259ee1fa,14f50457-4937-5d7d-96ef-d0363e535e88,31000,KZT,2026-08-11T09:00:00+00:00,sim-device-00,MOBILE,BASELINE,AUTHORED_NORMAL,Household transfer
579d68f6-aa05-5d90-b503-99d92dcb3577,e2706434-e96b-5194-a25e-736d259ee1fa,55d57bf9-161a-531a-a7ec-ba50f9b82cae,28000,KZT,2026-08-11T10:00:00+00:00,sim-device-00,MOBILE,BASELINE,AUTHORED_NORMAL,Grocery purchase
5df0e213-f9ab-59d5-b9a3-e89d1b707b6d,e2706434-e96b-5194-a25e-736d259ee1fa,f432ddfb-f114-50ee-a37d-97036d31ed8b,35000,KZT,2026-08-12T09:00:00+00:00,sim-device-00,MOBILE,BASELINE,AUTHORED_NORMAL,Monthly utility payment
1bda8cd3-c67c-5a82-8688-a1efb779dcf7,e2706434-e96b-5194-a25e-736d259ee1fa,14f50457-4937-5d7d-96ef-d0363e535e88,26000,KZT,2026-08-12T10:00:00+00:00,sim-device-00,MOBILE,BASELINE,AUTHORED_NORMAL,Household transfer
50e078e1-9961-5c3e-9269-f7ef2287e904,e2706434-e96b-5194-a25e-736d259ee1fa,55d57bf9-161a-531a-a7ec-ba50f9b82cae,33000,KZT,2026-08-13T09:00:00+00:00,sim-device-00,MOBILE,BASELINE,AUTHORED_NORMAL,Grocery purchase
05a7022a-6db3-5bb8-9745-2d529401b097,e2706434-e96b-5194-a25e-736d259ee1fa,f432ddfb-f114-50ee-a37d-97036d31ed8b,29000,KZT,2026-08-13T10:00:00+00:00,sim-device-00,MOBILE,BASELINE,AUTHORED_NORMAL,Monthly utility payment
f06365d5-f31d-596e-9cb2-0b98e1691a62,e2706434-e96b-5194-a25e-736d259ee1fa,14f50457-4937-5d7d-96ef-d0363e535e88,22000,KZT,2026-08-14T09:00:00+00:00,sim-device-00,MOBILE,BASELINE,AUTHORED_NORMAL,Household transfer
8d57ad92-6404-5414-bd9c-e55243224bcb,e2706434-e96b-5194-a25e-736d259ee1fa,55d57bf9-161a-531a-a7ec-ba50f9b82cae,31000,KZT,2026-08-14T10:00:00+00:00,sim-device-00,MOBILE,BASELINE,AUTHORED_NORMAL,Grocery purchase
de27a155-bee5-5d02-86dd-28419d82b6de,e2706434-e96b-5194-a25e-736d259ee1fa,f432ddfb-f114-50ee-a37d-97036d31ed8b,28000,KZT,2026-08-15T09:00:00+00:00,sim-device-00,MOBILE,BASELINE,AUTHORED_NORMAL,Monthly utility payment
7731ba10-9c88-59b7-83f5-3f4536c5c012,e2706434-e96b-5194-a25e-736d259ee1fa,14f50457-4937-5d7d-96ef-d0363e535e88,35000,KZT,2026-08-15T10:00:00+00:00,sim-device-00,MOBILE,BASELINE,AUTHORED_NORMAL,Household transfer
6e90df1b-8eff-5088-af0f-d9912117511a,e2706434-e96b-5194-a25e-736d259ee1fa,55d57bf9-161a-531a-a7ec-ba50f9b82cae,26000,KZT,2026-08-16T09:00:00+00:00,sim-device-00,MOBILE,BASELINE,AUTHORED_NORMAL,Grocery purchase
b0ea79be-4410-5d11-b478-620ec2193ab1,e2706434-e96b-5194-a25e-736d259ee1fa,f432ddfb-f114-50ee-a37d-97036d31ed8b,33000,KZT,2026-08-16T10:00:00+00:00,sim-device-00,MOBILE,BASELINE,AUTHORED_NORMAL,Monthly utility payment
39b17a7a-4ecc-5aae-8a5c-b83c0eb2da49,e2706434-e96b-5194-a25e-736d259ee1fa,14f50457-4937-5d7d-96ef-d0363e535e88,29000,KZT,2026-08-17T09:00:00+00:00,sim-device-00,MOBILE,BASELINE,AUTHORED_NORMAL,Household transfer
ae30a448-4be8-5a4f-b762-a7724071ee36,e2706434-e96b-5194-a25e-736d259ee1fa,55d57bf9-161a-531a-a7ec-ba50f9b82cae,22000,KZT,2026-08-17T10:00:00+00:00,sim-device-00,MOBILE,BASELINE,AUTHORED_NORMAL,Grocery purchase
d40ef6f8-685e-5b26-a0c4-0b657a28a450,e2706434-e96b-5194-a25e-736d259ee1fa,f432ddfb-f114-50ee-a37d-97036d31ed8b,31000,KZT,2026-08-18T09:00:00+00:00,sim-device-00,MOBILE,BASELINE,AUTHORED_NORMAL,Monthly utility payment
f5d1ca34-63da-5492-872d-870cd4c83a44,e2706434-e96b-5194-a25e-736d259ee1fa,14f50457-4937-5d7d-96ef-d0363e535e88,28000,KZT,2026-08-18T10:00:00+00:00,sim-device-00,MOBILE,BASELINE,AUTHORED_NORMAL,Household transfer
02cc920e-1b1f-53b8-b578-0ba8ea09a67f,e2706434-e96b-5194-a25e-736d259ee1fa,55d57bf9-161a-531a-a7ec-ba50f9b82cae,35000,KZT,2026-08-19T09:00:00+00:00,sim-device-00,MOBILE,BASELINE,AUTHORED_NORMAL,Grocery purchase
92075e06-b11e-59e6-83ae-ddbe0dd39da6,e2706434-e96b-5194-a25e-736d259ee1fa,f432ddfb-f114-50ee-a37d-97036d31ed8b,26000,KZT,2026-08-19T10:00:00+00:00,sim-device-00,MOBILE,BASELINE,AUTHORED_NORMAL,Monthly utility payment
f576217e-74fb-5b11-8875-8ff7bec1e794,e2706434-e96b-5194-a25e-736d259ee1fa,14f50457-4937-5d7d-96ef-d0363e535e88,33000,KZT,2026-08-20T09:00:00+00:00,sim-device-00,MOBILE,BASELINE,AUTHORED_NORMAL,Household transfer
92514949-0005-5af0-bdf0-3fe9c6c99af9,e2706434-e96b-5194-a25e-736d259ee1fa,55d57bf9-161a-531a-a7ec-ba50f9b82cae,29000,KZT,2026-08-20T10:00:00+00:00,sim-device-00,MOBILE,BASELINE,AUTHORED_NORMAL,Grocery purchase
1c409a36-3264-569e-a22a-c37aa3b69c3d,e2706434-e96b-5194-a25e-736d259ee1fa,f432ddfb-f114-50ee-a37d-97036d31ed8b,22000,KZT,2026-08-21T09:00:00+00:00,sim-device-00,MOBILE,BASELINE,AUTHORED_NORMAL,Monthly utility payment
ccf08769-284e-5460-bda3-c04ab7517abe,e2706434-e96b-5194-a25e-736d259ee1fa,14f50457-4937-5d7d-96ef-d0363e535e88,31000,KZT,2026-08-21T10:00:00+00:00,sim-device-00,MOBILE,BASELINE,AUTHORED_NORMAL,Household transfer
ea5a79a7-be5a-576b-bccf-cb3bc640e695,e2706434-e96b-5194-a25e-736d259ee1fa,55d57bf9-161a-531a-a7ec-ba50f9b82cae,28000,KZT,2026-08-22T09:00:00+00:00,sim-device-00,MOBILE,BASELINE,AUTHORED_NORMAL,Grocery purchase
a90ba912-c740-582b-a8e3-f502d29cf546,e2706434-e96b-5194-a25e-736d259ee1fa,f432ddfb-f114-50ee-a37d-97036d31ed8b,35000,KZT,2026-08-22T10:00:00+00:00,sim-device-00,MOBILE,BASELINE,AUTHORED_NORMAL,Monthly utility payment
da179fab-fa00-5c46-ae3e-fffede43dfa3,e2706434-e96b-5194-a25e-736d259ee1fa,14f50457-4937-5d7d-96ef-d0363e535e88,26000,KZT,2026-08-23T09:00:00+00:00,sim-device-00,MOBILE,BASELINE,AUTHORED_NORMAL,Household transfer
f44d1567-9efc-5791-85e6-5814df7c54df,e2706434-e96b-5194-a25e-736d259ee1fa,55d57bf9-161a-531a-a7ec-ba50f9b82cae,33000,KZT,2026-08-23T10:00:00+00:00,sim-device-00,MOBILE,BASELINE,AUTHORED_NORMAL,Grocery purchase
23cb956b-d624-5aa2-acc9-88d3e36ccda9,e2706434-e96b-5194-a25e-736d259ee1fa,f432ddfb-f114-50ee-a37d-97036d31ed8b,29000,KZT,2026-08-24T09:00:00+00:00,sim-device-00,MOBILE,BASELINE,AUTHORED_NORMAL,Monthly utility payment
54ecc7a6-203e-566c-b476-c780ad1d9694,e2706434-e96b-5194-a25e-736d259ee1fa,14f50457-4937-5d7d-96ef-d0363e535e88,22000,KZT,2026-08-24T10:00:00+00:00,sim-device-00,MOBILE,BASELINE,AUTHORED_NORMAL,Household transfer
46e82a9a-3964-53c5-86ae-c7f65b617397,e2706434-e96b-5194-a25e-736d259ee1fa,55d57bf9-161a-531a-a7ec-ba50f9b82cae,31000,KZT,2026-08-25T09:00:00+00:00,sim-device-00,MOBILE,BASELINE,AUTHORED_NORMAL,Grocery purchase
7ecb153b-504a-5e09-968c-c88a564600cb,e2706434-e96b-5194-a25e-736d259ee1fa,f432ddfb-f114-50ee-a37d-97036d31ed8b,28000,KZT,2026-08-25T10:00:00+00:00,sim-device-00,MOBILE,BASELINE,AUTHORED_NORMAL,Monthly utility payment
7c71a139-bcf8-5d7d-9b0a-f8ba8a645692,e2706434-e96b-5194-a25e-736d259ee1fa,14f50457-4937-5d7d-96ef-d0363e535e88,35000,KZT,2026-08-26T09:00:00+00:00,sim-device-00,MOBILE,BASELINE,AUTHORED_NORMAL,Household transfer
fa5248ab-efce-5211-8f15-527190473929,e2706434-e96b-5194-a25e-736d259ee1fa,55d57bf9-161a-531a-a7ec-ba50f9b82cae,26000,KZT,2026-08-26T10:00:00+00:00,sim-device-00,MOBILE,BASELINE,AUTHORED_NORMAL,Grocery purchase
10b42eac-c241-5a1e-be52-b93d133bb3c9,e2706434-e96b-5194-a25e-736d259ee1fa,f432ddfb-f114-50ee-a37d-97036d31ed8b,33000,KZT,2026-08-27T09:00:00+00:00,sim-device-00,MOBILE,BASELINE,AUTHORED_NORMAL,Monthly utility payment
f7308691-de6d-51a4-9a25-9ff50d6dd32d,e2706434-e96b-5194-a25e-736d259ee1fa,14f50457-4937-5d7d-96ef-d0363e535e88,29000,KZT,2026-08-27T10:00:00+00:00,sim-device-00,MOBILE,BASELINE,AUTHORED_NORMAL,Household transfer
5448f8b0-f732-597e-bd8b-eb7922d5bb5d,e2706434-e96b-5194-a25e-736d259ee1fa,55d57bf9-161a-531a-a7ec-ba50f9b82cae,22000,KZT,2026-08-28T09:00:00+00:00,sim-device-00,MOBILE,BASELINE,AUTHORED_NORMAL,Grocery purchase
364c2a0d-4277-5da7-8225-8069d38b9e6c,e2706434-e96b-5194-a25e-736d259ee1fa,f432ddfb-f114-50ee-a37d-97036d31ed8b,31000,KZT,2026-08-28T10:00:00+00:00,sim-device-00,MOBILE,BASELINE,AUTHORED_NORMAL,Monthly utility payment
aadc1a1a-0a85-5ef3-9a8f-2ee494877ad9,e2706434-e96b-5194-a25e-736d259ee1fa,14f50457-4937-5d7d-96ef-d0363e535e88,28000,KZT,2026-08-29T09:00:00+00:00,sim-device-00,MOBILE,BASELINE,AUTHORED_NORMAL,Household transfer
fcf100bd-c159-5747-9404-d5a1cbdf18da,e2706434-e96b-5194-a25e-736d259ee1fa,55d57bf9-161a-531a-a7ec-ba50f9b82cae,35000,KZT,2026-08-29T10:00:00+00:00,sim-device-00,MOBILE,BASELINE,AUTHORED_NORMAL,Grocery purchase
bd9e8938-6b21-50ce-b154-49849a426376,e2706434-e96b-5194-a25e-736d259ee1fa,f432ddfb-f114-50ee-a37d-97036d31ed8b,26000,KZT,2026-08-30T09:00:00+00:00,sim-device-00,MOBILE,BASELINE,AUTHORED_NORMAL,Monthly utility payment
95fd4a31-ca90-5e63-ad56-1bd082a0da64,e2706434-e96b-5194-a25e-736d259ee1fa,14f50457-4937-5d7d-96ef-d0363e535e88,33000,KZT,2026-08-30T10:00:00+00:00,sim-device-00,MOBILE,BASELINE,AUTHORED_NORMAL,Household transfer
e4500132-8ac2-5bc7-a5bf-9b4f35ad1e79,e2706434-e96b-5194-a25e-736d259ee1fa,55d57bf9-161a-531a-a7ec-ba50f9b82cae,29000,KZT,2026-08-31T09:00:00+00:00,sim-device-00,MOBILE,BASELINE,AUTHORED_NORMAL,Grocery purchase
19ab7f17-d5f4-5a6c-a09b-d04436f28fe9,e2706434-e96b-5194-a25e-736d259ee1fa,f432ddfb-f114-50ee-a37d-97036d31ed8b,22000,KZT,2026-08-31T10:00:00+00:00,sim-device-00,MOBILE,BASELINE,AUTHORED_NORMAL,Monthly utility payment
5271f59c-d94e-5d03-92a2-ef472f469f77,e2706434-e96b-5194-a25e-736d259ee1fa,14f50457-4937-5d7d-96ef-d0363e535e88,31000,KZT,2026-09-01T09:00:00+00:00,sim-device-00,MOBILE,BASELINE,AUTHORED_NORMAL,Household transfer
7a106e8a-3711-5d92-a548-2f02b1da708a,e2706434-e96b-5194-a25e-736d259ee1fa,55d57bf9-161a-531a-a7ec-ba50f9b82cae,28000,KZT,2026-09-01T10:00:00+00:00,sim-device-00,MOBILE,BASELINE,AUTHORED_NORMAL,Grocery purchase
2ce173db-e76d-5804-907f-2912ce1842c0,e2706434-e96b-5194-a25e-736d259ee1fa,f432ddfb-f114-50ee-a37d-97036d31ed8b,35000,KZT,2026-09-02T09:00:00+00:00,sim-device-00,MOBILE,BASELINE,AUTHORED_NORMAL,Monthly utility payment
e7b1bcb3-5cb1-5f69-bfa3-df5d8d0e9cfb,e2706434-e96b-5194-a25e-736d259ee1fa,14f50457-4937-5d7d-96ef-d0363e535e88,26000,KZT,2026-09-02T10:00:00+00:00,sim-device-00,MOBILE,BASELINE,AUTHORED_NORMAL,Household transfer
970f0a2a-0716-5f40-8ca3-32757e60b2ea,e2706434-e96b-5194-a25e-736d259ee1fa,55d57bf9-161a-531a-a7ec-ba50f9b82cae,33000,KZT,2026-09-03T09:00:00+00:00,sim-device-00,MOBILE,BASELINE,AUTHORED_NORMAL,Grocery purchase
e22ed7d8-10c8-585f-81b7-6647c79c8f45,e2706434-e96b-5194-a25e-736d259ee1fa,f432ddfb-f114-50ee-a37d-97036d31ed8b,29000,KZT,2026-09-03T10:00:00+00:00,sim-device-00,MOBILE,BASELINE,AUTHORED_NORMAL,Monthly utility payment
08d479ce-6ce3-50ef-a4a8-06e788d9d950,e2706434-e96b-5194-a25e-736d259ee1fa,14f50457-4937-5d7d-96ef-d0363e535e88,22000,KZT,2026-09-04T09:00:00+00:00,sim-device-00,MOBILE,BASELINE,AUTHORED_NORMAL,Household transfer
0e6dd71b-827c-5f2c-9a72-a9d879cb1d56,e2706434-e96b-5194-a25e-736d259ee1fa,55d57bf9-161a-531a-a7ec-ba50f9b82cae,31000,KZT,2026-09-04T10:00:00+00:00,sim-device-00,MOBILE,BASELINE,AUTHORED_NORMAL,Grocery purchase
8ed866c1-ad9a-51b6-ada8-58cb5a697863,e2706434-e96b-5194-a25e-736d259ee1fa,f432ddfb-f114-50ee-a37d-97036d31ed8b,28000,KZT,2026-09-05T09:00:00+00:00,sim-device-00,MOBILE,BASELINE,AUTHORED_NORMAL,Monthly utility payment
4269093c-4997-5df4-bdf1-d0a197e78f00,e2706434-e96b-5194-a25e-736d259ee1fa,14f50457-4937-5d7d-96ef-d0363e535e88,35000,KZT,2026-09-05T10:00:00+00:00,sim-device-00,MOBILE,BASELINE,AUTHORED_NORMAL,Household transfer
4b16b175-7058-5722-94a4-0a93bc2cfd53,e2706434-e96b-5194-a25e-736d259ee1fa,55d57bf9-161a-531a-a7ec-ba50f9b82cae,26000,KZT,2026-09-06T09:00:00+00:00,sim-device-00,MOBILE,BASELINE,AUTHORED_NORMAL,Grocery purchase
0902a9dd-6872-5dc6-91f4-56d2bdd71267,e2706434-e96b-5194-a25e-736d259ee1fa,f432ddfb-f114-50ee-a37d-97036d31ed8b,33000,KZT,2026-09-06T10:00:00+00:00,sim-device-00,MOBILE,BASELINE,AUTHORED_NORMAL,Monthly utility payment
66e7bb62-783e-5237-bac5-ad8c31c58114,e2706434-e96b-5194-a25e-736d259ee1fa,14f50457-4937-5d7d-96ef-d0363e535e88,29000,KZT,2026-09-07T09:00:00+00:00,sim-device-00,MOBILE,BASELINE,AUTHORED_NORMAL,Household transfer
d97e062b-61c5-5f39-8324-4eb3c4089df4,e2706434-e96b-5194-a25e-736d259ee1fa,55d57bf9-161a-531a-a7ec-ba50f9b82cae,22000,KZT,2026-09-07T10:00:00+00:00,sim-device-00,MOBILE,BASELINE,AUTHORED_NORMAL,Grocery purchase
e4419f53-511a-5ce0-a12d-b011adcc28ff,e2706434-e96b-5194-a25e-736d259ee1fa,f432ddfb-f114-50ee-a37d-97036d31ed8b,31000,KZT,2026-09-08T09:00:00+00:00,sim-device-00,MOBILE,BASELINE,AUTHORED_NORMAL,Monthly utility payment
08b696b2-876d-5df4-a054-9721ea567198,e2706434-e96b-5194-a25e-736d259ee1fa,14f50457-4937-5d7d-96ef-d0363e535e88,28000,KZT,2026-09-08T10:00:00+00:00,sim-device-00,MOBILE,BASELINE,AUTHORED_NORMAL,Household transfer
244e93a5-15ac-540f-b760-100a93e0c827,e2706434-e96b-5194-a25e-736d259ee1fa,55d57bf9-161a-531a-a7ec-ba50f9b82cae,35000,KZT,2026-09-09T09:00:00+00:00,sim-device-00,MOBILE,BASELINE,AUTHORED_NORMAL,Grocery purchase
41a3103b-7b2d-51a5-8a1f-f8c9cf1beac8,e2706434-e96b-5194-a25e-736d259ee1fa,f432ddfb-f114-50ee-a37d-97036d31ed8b,26000,KZT,2026-09-09T10:00:00+00:00,sim-device-00,MOBILE,BASELINE,AUTHORED_NORMAL,Monthly utility payment
639b743c-0121-57ef-b228-719f96e9a2a1,e2706434-e96b-5194-a25e-736d259ee1fa,14f50457-4937-5d7d-96ef-d0363e535e88,33000,KZT,2026-09-10T09:00:00+00:00,sim-device-00,MOBILE,BASELINE,AUTHORED_NORMAL,Household transfer
5d633010-d472-5125-bde8-70793d038e20,e2706434-e96b-5194-a25e-736d259ee1fa,55d57bf9-161a-531a-a7ec-ba50f9b82cae,29000,KZT,2026-09-10T10:00:00+00:00,sim-device-00,MOBILE,BASELINE,AUTHORED_NORMAL,Grocery purchase
5ef06695-dde4-533e-87bc-70d42fd875d8,e2706434-e96b-5194-a25e-736d259ee1fa,f432ddfb-f114-50ee-a37d-97036d31ed8b,22000,KZT,2026-09-11T09:00:00+00:00,sim-device-00,MOBILE,BASELINE,AUTHORED_NORMAL,Monthly utility payment
107b8f75-0d2e-5bc1-83ff-55fcbc31eed6,e2706434-e96b-5194-a25e-736d259ee1fa,14f50457-4937-5d7d-96ef-d0363e535e88,31000,KZT,2026-09-11T10:00:00+00:00,sim-device-00,MOBILE,BASELINE,AUTHORED_NORMAL,Household transfer
c94066af-468c-5453-a558-9a7a419024e8,e2706434-e96b-5194-a25e-736d259ee1fa,55d57bf9-161a-531a-a7ec-ba50f9b82cae,28000,KZT,2026-09-12T09:00:00+00:00,sim-device-00,MOBILE,BASELINE,AUTHORED_NORMAL,Grocery purchase
70aefe51-68f5-5668-a23a-279fd3bc18c6,e2706434-e96b-5194-a25e-736d259ee1fa,f432ddfb-f114-50ee-a37d-97036d31ed8b,35000,KZT,2026-09-12T10:00:00+00:00,sim-device-00,MOBILE,BASELINE,AUTHORED_NORMAL,Monthly utility payment
91e34d8d-ee26-53f3-802a-314c1f47dba8,e2706434-e96b-5194-a25e-736d259ee1fa,14f50457-4937-5d7d-96ef-d0363e535e88,26000,KZT,2026-09-13T09:00:00+00:00,sim-device-00,MOBILE,BASELINE,AUTHORED_NORMAL,Household transfer
e208f55c-ad1c-5e55-8cce-6aaa1e50b4c1,e2706434-e96b-5194-a25e-736d259ee1fa,55d57bf9-161a-531a-a7ec-ba50f9b82cae,33000,KZT,2026-09-13T10:00:00+00:00,sim-device-00,MOBILE,BASELINE,AUTHORED_NORMAL,Grocery purchase
c033006b-acc1-5253-8112-216a9f070f3e,e2706434-e96b-5194-a25e-736d259ee1fa,f432ddfb-f114-50ee-a37d-97036d31ed8b,29000,KZT,2026-09-14T09:00:00+00:00,sim-device-00,MOBILE,BASELINE,AUTHORED_NORMAL,Monthly utility payment
e411ab94-3619-591a-8b7a-ba9f534253ab,e2706434-e96b-5194-a25e-736d259ee1fa,14f50457-4937-5d7d-96ef-d0363e535e88,22000,KZT,2026-09-14T10:00:00+00:00,sim-device-00,MOBILE,BASELINE,AUTHORED_NORMAL,Household transfer
619b537d-451e-58ca-b5fa-dd3d6a4c64d8,e2706434-e96b-5194-a25e-736d259ee1fa,55d57bf9-161a-531a-a7ec-ba50f9b82cae,31000,KZT,2026-09-15T09:00:00+00:00,sim-device-00,MOBILE,BASELINE,AUTHORED_NORMAL,Grocery purchase
6d46a6b2-622f-586a-b708-1ace7d3c393b,e2706434-e96b-5194-a25e-736d259ee1fa,f432ddfb-f114-50ee-a37d-97036d31ed8b,28000,KZT,2026-09-15T10:00:00+00:00,sim-device-00,MOBILE,BASELINE,AUTHORED_NORMAL,Monthly utility payment
06dca999-b5f2-52d9-aecc-efc6c9c041b2,e2706434-e96b-5194-a25e-736d259ee1fa,14f50457-4937-5d7d-96ef-d0363e535e88,35000,KZT,2026-09-16T09:00:00+00:00,sim-device-00,MOBILE,BASELINE,AUTHORED_NORMAL,Household transfer
2f2f51dd-6bfc-5f15-ad6f-a8a6f8a7323c,e2706434-e96b-5194-a25e-736d259ee1fa,55d57bf9-161a-531a-a7ec-ba50f9b82cae,26000,KZT,2026-09-16T10:00:00+00:00,sim-device-00,MOBILE,BASELINE,AUTHORED_NORMAL,Grocery purchase
1f32df36-76f5-5627-bcdc-20bab12fa619,e2706434-e96b-5194-a25e-736d259ee1fa,f432ddfb-f114-50ee-a37d-97036d31ed8b,33000,KZT,2026-09-17T09:00:00+00:00,sim-device-00,MOBILE,BASELINE,AUTHORED_NORMAL,Monthly utility payment
55235f25-d6de-5aca-a3a8-c72817738680,e2706434-e96b-5194-a25e-736d259ee1fa,14f50457-4937-5d7d-96ef-d0363e535e88,29000,KZT,2026-09-17T10:00:00+00:00,sim-device-00,MOBILE,BASELINE,AUTHORED_NORMAL,Household transfer
12454565-11d8-5169-bfc6-e2c39e80f40f,e2706434-e96b-5194-a25e-736d259ee1fa,55d57bf9-161a-531a-a7ec-ba50f9b82cae,22000,KZT,2026-09-18T09:00:00+00:00,sim-device-00,MOBILE,BASELINE,AUTHORED_NORMAL,Grocery purchase
30d5d62e-5540-5583-9988-933b701c4403,e2706434-e96b-5194-a25e-736d259ee1fa,f432ddfb-f114-50ee-a37d-97036d31ed8b,31000,KZT,2026-09-18T10:00:00+00:00,sim-device-00,MOBILE,BASELINE,AUTHORED_NORMAL,Monthly utility payment
627a1d57-28e0-53e3-b39c-0a341f9973b6,e2706434-e96b-5194-a25e-736d259ee1fa,14f50457-4937-5d7d-96ef-d0363e535e88,28000,KZT,2026-09-19T09:00:00+00:00,sim-device-00,MOBILE,BASELINE,AUTHORED_NORMAL,Household transfer
71c92509-7cec-574e-a36c-cd6a4737d755,e2706434-e96b-5194-a25e-736d259ee1fa,55d57bf9-161a-531a-a7ec-ba50f9b82cae,35000,KZT,2026-09-19T10:00:00+00:00,sim-device-00,MOBILE,BASELINE,AUTHORED_NORMAL,Grocery purchase
dd99c2f4-644b-5bba-b30c-9ec65c56a1ad,2f1b273d-7ac2-5307-a529-c36b23be9713,53ff2a56-55d5-5ac7-b08d-0ea5b6297004,31000,KZT,2026-06-12T09:00:00+00:00,sim-device-01,MOBILE,BASELINE,AUTHORED_NORMAL,Household transfer
25e287d6-bcd9-595f-8dbc-8c407ad5e950,2f1b273d-7ac2-5307-a529-c36b23be9713,4e7a17c9-7f45-5482-a1f0-4e4ba86db76e,28000,KZT,2026-06-12T10:00:00+00:00,sim-device-01,MOBILE,BASELINE,AUTHORED_NORMAL,Grocery purchase
91c13fa2-5b6a-5e10-ae4f-64b7c4441cdd,2f1b273d-7ac2-5307-a529-c36b23be9713,bb1ad09f-f1f3-5cde-b2aa-db54217d81f4,35000,KZT,2026-06-13T09:00:00+00:00,sim-device-01,MOBILE,BASELINE,AUTHORED_NORMAL,Monthly utility payment
76f857ca-ca93-5273-915f-d1a6e04c874a,2f1b273d-7ac2-5307-a529-c36b23be9713,53ff2a56-55d5-5ac7-b08d-0ea5b6297004,26000,KZT,2026-06-13T10:00:00+00:00,sim-device-01,MOBILE,BASELINE,AUTHORED_NORMAL,Household transfer
5ef9a4a3-9264-534b-a4c9-28e7ffcdaa27,2f1b273d-7ac2-5307-a529-c36b23be9713,4e7a17c9-7f45-5482-a1f0-4e4ba86db76e,33000,KZT,2026-06-14T09:00:00+00:00,sim-device-01,MOBILE,BASELINE,AUTHORED_NORMAL,Grocery purchase
b509dac6-e4da-57d9-9501-5e99452e15c3,2f1b273d-7ac2-5307-a529-c36b23be9713,bb1ad09f-f1f3-5cde-b2aa-db54217d81f4,29000,KZT,2026-06-14T10:00:00+00:00,sim-device-01,MOBILE,BASELINE,AUTHORED_NORMAL,Monthly utility payment
0da347c4-5661-537b-aecb-bd02d1b8e2f9,2f1b273d-7ac2-5307-a529-c36b23be9713,53ff2a56-55d5-5ac7-b08d-0ea5b6297004,22000,KZT,2026-06-15T09:00:00+00:00,sim-device-01,MOBILE,BASELINE,AUTHORED_NORMAL,Household transfer
412e3e90-bb04-56db-8a63-ee459cd7fea9,2f1b273d-7ac2-5307-a529-c36b23be9713,4e7a17c9-7f45-5482-a1f0-4e4ba86db76e,31000,KZT,2026-06-15T10:00:00+00:00,sim-device-01,MOBILE,BASELINE,AUTHORED_NORMAL,Grocery purchase
25527d37-d426-5d59-bac7-77a1c17c9074,2f1b273d-7ac2-5307-a529-c36b23be9713,bb1ad09f-f1f3-5cde-b2aa-db54217d81f4,28000,KZT,2026-06-16T09:00:00+00:00,sim-device-01,MOBILE,BASELINE,AUTHORED_NORMAL,Monthly utility payment
8e36e5ff-c130-5fc6-9ba0-de8f7f8795ee,2f1b273d-7ac2-5307-a529-c36b23be9713,53ff2a56-55d5-5ac7-b08d-0ea5b6297004,35000,KZT,2026-06-16T10:00:00+00:00,sim-device-01,MOBILE,BASELINE,AUTHORED_NORMAL,Household transfer
caa15194-2fc9-5817-93d0-b9a039a46443,2f1b273d-7ac2-5307-a529-c36b23be9713,4e7a17c9-7f45-5482-a1f0-4e4ba86db76e,26000,KZT,2026-06-17T09:00:00+00:00,sim-device-01,MOBILE,BASELINE,AUTHORED_NORMAL,Grocery purchase
49694e48-4228-541a-b03b-177cc953c2e8,2f1b273d-7ac2-5307-a529-c36b23be9713,bb1ad09f-f1f3-5cde-b2aa-db54217d81f4,33000,KZT,2026-06-17T10:00:00+00:00,sim-device-01,MOBILE,BASELINE,AUTHORED_NORMAL,Monthly utility payment
5e865fef-9830-5893-bb8a-053cb3275334,2f1b273d-7ac2-5307-a529-c36b23be9713,53ff2a56-55d5-5ac7-b08d-0ea5b6297004,29000,KZT,2026-06-18T09:00:00+00:00,sim-device-01,MOBILE,BASELINE,AUTHORED_NORMAL,Household transfer
b3d683cc-ea46-5e10-a711-94d79288cb13,2f1b273d-7ac2-5307-a529-c36b23be9713,4e7a17c9-7f45-5482-a1f0-4e4ba86db76e,22000,KZT,2026-06-18T10:00:00+00:00,sim-device-01,MOBILE,BASELINE,AUTHORED_NORMAL,Grocery purchase
7783533f-03b6-51f4-bba6-5c89fd25edbc,2f1b273d-7ac2-5307-a529-c36b23be9713,bb1ad09f-f1f3-5cde-b2aa-db54217d81f4,31000,KZT,2026-06-19T09:00:00+00:00,sim-device-01,MOBILE,BASELINE,AUTHORED_NORMAL,Monthly utility payment
f6ebfa66-4fa8-5335-84f9-9ca4de7ac440,2f1b273d-7ac2-5307-a529-c36b23be9713,53ff2a56-55d5-5ac7-b08d-0ea5b6297004,28000,KZT,2026-06-19T10:00:00+00:00,sim-device-01,MOBILE,BASELINE,AUTHORED_NORMAL,Household transfer
5dd5437c-cc50-590b-8ec4-a825fdf4b684,2f1b273d-7ac2-5307-a529-c36b23be9713,4e7a17c9-7f45-5482-a1f0-4e4ba86db76e,35000,KZT,2026-06-20T09:00:00+00:00,sim-device-01,MOBILE,BASELINE,AUTHORED_NORMAL,Grocery purchase
51fa4617-9a41-5d51-8811-8215b15a6bee,2f1b273d-7ac2-5307-a529-c36b23be9713,bb1ad09f-f1f3-5cde-b2aa-db54217d81f4,26000,KZT,2026-06-20T10:00:00+00:00,sim-device-01,MOBILE,BASELINE,AUTHORED_NORMAL,Monthly utility payment
2f89d9e6-558d-5093-be62-414e07b38da3,2f1b273d-7ac2-5307-a529-c36b23be9713,53ff2a56-55d5-5ac7-b08d-0ea5b6297004,33000,KZT,2026-06-21T09:00:00+00:00,sim-device-01,MOBILE,BASELINE,AUTHORED_NORMAL,Household transfer
4e7080f1-9f1a-5933-895d-5ba430240274,2f1b273d-7ac2-5307-a529-c36b23be9713,4e7a17c9-7f45-5482-a1f0-4e4ba86db76e,29000,KZT,2026-06-21T10:00:00+00:00,sim-device-01,MOBILE,BASELINE,AUTHORED_NORMAL,Grocery purchase
289a87a8-4731-5514-a8d0-b71a97deb198,2f1b273d-7ac2-5307-a529-c36b23be9713,bb1ad09f-f1f3-5cde-b2aa-db54217d81f4,22000,KZT,2026-06-22T09:00:00+00:00,sim-device-01,MOBILE,BASELINE,AUTHORED_NORMAL,Monthly utility payment
e4522ff5-9d51-5b45-b0cd-87e0c90eec45,2f1b273d-7ac2-5307-a529-c36b23be9713,53ff2a56-55d5-5ac7-b08d-0ea5b6297004,31000,KZT,2026-06-22T10:00:00+00:00,sim-device-01,MOBILE,BASELINE,AUTHORED_NORMAL,Household transfer
14ca3ef6-0136-56f1-9f4d-87fe2cf5b3d2,2f1b273d-7ac2-5307-a529-c36b23be9713,4e7a17c9-7f45-5482-a1f0-4e4ba86db76e,28000,KZT,2026-06-23T09:00:00+00:00,sim-device-01,MOBILE,BASELINE,AUTHORED_NORMAL,Grocery purchase
777f31bd-94d7-592c-8614-099d778f628e,2f1b273d-7ac2-5307-a529-c36b23be9713,bb1ad09f-f1f3-5cde-b2aa-db54217d81f4,35000,KZT,2026-06-23T10:00:00+00:00,sim-device-01,MOBILE,BASELINE,AUTHORED_NORMAL,Monthly utility payment
dfdc470d-5ea6-50f5-b98b-b2d226e83fbf,2f1b273d-7ac2-5307-a529-c36b23be9713,53ff2a56-55d5-5ac7-b08d-0ea5b6297004,26000,KZT,2026-06-24T09:00:00+00:00,sim-device-01,MOBILE,BASELINE,AUTHORED_NORMAL,Household transfer
7b3053ab-c768-52ef-8c82-c0a0fdbf20a8,2f1b273d-7ac2-5307-a529-c36b23be9713,4e7a17c9-7f45-5482-a1f0-4e4ba86db76e,33000,KZT,2026-06-24T10:00:00+00:00,sim-device-01,MOBILE,BASELINE,AUTHORED_NORMAL,Grocery purchase
3b4b15df-1edb-52cc-98de-2c7ad5aae4f6,2f1b273d-7ac2-5307-a529-c36b23be9713,bb1ad09f-f1f3-5cde-b2aa-db54217d81f4,29000,KZT,2026-06-25T09:00:00+00:00,sim-device-01,MOBILE,BASELINE,AUTHORED_NORMAL,Monthly utility payment
92e3c173-dca6-52ab-8095-7bd30b1d7df8,2f1b273d-7ac2-5307-a529-c36b23be9713,53ff2a56-55d5-5ac7-b08d-0ea5b6297004,22000,KZT,2026-06-25T10:00:00+00:00,sim-device-01,MOBILE,BASELINE,AUTHORED_NORMAL,Household transfer
0a4d0cdd-5d96-510b-9bf7-8e9a31a688ac,2f1b273d-7ac2-5307-a529-c36b23be9713,4e7a17c9-7f45-5482-a1f0-4e4ba86db76e,31000,KZT,2026-06-26T09:00:00+00:00,sim-device-01,MOBILE,BASELINE,AUTHORED_NORMAL,Grocery purchase
4d1cdf6d-96ed-5d77-92c2-de68f22497fd,2f1b273d-7ac2-5307-a529-c36b23be9713,bb1ad09f-f1f3-5cde-b2aa-db54217d81f4,28000,KZT,2026-06-26T10:00:00+00:00,sim-device-01,MOBILE,BASELINE,AUTHORED_NORMAL,Monthly utility payment
0e8cfa1c-266b-5153-892b-59a90e5e4a37,2f1b273d-7ac2-5307-a529-c36b23be9713,53ff2a56-55d5-5ac7-b08d-0ea5b6297004,35000,KZT,2026-06-27T09:00:00+00:00,sim-device-01,MOBILE,BASELINE,AUTHORED_NORMAL,Household transfer
6c03be19-230d-53a5-91a9-4bcbee7d887a,2f1b273d-7ac2-5307-a529-c36b23be9713,4e7a17c9-7f45-5482-a1f0-4e4ba86db76e,26000,KZT,2026-06-27T10:00:00+00:00,sim-device-01,MOBILE,BASELINE,AUTHORED_NORMAL,Grocery purchase
0e9d4ee8-763e-5b1a-80e6-b1619b03e7d6,2f1b273d-7ac2-5307-a529-c36b23be9713,bb1ad09f-f1f3-5cde-b2aa-db54217d81f4,33000,KZT,2026-06-28T09:00:00+00:00,sim-device-01,MOBILE,BASELINE,AUTHORED_NORMAL,Monthly utility payment
72eed4e5-89de-5ce4-8cad-7abd2a2e8463,2f1b273d-7ac2-5307-a529-c36b23be9713,53ff2a56-55d5-5ac7-b08d-0ea5b6297004,29000,KZT,2026-06-28T10:00:00+00:00,sim-device-01,MOBILE,BASELINE,AUTHORED_NORMAL,Household transfer
53396703-6f1e-50a0-9817-9033c687024a,2f1b273d-7ac2-5307-a529-c36b23be9713,4e7a17c9-7f45-5482-a1f0-4e4ba86db76e,22000,KZT,2026-06-29T09:00:00+00:00,sim-device-01,MOBILE,BASELINE,AUTHORED_NORMAL,Grocery purchase
0126578a-8c70-57f3-a788-0833e8798c72,2f1b273d-7ac2-5307-a529-c36b23be9713,bb1ad09f-f1f3-5cde-b2aa-db54217d81f4,31000,KZT,2026-06-29T10:00:00+00:00,sim-device-01,MOBILE,BASELINE,AUTHORED_NORMAL,Monthly utility payment
5dfd873e-8003-59e6-9453-9443c146f58e,2f1b273d-7ac2-5307-a529-c36b23be9713,53ff2a56-55d5-5ac7-b08d-0ea5b6297004,28000,KZT,2026-06-30T09:00:00+00:00,sim-device-01,MOBILE,BASELINE,AUTHORED_NORMAL,Household transfer
a82041dd-cd44-5948-a38d-65e79c02aadb,2f1b273d-7ac2-5307-a529-c36b23be9713,4e7a17c9-7f45-5482-a1f0-4e4ba86db76e,35000,KZT,2026-06-30T10:00:00+00:00,sim-device-01,MOBILE,BASELINE,AUTHORED_NORMAL,Grocery purchase
51b3af7f-19e4-5267-aa66-8786719428ab,2f1b273d-7ac2-5307-a529-c36b23be9713,bb1ad09f-f1f3-5cde-b2aa-db54217d81f4,26000,KZT,2026-07-01T09:00:00+00:00,sim-device-01,MOBILE,BASELINE,AUTHORED_NORMAL,Monthly utility payment
08a519bc-d93d-5ec8-8d47-4225f91cee6b,2f1b273d-7ac2-5307-a529-c36b23be9713,53ff2a56-55d5-5ac7-b08d-0ea5b6297004,33000,KZT,2026-07-01T10:00:00+00:00,sim-device-01,MOBILE,BASELINE,AUTHORED_NORMAL,Household transfer
cf140b2d-adf0-5988-b3ac-9bff2278310f,2f1b273d-7ac2-5307-a529-c36b23be9713,4e7a17c9-7f45-5482-a1f0-4e4ba86db76e,29000,KZT,2026-07-02T09:00:00+00:00,sim-device-01,MOBILE,BASELINE,AUTHORED_NORMAL,Grocery purchase
8542fdcc-f847-5b2e-964b-67a4389404f3,2f1b273d-7ac2-5307-a529-c36b23be9713,bb1ad09f-f1f3-5cde-b2aa-db54217d81f4,22000,KZT,2026-07-02T10:00:00+00:00,sim-device-01,MOBILE,BASELINE,AUTHORED_NORMAL,Monthly utility payment
70925914-bc1c-5c77-9576-8862551156f7,2f1b273d-7ac2-5307-a529-c36b23be9713,53ff2a56-55d5-5ac7-b08d-0ea5b6297004,31000,KZT,2026-07-03T09:00:00+00:00,sim-device-01,MOBILE,BASELINE,AUTHORED_NORMAL,Household transfer
14d070d1-a6e2-529e-bd12-cbb8f0fe48fe,2f1b273d-7ac2-5307-a529-c36b23be9713,4e7a17c9-7f45-5482-a1f0-4e4ba86db76e,28000,KZT,2026-07-03T10:00:00+00:00,sim-device-01,MOBILE,BASELINE,AUTHORED_NORMAL,Grocery purchase
f2262880-1e8a-5a77-9e82-eaa0abbfc582,2f1b273d-7ac2-5307-a529-c36b23be9713,bb1ad09f-f1f3-5cde-b2aa-db54217d81f4,35000,KZT,2026-07-04T09:00:00+00:00,sim-device-01,MOBILE,BASELINE,AUTHORED_NORMAL,Monthly utility payment
01c188ca-5c96-51d5-b793-be047651ba43,2f1b273d-7ac2-5307-a529-c36b23be9713,53ff2a56-55d5-5ac7-b08d-0ea5b6297004,26000,KZT,2026-07-04T10:00:00+00:00,sim-device-01,MOBILE,BASELINE,AUTHORED_NORMAL,Household transfer
56aad390-45cc-58d5-8b97-a141bce4f29b,2f1b273d-7ac2-5307-a529-c36b23be9713,4e7a17c9-7f45-5482-a1f0-4e4ba86db76e,33000,KZT,2026-07-05T09:00:00+00:00,sim-device-01,MOBILE,BASELINE,AUTHORED_NORMAL,Grocery purchase
82afd0b7-5e02-5795-8a06-3fa91ca1e030,2f1b273d-7ac2-5307-a529-c36b23be9713,bb1ad09f-f1f3-5cde-b2aa-db54217d81f4,29000,KZT,2026-07-05T10:00:00+00:00,sim-device-01,MOBILE,BASELINE,AUTHORED_NORMAL,Monthly utility payment
30a190df-937f-595b-8153-b63d33172cc0,2f1b273d-7ac2-5307-a529-c36b23be9713,53ff2a56-55d5-5ac7-b08d-0ea5b6297004,22000,KZT,2026-07-06T09:00:00+00:00,sim-device-01,MOBILE,BASELINE,AUTHORED_NORMAL,Household transfer
307c2400-26b3-57a4-868f-904c70355d32,2f1b273d-7ac2-5307-a529-c36b23be9713,4e7a17c9-7f45-5482-a1f0-4e4ba86db76e,31000,KZT,2026-07-06T10:00:00+00:00,sim-device-01,MOBILE,BASELINE,AUTHORED_NORMAL,Grocery purchase
a1accf6b-0cab-5a33-8cf2-66800160c8e2,2f1b273d-7ac2-5307-a529-c36b23be9713,bb1ad09f-f1f3-5cde-b2aa-db54217d81f4,28000,KZT,2026-07-07T09:00:00+00:00,sim-device-01,MOBILE,BASELINE,AUTHORED_NORMAL,Monthly utility payment
cd6b5d0c-54cd-56ee-9625-7e98470b3a5c,2f1b273d-7ac2-5307-a529-c36b23be9713,53ff2a56-55d5-5ac7-b08d-0ea5b6297004,35000,KZT,2026-07-07T10:00:00+00:00,sim-device-01,MOBILE,BASELINE,AUTHORED_NORMAL,Household transfer
8ae66123-8e9a-5cf8-bc01-314ab98bc759,2f1b273d-7ac2-5307-a529-c36b23be9713,4e7a17c9-7f45-5482-a1f0-4e4ba86db76e,26000,KZT,2026-07-08T09:00:00+00:00,sim-device-01,MOBILE,BASELINE,AUTHORED_NORMAL,Grocery purchase
6f0aa78d-edf1-5aeb-9f65-aaf81cc0f4f1,2f1b273d-7ac2-5307-a529-c36b23be9713,bb1ad09f-f1f3-5cde-b2aa-db54217d81f4,33000,KZT,2026-07-08T10:00:00+00:00,sim-device-01,MOBILE,BASELINE,AUTHORED_NORMAL,Monthly utility payment
3599b38d-28d7-53a2-bb23-9a80179cd4d9,2f1b273d-7ac2-5307-a529-c36b23be9713,53ff2a56-55d5-5ac7-b08d-0ea5b6297004,29000,KZT,2026-07-09T09:00:00+00:00,sim-device-01,MOBILE,BASELINE,AUTHORED_NORMAL,Household transfer
a7113a0f-ac69-527f-a1a8-cb23c83743a7,2f1b273d-7ac2-5307-a529-c36b23be9713,4e7a17c9-7f45-5482-a1f0-4e4ba86db76e,22000,KZT,2026-07-09T10:00:00+00:00,sim-device-01,MOBILE,BASELINE,AUTHORED_NORMAL,Grocery purchase
97a15894-0525-59c4-8b55-767f1c1fa5e2,2f1b273d-7ac2-5307-a529-c36b23be9713,bb1ad09f-f1f3-5cde-b2aa-db54217d81f4,31000,KZT,2026-07-10T09:00:00+00:00,sim-device-01,MOBILE,BASELINE,AUTHORED_NORMAL,Monthly utility payment
37f11194-e053-57d9-92ce-a0be5629b050,2f1b273d-7ac2-5307-a529-c36b23be9713,53ff2a56-55d5-5ac7-b08d-0ea5b6297004,28000,KZT,2026-07-10T10:00:00+00:00,sim-device-01,MOBILE,BASELINE,AUTHORED_NORMAL,Household transfer
7d316ade-26f6-5aeb-88bb-acb9e87b86f3,2f1b273d-7ac2-5307-a529-c36b23be9713,4e7a17c9-7f45-5482-a1f0-4e4ba86db76e,35000,KZT,2026-07-11T09:00:00+00:00,sim-device-01,MOBILE,BASELINE,AUTHORED_NORMAL,Grocery purchase
59784cb0-0767-5234-bae9-371fb49fa00b,2f1b273d-7ac2-5307-a529-c36b23be9713,bb1ad09f-f1f3-5cde-b2aa-db54217d81f4,26000,KZT,2026-07-11T10:00:00+00:00,sim-device-01,MOBILE,BASELINE,AUTHORED_NORMAL,Monthly utility payment
86aff7a6-f3c4-51e5-9d9a-b8a3c8c174a9,2f1b273d-7ac2-5307-a529-c36b23be9713,53ff2a56-55d5-5ac7-b08d-0ea5b6297004,33000,KZT,2026-07-12T09:00:00+00:00,sim-device-01,MOBILE,BASELINE,AUTHORED_NORMAL,Household transfer
f71062e6-6bf0-517d-9381-ad5513b1fe0d,2f1b273d-7ac2-5307-a529-c36b23be9713,4e7a17c9-7f45-5482-a1f0-4e4ba86db76e,29000,KZT,2026-07-12T10:00:00+00:00,sim-device-01,MOBILE,BASELINE,AUTHORED_NORMAL,Grocery purchase
e7ddf663-26f9-58c5-b73a-796ba9311d35,2f1b273d-7ac2-5307-a529-c36b23be9713,bb1ad09f-f1f3-5cde-b2aa-db54217d81f4,22000,KZT,2026-07-13T09:00:00+00:00,sim-device-01,MOBILE,BASELINE,AUTHORED_NORMAL,Monthly utility payment
b3e72b94-b010-52fd-b851-5cae24813cfe,2f1b273d-7ac2-5307-a529-c36b23be9713,53ff2a56-55d5-5ac7-b08d-0ea5b6297004,31000,KZT,2026-07-13T10:00:00+00:00,sim-device-01,MOBILE,BASELINE,AUTHORED_NORMAL,Household transfer
9cd42172-8fac-56d8-bc06-a870739c7a51,2f1b273d-7ac2-5307-a529-c36b23be9713,4e7a17c9-7f45-5482-a1f0-4e4ba86db76e,28000,KZT,2026-07-14T09:00:00+00:00,sim-device-01,MOBILE,BASELINE,AUTHORED_NORMAL,Grocery purchase
ae33a45f-9f90-578d-b67e-80e32c33edf7,2f1b273d-7ac2-5307-a529-c36b23be9713,bb1ad09f-f1f3-5cde-b2aa-db54217d81f4,35000,KZT,2026-07-14T10:00:00+00:00,sim-device-01,MOBILE,BASELINE,AUTHORED_NORMAL,Monthly utility payment
37b8d3b5-755a-52e0-b413-47847c5baad8,2f1b273d-7ac2-5307-a529-c36b23be9713,53ff2a56-55d5-5ac7-b08d-0ea5b6297004,26000,KZT,2026-07-15T09:00:00+00:00,sim-device-01,MOBILE,BASELINE,AUTHORED_NORMAL,Household transfer
16b6e6e9-7151-5c18-8c52-a50e77fc7b03,2f1b273d-7ac2-5307-a529-c36b23be9713,4e7a17c9-7f45-5482-a1f0-4e4ba86db76e,33000,KZT,2026-07-15T10:00:00+00:00,sim-device-01,MOBILE,BASELINE,AUTHORED_NORMAL,Grocery purchase
1d1a81c3-9121-5c28-878e-67572fe0cb38,2f1b273d-7ac2-5307-a529-c36b23be9713,bb1ad09f-f1f3-5cde-b2aa-db54217d81f4,29000,KZT,2026-07-16T09:00:00+00:00,sim-device-01,MOBILE,BASELINE,AUTHORED_NORMAL,Monthly utility payment
0d14e615-9663-5a5b-864b-940dc09de06b,2f1b273d-7ac2-5307-a529-c36b23be9713,53ff2a56-55d5-5ac7-b08d-0ea5b6297004,22000,KZT,2026-07-16T10:00:00+00:00,sim-device-01,MOBILE,BASELINE,AUTHORED_NORMAL,Household transfer
bda9602c-2dab-5ac8-a496-f57d489ae240,2f1b273d-7ac2-5307-a529-c36b23be9713,4e7a17c9-7f45-5482-a1f0-4e4ba86db76e,31000,KZT,2026-07-17T09:00:00+00:00,sim-device-01,MOBILE,BASELINE,AUTHORED_NORMAL,Grocery purchase
6259fefd-6c41-54bb-9ee8-8bc3b6039f74,2f1b273d-7ac2-5307-a529-c36b23be9713,bb1ad09f-f1f3-5cde-b2aa-db54217d81f4,28000,KZT,2026-07-17T10:00:00+00:00,sim-device-01,MOBILE,BASELINE,AUTHORED_NORMAL,Monthly utility payment
3e67c467-6851-50ab-b6f6-5850f785d149,2f1b273d-7ac2-5307-a529-c36b23be9713,53ff2a56-55d5-5ac7-b08d-0ea5b6297004,35000,KZT,2026-07-18T09:00:00+00:00,sim-device-01,MOBILE,BASELINE,AUTHORED_NORMAL,Household transfer
410f8a0b-f2a4-5ef2-b1b6-2d475074ae67,2f1b273d-7ac2-5307-a529-c36b23be9713,4e7a17c9-7f45-5482-a1f0-4e4ba86db76e,26000,KZT,2026-07-18T10:00:00+00:00,sim-device-01,MOBILE,BASELINE,AUTHORED_NORMAL,Grocery purchase
c0fcb5a1-ff78-58ab-bf01-8bedcf8bb97d,2f1b273d-7ac2-5307-a529-c36b23be9713,bb1ad09f-f1f3-5cde-b2aa-db54217d81f4,33000,KZT,2026-07-19T09:00:00+00:00,sim-device-01,MOBILE,BASELINE,AUTHORED_NORMAL,Monthly utility payment
691547e4-f284-5a93-bd2c-8f0ed2a8b149,2f1b273d-7ac2-5307-a529-c36b23be9713,53ff2a56-55d5-5ac7-b08d-0ea5b6297004,29000,KZT,2026-07-19T10:00:00+00:00,sim-device-01,MOBILE,BASELINE,AUTHORED_NORMAL,Household transfer
78836a23-e914-57d3-9099-e26d357c8f07,2f1b273d-7ac2-5307-a529-c36b23be9713,4e7a17c9-7f45-5482-a1f0-4e4ba86db76e,22000,KZT,2026-07-20T09:00:00+00:00,sim-device-01,MOBILE,BASELINE,AUTHORED_NORMAL,Grocery purchase
48c7b67f-3830-5361-ba89-0d91a2fca532,2f1b273d-7ac2-5307-a529-c36b23be9713,bb1ad09f-f1f3-5cde-b2aa-db54217d81f4,31000,KZT,2026-07-20T10:00:00+00:00,sim-device-01,MOBILE,BASELINE,AUTHORED_NORMAL,Monthly utility payment
2a288866-7957-57d0-b74c-5bb93d67f4f5,2f1b273d-7ac2-5307-a529-c36b23be9713,53ff2a56-55d5-5ac7-b08d-0ea5b6297004,28000,KZT,2026-07-21T09:00:00+00:00,sim-device-01,MOBILE,BASELINE,AUTHORED_NORMAL,Household transfer
0bccc58a-051e-5e33-b02e-5ba311247c46,2f1b273d-7ac2-5307-a529-c36b23be9713,4e7a17c9-7f45-5482-a1f0-4e4ba86db76e,35000,KZT,2026-07-21T10:00:00+00:00,sim-device-01,MOBILE,BASELINE,AUTHORED_NORMAL,Grocery purchase
3134abdf-9693-5c1a-bf79-3c6437b048f2,2f1b273d-7ac2-5307-a529-c36b23be9713,bb1ad09f-f1f3-5cde-b2aa-db54217d81f4,26000,KZT,2026-07-22T09:00:00+00:00,sim-device-01,MOBILE,BASELINE,AUTHORED_NORMAL,Monthly utility payment
6948045a-8acc-51db-acb5-07e5a99d3469,2f1b273d-7ac2-5307-a529-c36b23be9713,53ff2a56-55d5-5ac7-b08d-0ea5b6297004,33000,KZT,2026-07-22T10:00:00+00:00,sim-device-01,MOBILE,BASELINE,AUTHORED_NORMAL,Household transfer
2dcfe97f-7dce-515e-8fcc-f4ca0431f970,2f1b273d-7ac2-5307-a529-c36b23be9713,4e7a17c9-7f45-5482-a1f0-4e4ba86db76e,29000,KZT,2026-07-23T09:00:00+00:00,sim-device-01,MOBILE,BASELINE,AUTHORED_NORMAL,Grocery purchase
8e2d6ef6-8eb5-5622-93ab-e04954e4adb3,2f1b273d-7ac2-5307-a529-c36b23be9713,bb1ad09f-f1f3-5cde-b2aa-db54217d81f4,22000,KZT,2026-07-23T10:00:00+00:00,sim-device-01,MOBILE,BASELINE,AUTHORED_NORMAL,Monthly utility payment
3b93c0d1-eb6b-5fe5-b03f-8560fa5ac537,2f1b273d-7ac2-5307-a529-c36b23be9713,53ff2a56-55d5-5ac7-b08d-0ea5b6297004,31000,KZT,2026-07-24T09:00:00+00:00,sim-device-01,MOBILE,BASELINE,AUTHORED_NORMAL,Household transfer
debcab6d-72fc-5bb3-bad3-8c78748305c1,2f1b273d-7ac2-5307-a529-c36b23be9713,4e7a17c9-7f45-5482-a1f0-4e4ba86db76e,28000,KZT,2026-07-24T10:00:00+00:00,sim-device-01,MOBILE,BASELINE,AUTHORED_NORMAL,Grocery purchase
529e1484-27c3-532a-867f-972111be135a,2f1b273d-7ac2-5307-a529-c36b23be9713,bb1ad09f-f1f3-5cde-b2aa-db54217d81f4,35000,KZT,2026-07-25T09:00:00+00:00,sim-device-01,MOBILE,BASELINE,AUTHORED_NORMAL,Monthly utility payment
d9dbc332-f7cc-5582-b9ce-769a8c084a24,2f1b273d-7ac2-5307-a529-c36b23be9713,53ff2a56-55d5-5ac7-b08d-0ea5b6297004,26000,KZT,2026-07-25T10:00:00+00:00,sim-device-01,MOBILE,BASELINE,AUTHORED_NORMAL,Household transfer
5ac671ef-6975-5577-90eb-fc6460e1ecb6,2f1b273d-7ac2-5307-a529-c36b23be9713,4e7a17c9-7f45-5482-a1f0-4e4ba86db76e,33000,KZT,2026-07-26T09:00:00+00:00,sim-device-01,MOBILE,BASELINE,AUTHORED_NORMAL,Grocery purchase
fa168ee2-74ee-5791-8cf6-8e0a66f1f604,2f1b273d-7ac2-5307-a529-c36b23be9713,bb1ad09f-f1f3-5cde-b2aa-db54217d81f4,29000,KZT,2026-07-26T10:00:00+00:00,sim-device-01,MOBILE,BASELINE,AUTHORED_NORMAL,Monthly utility payment
19ccb9db-490b-589f-9389-2e1e2e14214b,2f1b273d-7ac2-5307-a529-c36b23be9713,53ff2a56-55d5-5ac7-b08d-0ea5b6297004,22000,KZT,2026-07-27T09:00:00+00:00,sim-device-01,MOBILE,BASELINE,AUTHORED_NORMAL,Household transfer
fcb80f1d-ec6a-5a27-89d6-131dd7172db8,2f1b273d-7ac2-5307-a529-c36b23be9713,4e7a17c9-7f45-5482-a1f0-4e4ba86db76e,31000,KZT,2026-07-27T10:00:00+00:00,sim-device-01,MOBILE,BASELINE,AUTHORED_NORMAL,Grocery purchase
62284778-89d3-50ea-916f-34ad2406d516,2f1b273d-7ac2-5307-a529-c36b23be9713,bb1ad09f-f1f3-5cde-b2aa-db54217d81f4,28000,KZT,2026-07-28T09:00:00+00:00,sim-device-01,MOBILE,BASELINE,AUTHORED_NORMAL,Monthly utility payment
57685a0f-6747-5045-a799-647257237d1d,2f1b273d-7ac2-5307-a529-c36b23be9713,53ff2a56-55d5-5ac7-b08d-0ea5b6297004,35000,KZT,2026-07-28T10:00:00+00:00,sim-device-01,MOBILE,BASELINE,AUTHORED_NORMAL,Household transfer
cdcf8c94-0271-5442-ab1f-6b8a016bd864,2f1b273d-7ac2-5307-a529-c36b23be9713,4e7a17c9-7f45-5482-a1f0-4e4ba86db76e,26000,KZT,2026-07-29T09:00:00+00:00,sim-device-01,MOBILE,BASELINE,AUTHORED_NORMAL,Grocery purchase
1b82e24e-8679-5ae1-a824-b363f720d0e9,2f1b273d-7ac2-5307-a529-c36b23be9713,bb1ad09f-f1f3-5cde-b2aa-db54217d81f4,33000,KZT,2026-07-29T10:00:00+00:00,sim-device-01,MOBILE,BASELINE,AUTHORED_NORMAL,Monthly utility payment
089dcc39-4db5-54a1-a5c4-33dc77806cab,2f1b273d-7ac2-5307-a529-c36b23be9713,53ff2a56-55d5-5ac7-b08d-0ea5b6297004,29000,KZT,2026-07-30T09:00:00+00:00,sim-device-01,MOBILE,BASELINE,AUTHORED_NORMAL,Household transfer
522734bd-db6c-5ca7-a60a-e6ad7bbd5c6b,2f1b273d-7ac2-5307-a529-c36b23be9713,4e7a17c9-7f45-5482-a1f0-4e4ba86db76e,22000,KZT,2026-07-30T10:00:00+00:00,sim-device-01,MOBILE,BASELINE,AUTHORED_NORMAL,Grocery purchase
602034e9-34a6-5d25-aa4a-174a33584157,2f1b273d-7ac2-5307-a529-c36b23be9713,bb1ad09f-f1f3-5cde-b2aa-db54217d81f4,31000,KZT,2026-07-31T09:00:00+00:00,sim-device-01,MOBILE,BASELINE,AUTHORED_NORMAL,Monthly utility payment
be0e1c79-ee59-5eef-b5bb-555a9b21ffcd,2f1b273d-7ac2-5307-a529-c36b23be9713,53ff2a56-55d5-5ac7-b08d-0ea5b6297004,28000,KZT,2026-07-31T10:00:00+00:00,sim-device-01,MOBILE,BASELINE,AUTHORED_NORMAL,Household transfer
14a962cb-d8a6-5be7-8aca-f89dc4db8c94,2f1b273d-7ac2-5307-a529-c36b23be9713,4e7a17c9-7f45-5482-a1f0-4e4ba86db76e,35000,KZT,2026-08-01T09:00:00+00:00,sim-device-01,MOBILE,BASELINE,AUTHORED_NORMAL,Grocery purchase
71df7edf-2898-542a-9e04-2955ad348c44,2f1b273d-7ac2-5307-a529-c36b23be9713,bb1ad09f-f1f3-5cde-b2aa-db54217d81f4,26000,KZT,2026-08-01T10:00:00+00:00,sim-device-01,MOBILE,BASELINE,AUTHORED_NORMAL,Monthly utility payment
8264a99b-a421-5780-a233-2f82e55c2cc6,2f1b273d-7ac2-5307-a529-c36b23be9713,53ff2a56-55d5-5ac7-b08d-0ea5b6297004,33000,KZT,2026-08-02T09:00:00+00:00,sim-device-01,MOBILE,BASELINE,AUTHORED_NORMAL,Household transfer
e549c3ad-3eed-5dde-90e2-ca3652d57553,2f1b273d-7ac2-5307-a529-c36b23be9713,4e7a17c9-7f45-5482-a1f0-4e4ba86db76e,29000,KZT,2026-08-02T10:00:00+00:00,sim-device-01,MOBILE,BASELINE,AUTHORED_NORMAL,Grocery purchase
e154bbee-9f69-5246-9b53-1f6a09db3fbd,2f1b273d-7ac2-5307-a529-c36b23be9713,bb1ad09f-f1f3-5cde-b2aa-db54217d81f4,22000,KZT,2026-08-03T09:00:00+00:00,sim-device-01,MOBILE,BASELINE,AUTHORED_NORMAL,Monthly utility payment
000f6b50-cfc0-5967-be4d-94d2614d3349,2f1b273d-7ac2-5307-a529-c36b23be9713,53ff2a56-55d5-5ac7-b08d-0ea5b6297004,31000,KZT,2026-08-03T10:00:00+00:00,sim-device-01,MOBILE,BASELINE,AUTHORED_NORMAL,Household transfer
d49fcaa0-efd6-5998-baf6-d584eb3e18e4,2f1b273d-7ac2-5307-a529-c36b23be9713,4e7a17c9-7f45-5482-a1f0-4e4ba86db76e,28000,KZT,2026-08-04T09:00:00+00:00,sim-device-01,MOBILE,BASELINE,AUTHORED_NORMAL,Grocery purchase
a99eed90-5286-5dc8-a4e7-0c5c63515130,2f1b273d-7ac2-5307-a529-c36b23be9713,bb1ad09f-f1f3-5cde-b2aa-db54217d81f4,35000,KZT,2026-08-04T10:00:00+00:00,sim-device-01,MOBILE,BASELINE,AUTHORED_NORMAL,Monthly utility payment
fca22709-1556-5f49-afeb-d549dd73cc63,2f1b273d-7ac2-5307-a529-c36b23be9713,53ff2a56-55d5-5ac7-b08d-0ea5b6297004,26000,KZT,2026-08-05T09:00:00+00:00,sim-device-01,MOBILE,BASELINE,AUTHORED_NORMAL,Household transfer
dec6090b-59a5-516d-b439-d3c758119b9e,2f1b273d-7ac2-5307-a529-c36b23be9713,4e7a17c9-7f45-5482-a1f0-4e4ba86db76e,33000,KZT,2026-08-05T10:00:00+00:00,sim-device-01,MOBILE,BASELINE,AUTHORED_NORMAL,Grocery purchase
c074cc07-5eb8-5a2d-9f83-d2eaa504b0f3,2f1b273d-7ac2-5307-a529-c36b23be9713,bb1ad09f-f1f3-5cde-b2aa-db54217d81f4,29000,KZT,2026-08-06T09:00:00+00:00,sim-device-01,MOBILE,BASELINE,AUTHORED_NORMAL,Monthly utility payment
35a76df5-d3dc-50ad-b6de-0852d3776ced,2f1b273d-7ac2-5307-a529-c36b23be9713,53ff2a56-55d5-5ac7-b08d-0ea5b6297004,22000,KZT,2026-08-06T10:00:00+00:00,sim-device-01,MOBILE,BASELINE,AUTHORED_NORMAL,Household transfer
3433adf9-a276-518f-9288-45f97377b2a1,2f1b273d-7ac2-5307-a529-c36b23be9713,4e7a17c9-7f45-5482-a1f0-4e4ba86db76e,31000,KZT,2026-08-07T09:00:00+00:00,sim-device-01,MOBILE,BASELINE,AUTHORED_NORMAL,Grocery purchase
a98854f9-22c2-563b-aa1b-8df3f1946c5b,2f1b273d-7ac2-5307-a529-c36b23be9713,bb1ad09f-f1f3-5cde-b2aa-db54217d81f4,28000,KZT,2026-08-07T10:00:00+00:00,sim-device-01,MOBILE,BASELINE,AUTHORED_NORMAL,Monthly utility payment
cfaf3cd0-f953-57ee-af79-f360f369119a,2f1b273d-7ac2-5307-a529-c36b23be9713,53ff2a56-55d5-5ac7-b08d-0ea5b6297004,35000,KZT,2026-08-08T09:00:00+00:00,sim-device-01,MOBILE,BASELINE,AUTHORED_NORMAL,Household transfer
2987a6fd-8183-5ce0-b055-e2a4edb67ac7,2f1b273d-7ac2-5307-a529-c36b23be9713,4e7a17c9-7f45-5482-a1f0-4e4ba86db76e,26000,KZT,2026-08-08T10:00:00+00:00,sim-device-01,MOBILE,BASELINE,AUTHORED_NORMAL,Grocery purchase
27b7a198-fa9f-5877-9501-676cf7b50b5f,2f1b273d-7ac2-5307-a529-c36b23be9713,bb1ad09f-f1f3-5cde-b2aa-db54217d81f4,33000,KZT,2026-08-09T09:00:00+00:00,sim-device-01,MOBILE,BASELINE,AUTHORED_NORMAL,Monthly utility payment
b055327f-e7af-5c7e-b1a9-ce730890937b,2f1b273d-7ac2-5307-a529-c36b23be9713,53ff2a56-55d5-5ac7-b08d-0ea5b6297004,29000,KZT,2026-08-09T10:00:00+00:00,sim-device-01,MOBILE,BASELINE,AUTHORED_NORMAL,Household transfer
8548f887-c1ec-5b80-9e16-ef7a8110ba83,2f1b273d-7ac2-5307-a529-c36b23be9713,4e7a17c9-7f45-5482-a1f0-4e4ba86db76e,22000,KZT,2026-08-10T09:00:00+00:00,sim-device-01,MOBILE,BASELINE,AUTHORED_NORMAL,Grocery purchase
f39327a8-a1e3-508e-b1ce-e364b76fe414,2f1b273d-7ac2-5307-a529-c36b23be9713,bb1ad09f-f1f3-5cde-b2aa-db54217d81f4,31000,KZT,2026-08-10T10:00:00+00:00,sim-device-01,MOBILE,BASELINE,AUTHORED_NORMAL,Monthly utility payment
cef17e43-41d9-5f43-8aa9-8f19474e5e1f,2f1b273d-7ac2-5307-a529-c36b23be9713,53ff2a56-55d5-5ac7-b08d-0ea5b6297004,28000,KZT,2026-08-11T09:00:00+00:00,sim-device-01,MOBILE,BASELINE,AUTHORED_NORMAL,Household transfer
0ee11126-66a4-53af-8a29-ff7adf3f3429,2f1b273d-7ac2-5307-a529-c36b23be9713,4e7a17c9-7f45-5482-a1f0-4e4ba86db76e,35000,KZT,2026-08-11T10:00:00+00:00,sim-device-01,MOBILE,BASELINE,AUTHORED_NORMAL,Grocery purchase
18029d4b-1ee0-57aa-80ab-e81d4bd28ddc,2f1b273d-7ac2-5307-a529-c36b23be9713,bb1ad09f-f1f3-5cde-b2aa-db54217d81f4,26000,KZT,2026-08-12T09:00:00+00:00,sim-device-01,MOBILE,BASELINE,AUTHORED_NORMAL,Monthly utility payment
bdc55a02-a6c8-54ce-b256-62bf00ececab,2f1b273d-7ac2-5307-a529-c36b23be9713,53ff2a56-55d5-5ac7-b08d-0ea5b6297004,33000,KZT,2026-08-12T10:00:00+00:00,sim-device-01,MOBILE,BASELINE,AUTHORED_NORMAL,Household transfer
6796f972-1829-54c7-b56b-5209d391a901,2f1b273d-7ac2-5307-a529-c36b23be9713,4e7a17c9-7f45-5482-a1f0-4e4ba86db76e,29000,KZT,2026-08-13T09:00:00+00:00,sim-device-01,MOBILE,BASELINE,AUTHORED_NORMAL,Grocery purchase
34342f19-54f1-5bf9-bfaa-4f48448db5d4,2f1b273d-7ac2-5307-a529-c36b23be9713,bb1ad09f-f1f3-5cde-b2aa-db54217d81f4,22000,KZT,2026-08-13T10:00:00+00:00,sim-device-01,MOBILE,BASELINE,AUTHORED_NORMAL,Monthly utility payment
31ae95fc-cde7-591f-842a-8d72ebc0b519,2f1b273d-7ac2-5307-a529-c36b23be9713,53ff2a56-55d5-5ac7-b08d-0ea5b6297004,31000,KZT,2026-08-14T09:00:00+00:00,sim-device-01,MOBILE,BASELINE,AUTHORED_NORMAL,Household transfer
be5a20c1-efcc-5297-bd59-9e1c299dfe86,2f1b273d-7ac2-5307-a529-c36b23be9713,4e7a17c9-7f45-5482-a1f0-4e4ba86db76e,28000,KZT,2026-08-14T10:00:00+00:00,sim-device-01,MOBILE,BASELINE,AUTHORED_NORMAL,Grocery purchase
68f7e735-b08b-5fe2-afb3-23254281cab3,2f1b273d-7ac2-5307-a529-c36b23be9713,bb1ad09f-f1f3-5cde-b2aa-db54217d81f4,35000,KZT,2026-08-15T09:00:00+00:00,sim-device-01,MOBILE,BASELINE,AUTHORED_NORMAL,Monthly utility payment
7dacc723-c42a-5963-addf-830743b56b93,2f1b273d-7ac2-5307-a529-c36b23be9713,53ff2a56-55d5-5ac7-b08d-0ea5b6297004,26000,KZT,2026-08-15T10:00:00+00:00,sim-device-01,MOBILE,BASELINE,AUTHORED_NORMAL,Household transfer
42f5f0b1-682d-5d6b-b956-4e4b9b138bc9,2f1b273d-7ac2-5307-a529-c36b23be9713,4e7a17c9-7f45-5482-a1f0-4e4ba86db76e,33000,KZT,2026-08-16T09:00:00+00:00,sim-device-01,MOBILE,BASELINE,AUTHORED_NORMAL,Grocery purchase
56ea0020-2e5b-5249-b423-4828fc331a4c,2f1b273d-7ac2-5307-a529-c36b23be9713,bb1ad09f-f1f3-5cde-b2aa-db54217d81f4,29000,KZT,2026-08-16T10:00:00+00:00,sim-device-01,MOBILE,BASELINE,AUTHORED_NORMAL,Monthly utility payment
08e95fc7-e7bf-5c67-a9dc-e67e33dc4773,2f1b273d-7ac2-5307-a529-c36b23be9713,53ff2a56-55d5-5ac7-b08d-0ea5b6297004,22000,KZT,2026-08-17T09:00:00+00:00,sim-device-01,MOBILE,BASELINE,AUTHORED_NORMAL,Household transfer
497fe5f2-c0b8-5f9e-9633-bff1952c7180,2f1b273d-7ac2-5307-a529-c36b23be9713,4e7a17c9-7f45-5482-a1f0-4e4ba86db76e,31000,KZT,2026-08-17T10:00:00+00:00,sim-device-01,MOBILE,BASELINE,AUTHORED_NORMAL,Grocery purchase
451efa7f-9156-5369-971e-651222f824df,2f1b273d-7ac2-5307-a529-c36b23be9713,bb1ad09f-f1f3-5cde-b2aa-db54217d81f4,28000,KZT,2026-08-18T09:00:00+00:00,sim-device-01,MOBILE,BASELINE,AUTHORED_NORMAL,Monthly utility payment
ff08c01a-ada9-5c6d-92ca-5fa76a9283d1,2f1b273d-7ac2-5307-a529-c36b23be9713,53ff2a56-55d5-5ac7-b08d-0ea5b6297004,35000,KZT,2026-08-18T10:00:00+00:00,sim-device-01,MOBILE,BASELINE,AUTHORED_NORMAL,Household transfer
df9cb3e0-7272-5b02-a843-9eb4e98e95df,2f1b273d-7ac2-5307-a529-c36b23be9713,4e7a17c9-7f45-5482-a1f0-4e4ba86db76e,26000,KZT,2026-08-19T09:00:00+00:00,sim-device-01,MOBILE,BASELINE,AUTHORED_NORMAL,Grocery purchase
d9f828a7-9b24-526d-aed6-f8c745b882ce,2f1b273d-7ac2-5307-a529-c36b23be9713,bb1ad09f-f1f3-5cde-b2aa-db54217d81f4,33000,KZT,2026-08-19T10:00:00+00:00,sim-device-01,MOBILE,BASELINE,AUTHORED_NORMAL,Monthly utility payment
99b18347-f75f-5281-8a61-89dbe5c7f636,2f1b273d-7ac2-5307-a529-c36b23be9713,53ff2a56-55d5-5ac7-b08d-0ea5b6297004,29000,KZT,2026-08-20T09:00:00+00:00,sim-device-01,MOBILE,BASELINE,AUTHORED_NORMAL,Household transfer
2a732bf6-b3c4-5bcd-954e-35831c5f32a3,2f1b273d-7ac2-5307-a529-c36b23be9713,4e7a17c9-7f45-5482-a1f0-4e4ba86db76e,22000,KZT,2026-08-20T10:00:00+00:00,sim-device-01,MOBILE,BASELINE,AUTHORED_NORMAL,Grocery purchase
e18a8e5c-ff66-5960-b60c-b91c2d4e6687,2f1b273d-7ac2-5307-a529-c36b23be9713,bb1ad09f-f1f3-5cde-b2aa-db54217d81f4,31000,KZT,2026-08-21T09:00:00+00:00,sim-device-01,MOBILE,BASELINE,AUTHORED_NORMAL,Monthly utility payment
e7397ecd-78c6-59fd-ab33-0732b1995fe1,2f1b273d-7ac2-5307-a529-c36b23be9713,53ff2a56-55d5-5ac7-b08d-0ea5b6297004,28000,KZT,2026-08-21T10:00:00+00:00,sim-device-01,MOBILE,BASELINE,AUTHORED_NORMAL,Household transfer
ea646b75-c27c-541b-bc37-5bf15f7cc627,2f1b273d-7ac2-5307-a529-c36b23be9713,4e7a17c9-7f45-5482-a1f0-4e4ba86db76e,35000,KZT,2026-08-22T09:00:00+00:00,sim-device-01,MOBILE,BASELINE,AUTHORED_NORMAL,Grocery purchase
72e3daf6-b33c-5972-a768-df5bd15eeab9,2f1b273d-7ac2-5307-a529-c36b23be9713,bb1ad09f-f1f3-5cde-b2aa-db54217d81f4,26000,KZT,2026-08-22T10:00:00+00:00,sim-device-01,MOBILE,BASELINE,AUTHORED_NORMAL,Monthly utility payment
3174222a-bf2e-5d84-9799-2826e3324cd8,2f1b273d-7ac2-5307-a529-c36b23be9713,53ff2a56-55d5-5ac7-b08d-0ea5b6297004,33000,KZT,2026-08-23T09:00:00+00:00,sim-device-01,MOBILE,BASELINE,AUTHORED_NORMAL,Household transfer
2599d0e5-ff1e-5552-8793-6431fe511af0,2f1b273d-7ac2-5307-a529-c36b23be9713,4e7a17c9-7f45-5482-a1f0-4e4ba86db76e,29000,KZT,2026-08-23T10:00:00+00:00,sim-device-01,MOBILE,BASELINE,AUTHORED_NORMAL,Grocery purchase
428735e5-7b6a-5e18-a600-5e5e64e22eb3,2f1b273d-7ac2-5307-a529-c36b23be9713,bb1ad09f-f1f3-5cde-b2aa-db54217d81f4,22000,KZT,2026-08-24T09:00:00+00:00,sim-device-01,MOBILE,BASELINE,AUTHORED_NORMAL,Monthly utility payment
102d716b-f3d4-5f49-9440-c9c460f73f5f,2f1b273d-7ac2-5307-a529-c36b23be9713,53ff2a56-55d5-5ac7-b08d-0ea5b6297004,31000,KZT,2026-08-24T10:00:00+00:00,sim-device-01,MOBILE,BASELINE,AUTHORED_NORMAL,Household transfer
e745a4fd-6b56-5ad6-864f-a1b844393010,2f1b273d-7ac2-5307-a529-c36b23be9713,4e7a17c9-7f45-5482-a1f0-4e4ba86db76e,28000,KZT,2026-08-25T09:00:00+00:00,sim-device-01,MOBILE,BASELINE,AUTHORED_NORMAL,Grocery purchase
55a53c31-a9f5-51f2-99c8-35a90fe952d9,2f1b273d-7ac2-5307-a529-c36b23be9713,bb1ad09f-f1f3-5cde-b2aa-db54217d81f4,35000,KZT,2026-08-25T10:00:00+00:00,sim-device-01,MOBILE,BASELINE,AUTHORED_NORMAL,Monthly utility payment
cfbc1faf-cb2e-5fbe-84b7-866a2c77dba9,2f1b273d-7ac2-5307-a529-c36b23be9713,53ff2a56-55d5-5ac7-b08d-0ea5b6297004,26000,KZT,2026-08-26T09:00:00+00:00,sim-device-01,MOBILE,BASELINE,AUTHORED_NORMAL,Household transfer
1ae6d18d-2dd1-5d26-b05f-99f1740c4989,2f1b273d-7ac2-5307-a529-c36b23be9713,4e7a17c9-7f45-5482-a1f0-4e4ba86db76e,33000,KZT,2026-08-26T10:00:00+00:00,sim-device-01,MOBILE,BASELINE,AUTHORED_NORMAL,Grocery purchase
2c563adf-9302-5c44-91ca-cf3650066298,2f1b273d-7ac2-5307-a529-c36b23be9713,bb1ad09f-f1f3-5cde-b2aa-db54217d81f4,29000,KZT,2026-08-27T09:00:00+00:00,sim-device-01,MOBILE,BASELINE,AUTHORED_NORMAL,Monthly utility payment
dc96c555-5851-5013-926c-2cf496ed479e,2f1b273d-7ac2-5307-a529-c36b23be9713,53ff2a56-55d5-5ac7-b08d-0ea5b6297004,22000,KZT,2026-08-27T10:00:00+00:00,sim-device-01,MOBILE,BASELINE,AUTHORED_NORMAL,Household transfer
a579729f-cc6d-5822-aebc-3957170f3f1a,2f1b273d-7ac2-5307-a529-c36b23be9713,4e7a17c9-7f45-5482-a1f0-4e4ba86db76e,31000,KZT,2026-08-28T09:00:00+00:00,sim-device-01,MOBILE,BASELINE,AUTHORED_NORMAL,Grocery purchase
80a75b4a-f3c5-5de1-bd8d-41a85714e7b7,2f1b273d-7ac2-5307-a529-c36b23be9713,bb1ad09f-f1f3-5cde-b2aa-db54217d81f4,28000,KZT,2026-08-28T10:00:00+00:00,sim-device-01,MOBILE,BASELINE,AUTHORED_NORMAL,Monthly utility payment
0d469317-5fbc-51b0-bc4d-33a3594df1de,2f1b273d-7ac2-5307-a529-c36b23be9713,53ff2a56-55d5-5ac7-b08d-0ea5b6297004,35000,KZT,2026-08-29T09:00:00+00:00,sim-device-01,MOBILE,BASELINE,AUTHORED_NORMAL,Household transfer
43fe3221-56c6-5c34-b163-0ee28899bfad,2f1b273d-7ac2-5307-a529-c36b23be9713,4e7a17c9-7f45-5482-a1f0-4e4ba86db76e,26000,KZT,2026-08-29T10:00:00+00:00,sim-device-01,MOBILE,BASELINE,AUTHORED_NORMAL,Grocery purchase
cf0d8e27-47c2-596b-baea-83b39e3dab84,2f1b273d-7ac2-5307-a529-c36b23be9713,bb1ad09f-f1f3-5cde-b2aa-db54217d81f4,33000,KZT,2026-08-30T09:00:00+00:00,sim-device-01,MOBILE,BASELINE,AUTHORED_NORMAL,Monthly utility payment
6f48ca98-7f37-5efe-b9b3-5979b4853411,2f1b273d-7ac2-5307-a529-c36b23be9713,53ff2a56-55d5-5ac7-b08d-0ea5b6297004,29000,KZT,2026-08-30T10:00:00+00:00,sim-device-01,MOBILE,BASELINE,AUTHORED_NORMAL,Household transfer
6714ee99-0b88-57f1-98cc-1dbe286159dd,2f1b273d-7ac2-5307-a529-c36b23be9713,4e7a17c9-7f45-5482-a1f0-4e4ba86db76e,22000,KZT,2026-08-31T09:00:00+00:00,sim-device-01,MOBILE,BASELINE,AUTHORED_NORMAL,Grocery purchase
6bc33867-2982-500c-8ca1-d75dc5c0e486,2f1b273d-7ac2-5307-a529-c36b23be9713,bb1ad09f-f1f3-5cde-b2aa-db54217d81f4,31000,KZT,2026-08-31T10:00:00+00:00,sim-device-01,MOBILE,BASELINE,AUTHORED_NORMAL,Monthly utility payment
35787b53-9884-5f61-9734-d333e5ef86a9,2f1b273d-7ac2-5307-a529-c36b23be9713,53ff2a56-55d5-5ac7-b08d-0ea5b6297004,28000,KZT,2026-09-01T09:00:00+00:00,sim-device-01,MOBILE,BASELINE,AUTHORED_NORMAL,Household transfer
67e0120b-e57b-50e9-9e2e-3171320d771a,2f1b273d-7ac2-5307-a529-c36b23be9713,4e7a17c9-7f45-5482-a1f0-4e4ba86db76e,35000,KZT,2026-09-01T10:00:00+00:00,sim-device-01,MOBILE,BASELINE,AUTHORED_NORMAL,Grocery purchase
a7659af9-ba1c-5213-9bbe-6ed7487b7dbb,2f1b273d-7ac2-5307-a529-c36b23be9713,bb1ad09f-f1f3-5cde-b2aa-db54217d81f4,26000,KZT,2026-09-02T09:00:00+00:00,sim-device-01,MOBILE,BASELINE,AUTHORED_NORMAL,Monthly utility payment
f5deec32-0339-50e1-85e5-87e060ec20d7,2f1b273d-7ac2-5307-a529-c36b23be9713,53ff2a56-55d5-5ac7-b08d-0ea5b6297004,33000,KZT,2026-09-02T10:00:00+00:00,sim-device-01,MOBILE,BASELINE,AUTHORED_NORMAL,Household transfer
43efc122-a762-5267-ae50-6a88d8872794,2f1b273d-7ac2-5307-a529-c36b23be9713,4e7a17c9-7f45-5482-a1f0-4e4ba86db76e,29000,KZT,2026-09-03T09:00:00+00:00,sim-device-01,MOBILE,BASELINE,AUTHORED_NORMAL,Grocery purchase
69738bf7-2735-596f-9978-182377e42a83,2f1b273d-7ac2-5307-a529-c36b23be9713,bb1ad09f-f1f3-5cde-b2aa-db54217d81f4,22000,KZT,2026-09-03T10:00:00+00:00,sim-device-01,MOBILE,BASELINE,AUTHORED_NORMAL,Monthly utility payment
1758cd92-3dcf-5822-ae17-195a1325d0d0,2f1b273d-7ac2-5307-a529-c36b23be9713,53ff2a56-55d5-5ac7-b08d-0ea5b6297004,31000,KZT,2026-09-04T09:00:00+00:00,sim-device-01,MOBILE,BASELINE,AUTHORED_NORMAL,Household transfer
6fa71bfe-8219-5be1-9f56-f77133f723fe,2f1b273d-7ac2-5307-a529-c36b23be9713,4e7a17c9-7f45-5482-a1f0-4e4ba86db76e,28000,KZT,2026-09-04T10:00:00+00:00,sim-device-01,MOBILE,BASELINE,AUTHORED_NORMAL,Grocery purchase
89ff5e9b-a33c-54b7-a385-3625c8c9c81b,2f1b273d-7ac2-5307-a529-c36b23be9713,bb1ad09f-f1f3-5cde-b2aa-db54217d81f4,35000,KZT,2026-09-05T09:00:00+00:00,sim-device-01,MOBILE,BASELINE,AUTHORED_NORMAL,Monthly utility payment
35c0c0f7-3d17-51ed-9b7b-9e9924806c2f,2f1b273d-7ac2-5307-a529-c36b23be9713,53ff2a56-55d5-5ac7-b08d-0ea5b6297004,26000,KZT,2026-09-05T10:00:00+00:00,sim-device-01,MOBILE,BASELINE,AUTHORED_NORMAL,Household transfer
698ea366-4a49-5860-87eb-c0a0b4e6459d,2f1b273d-7ac2-5307-a529-c36b23be9713,4e7a17c9-7f45-5482-a1f0-4e4ba86db76e,33000,KZT,2026-09-06T09:00:00+00:00,sim-device-01,MOBILE,BASELINE,AUTHORED_NORMAL,Grocery purchase
8632df00-07ec-5f80-bb45-53bd017eb340,2f1b273d-7ac2-5307-a529-c36b23be9713,bb1ad09f-f1f3-5cde-b2aa-db54217d81f4,29000,KZT,2026-09-06T10:00:00+00:00,sim-device-01,MOBILE,BASELINE,AUTHORED_NORMAL,Monthly utility payment
c25b3fef-63a1-537e-b4f5-0d9d1a7812a4,2f1b273d-7ac2-5307-a529-c36b23be9713,53ff2a56-55d5-5ac7-b08d-0ea5b6297004,22000,KZT,2026-09-07T09:00:00+00:00,sim-device-01,MOBILE,BASELINE,AUTHORED_NORMAL,Household transfer
ebc74a25-1659-5cf1-a8b0-36b92dca3dea,2f1b273d-7ac2-5307-a529-c36b23be9713,4e7a17c9-7f45-5482-a1f0-4e4ba86db76e,31000,KZT,2026-09-07T10:00:00+00:00,sim-device-01,MOBILE,BASELINE,AUTHORED_NORMAL,Grocery purchase
35f9de94-32a9-580d-9cef-2822d90b7507,2f1b273d-7ac2-5307-a529-c36b23be9713,bb1ad09f-f1f3-5cde-b2aa-db54217d81f4,28000,KZT,2026-09-08T09:00:00+00:00,sim-device-01,MOBILE,BASELINE,AUTHORED_NORMAL,Monthly utility payment
a0e8ece4-4765-5dd4-aab0-70d1a73a8e1b,2f1b273d-7ac2-5307-a529-c36b23be9713,53ff2a56-55d5-5ac7-b08d-0ea5b6297004,35000,KZT,2026-09-08T10:00:00+00:00,sim-device-01,MOBILE,BASELINE,AUTHORED_NORMAL,Household transfer
cebdc178-c033-5a27-8fdc-e7142a96ccf6,2f1b273d-7ac2-5307-a529-c36b23be9713,4e7a17c9-7f45-5482-a1f0-4e4ba86db76e,26000,KZT,2026-09-09T09:00:00+00:00,sim-device-01,MOBILE,BASELINE,AUTHORED_NORMAL,Grocery purchase
177b6405-5526-5d15-aaa9-e487db046541,2f1b273d-7ac2-5307-a529-c36b23be9713,bb1ad09f-f1f3-5cde-b2aa-db54217d81f4,33000,KZT,2026-09-09T10:00:00+00:00,sim-device-01,MOBILE,BASELINE,AUTHORED_NORMAL,Monthly utility payment
d5911302-b67d-51b9-9b8e-4d57ee79be3c,2f1b273d-7ac2-5307-a529-c36b23be9713,53ff2a56-55d5-5ac7-b08d-0ea5b6297004,29000,KZT,2026-09-10T09:00:00+00:00,sim-device-01,MOBILE,BASELINE,AUTHORED_NORMAL,Household transfer
8b2b9e04-1a69-59b9-89a9-f83813d6c09e,2f1b273d-7ac2-5307-a529-c36b23be9713,4e7a17c9-7f45-5482-a1f0-4e4ba86db76e,22000,KZT,2026-09-10T10:00:00+00:00,sim-device-01,MOBILE,BASELINE,AUTHORED_NORMAL,Grocery purchase
75afd05b-7b66-59e2-ab80-a49ca9700a23,2f1b273d-7ac2-5307-a529-c36b23be9713,bb1ad09f-f1f3-5cde-b2aa-db54217d81f4,31000,KZT,2026-09-11T09:00:00+00:00,sim-device-01,MOBILE,BASELINE,AUTHORED_NORMAL,Monthly utility payment
f05d372d-74c7-56f6-8bc6-9c0e383c0007,2f1b273d-7ac2-5307-a529-c36b23be9713,53ff2a56-55d5-5ac7-b08d-0ea5b6297004,28000,KZT,2026-09-11T10:00:00+00:00,sim-device-01,MOBILE,BASELINE,AUTHORED_NORMAL,Household transfer
4008213c-55bf-5198-88e3-eaa6d2f84246,2f1b273d-7ac2-5307-a529-c36b23be9713,4e7a17c9-7f45-5482-a1f0-4e4ba86db76e,35000,KZT,2026-09-12T09:00:00+00:00,sim-device-01,MOBILE,BASELINE,AUTHORED_NORMAL,Grocery purchase
85a14c7f-ea26-53cc-9f00-f5128bec8cd1,2f1b273d-7ac2-5307-a529-c36b23be9713,bb1ad09f-f1f3-5cde-b2aa-db54217d81f4,26000,KZT,2026-09-12T10:00:00+00:00,sim-device-01,MOBILE,BASELINE,AUTHORED_NORMAL,Monthly utility payment
0c6c59f5-3071-51fa-975e-50251e87f96e,2f1b273d-7ac2-5307-a529-c36b23be9713,53ff2a56-55d5-5ac7-b08d-0ea5b6297004,33000,KZT,2026-09-13T09:00:00+00:00,sim-device-01,MOBILE,BASELINE,AUTHORED_NORMAL,Household transfer
c3caeaaf-8595-5ba1-bf17-279a1047afe3,2f1b273d-7ac2-5307-a529-c36b23be9713,4e7a17c9-7f45-5482-a1f0-4e4ba86db76e,29000,KZT,2026-09-13T10:00:00+00:00,sim-device-01,MOBILE,BASELINE,AUTHORED_NORMAL,Grocery purchase
6ec1f0e2-c021-5d93-ac99-19b431dc8728,2f1b273d-7ac2-5307-a529-c36b23be9713,bb1ad09f-f1f3-5cde-b2aa-db54217d81f4,22000,KZT,2026-09-14T09:00:00+00:00,sim-device-01,MOBILE,BASELINE,AUTHORED_NORMAL,Monthly utility payment
94f0970d-496d-5f7a-bee5-f9cbc2059d1d,2f1b273d-7ac2-5307-a529-c36b23be9713,53ff2a56-55d5-5ac7-b08d-0ea5b6297004,31000,KZT,2026-09-14T10:00:00+00:00,sim-device-01,MOBILE,BASELINE,AUTHORED_NORMAL,Household transfer
dc80aeb9-eab9-5fa6-93ae-5445cd9c0b74,2f1b273d-7ac2-5307-a529-c36b23be9713,4e7a17c9-7f45-5482-a1f0-4e4ba86db76e,28000,KZT,2026-09-15T09:00:00+00:00,sim-device-01,MOBILE,BASELINE,AUTHORED_NORMAL,Grocery purchase
00dc4731-e75b-5059-8d0d-7a764a939eec,2f1b273d-7ac2-5307-a529-c36b23be9713,bb1ad09f-f1f3-5cde-b2aa-db54217d81f4,35000,KZT,2026-09-15T10:00:00+00:00,sim-device-01,MOBILE,BASELINE,AUTHORED_NORMAL,Monthly utility payment
5ea632b8-2062-5ac4-859c-30e7e4998274,2f1b273d-7ac2-5307-a529-c36b23be9713,53ff2a56-55d5-5ac7-b08d-0ea5b6297004,26000,KZT,2026-09-16T09:00:00+00:00,sim-device-01,MOBILE,BASELINE,AUTHORED_NORMAL,Household transfer
9ff119d6-913a-5b52-9815-c574ec7fd95c,2f1b273d-7ac2-5307-a529-c36b23be9713,4e7a17c9-7f45-5482-a1f0-4e4ba86db76e,33000,KZT,2026-09-16T10:00:00+00:00,sim-device-01,MOBILE,BASELINE,AUTHORED_NORMAL,Grocery purchase
44f6de67-5f49-53a5-89f1-e8063711a9da,2f1b273d-7ac2-5307-a529-c36b23be9713,bb1ad09f-f1f3-5cde-b2aa-db54217d81f4,29000,KZT,2026-09-17T09:00:00+00:00,sim-device-01,MOBILE,BASELINE,AUTHORED_NORMAL,Monthly utility payment
937173bb-4221-5733-850d-68fb2b152bd1,2f1b273d-7ac2-5307-a529-c36b23be9713,53ff2a56-55d5-5ac7-b08d-0ea5b6297004,22000,KZT,2026-09-17T10:00:00+00:00,sim-device-01,MOBILE,BASELINE,AUTHORED_NORMAL,Household transfer
24e531b6-a001-548b-9b63-a99945a2aa6e,2f1b273d-7ac2-5307-a529-c36b23be9713,4e7a17c9-7f45-5482-a1f0-4e4ba86db76e,31000,KZT,2026-09-18T09:00:00+00:00,sim-device-01,MOBILE,BASELINE,AUTHORED_NORMAL,Grocery purchase
cbb5754f-655b-5b36-b1f9-18c2b19d6a38,2f1b273d-7ac2-5307-a529-c36b23be9713,bb1ad09f-f1f3-5cde-b2aa-db54217d81f4,28000,KZT,2026-09-18T10:00:00+00:00,sim-device-01,MOBILE,BASELINE,AUTHORED_NORMAL,Monthly utility payment
26108cb6-7d67-5a5e-8a4b-315ac9bcd485,2f1b273d-7ac2-5307-a529-c36b23be9713,53ff2a56-55d5-5ac7-b08d-0ea5b6297004,35000,KZT,2026-09-19T09:00:00+00:00,sim-device-01,MOBILE,BASELINE,AUTHORED_NORMAL,Household transfer
a09cbdfb-2bcf-5281-bfe1-32d6b2eafd85,2f1b273d-7ac2-5307-a529-c36b23be9713,4e7a17c9-7f45-5482-a1f0-4e4ba86db76e,26000,KZT,2026-09-19T10:00:00+00:00,sim-device-01,MOBILE,BASELINE,AUTHORED_NORMAL,Grocery purchase
a53991f8-c9e7-523a-bf9e-909d7979f1fe,5b3beef4-0115-5113-a435-2141551cd99c,d74e0969-a31e-58ed-9778-362d27e8068d,28000,KZT,2026-06-12T09:00:00+00:00,sim-device-02,MOBILE,BASELINE,AUTHORED_NORMAL,Household transfer
a5d556ef-b618-5d8e-97ba-4ab806f54720,5b3beef4-0115-5113-a435-2141551cd99c,7001b247-1fed-5cba-b1b8-9dc9fa7cb6c5,35000,KZT,2026-06-12T10:00:00+00:00,sim-device-02,MOBILE,BASELINE,AUTHORED_NORMAL,Grocery purchase
fde00d23-7342-58cd-97a7-786f56f0a6e3,5b3beef4-0115-5113-a435-2141551cd99c,96996879-452d-56c1-900b-eef7806fb6e5,26000,KZT,2026-06-13T09:00:00+00:00,sim-device-02,MOBILE,BASELINE,AUTHORED_NORMAL,Monthly utility payment
bd38f73b-7ed6-5a26-8f94-559e35faa9b7,5b3beef4-0115-5113-a435-2141551cd99c,d74e0969-a31e-58ed-9778-362d27e8068d,33000,KZT,2026-06-13T10:00:00+00:00,sim-device-02,MOBILE,BASELINE,AUTHORED_NORMAL,Household transfer
b92f97b5-287d-5e68-baee-be2a5339eb86,5b3beef4-0115-5113-a435-2141551cd99c,7001b247-1fed-5cba-b1b8-9dc9fa7cb6c5,29000,KZT,2026-06-14T09:00:00+00:00,sim-device-02,MOBILE,BASELINE,AUTHORED_NORMAL,Grocery purchase
0f329fd9-214a-5638-9109-9be375786902,5b3beef4-0115-5113-a435-2141551cd99c,96996879-452d-56c1-900b-eef7806fb6e5,22000,KZT,2026-06-14T10:00:00+00:00,sim-device-02,MOBILE,BASELINE,AUTHORED_NORMAL,Monthly utility payment
33eab520-41a6-589a-9167-033cd9f7f47d,5b3beef4-0115-5113-a435-2141551cd99c,d74e0969-a31e-58ed-9778-362d27e8068d,31000,KZT,2026-06-15T09:00:00+00:00,sim-device-02,MOBILE,BASELINE,AUTHORED_NORMAL,Household transfer
9dd00d36-a1b5-5383-b557-837a1542b70a,5b3beef4-0115-5113-a435-2141551cd99c,7001b247-1fed-5cba-b1b8-9dc9fa7cb6c5,28000,KZT,2026-06-15T10:00:00+00:00,sim-device-02,MOBILE,BASELINE,AUTHORED_NORMAL,Grocery purchase
60c5f7d0-ae7b-55f0-a2db-3639d817d321,5b3beef4-0115-5113-a435-2141551cd99c,96996879-452d-56c1-900b-eef7806fb6e5,35000,KZT,2026-06-16T09:00:00+00:00,sim-device-02,MOBILE,BASELINE,AUTHORED_NORMAL,Monthly utility payment
a8434d98-6df6-536b-8c37-b0d66bba668e,5b3beef4-0115-5113-a435-2141551cd99c,d74e0969-a31e-58ed-9778-362d27e8068d,26000,KZT,2026-06-16T10:00:00+00:00,sim-device-02,MOBILE,BASELINE,AUTHORED_NORMAL,Household transfer
2a85e61b-ca32-5b53-84ea-c9188e8cabf2,5b3beef4-0115-5113-a435-2141551cd99c,7001b247-1fed-5cba-b1b8-9dc9fa7cb6c5,33000,KZT,2026-06-17T09:00:00+00:00,sim-device-02,MOBILE,BASELINE,AUTHORED_NORMAL,Grocery purchase
3273df43-e0f0-5735-9d8b-1db786b41e97,5b3beef4-0115-5113-a435-2141551cd99c,96996879-452d-56c1-900b-eef7806fb6e5,29000,KZT,2026-06-17T10:00:00+00:00,sim-device-02,MOBILE,BASELINE,AUTHORED_NORMAL,Monthly utility payment
bbe501e3-043a-562a-b81c-3cb76e1c660f,5b3beef4-0115-5113-a435-2141551cd99c,d74e0969-a31e-58ed-9778-362d27e8068d,22000,KZT,2026-06-18T09:00:00+00:00,sim-device-02,MOBILE,BASELINE,AUTHORED_NORMAL,Household transfer
d9c55898-1a01-537f-8ea7-e08f99427608,5b3beef4-0115-5113-a435-2141551cd99c,7001b247-1fed-5cba-b1b8-9dc9fa7cb6c5,31000,KZT,2026-06-18T10:00:00+00:00,sim-device-02,MOBILE,BASELINE,AUTHORED_NORMAL,Grocery purchase
1e5ec58e-a943-5689-a9df-eb3280739954,5b3beef4-0115-5113-a435-2141551cd99c,96996879-452d-56c1-900b-eef7806fb6e5,28000,KZT,2026-06-19T09:00:00+00:00,sim-device-02,MOBILE,BASELINE,AUTHORED_NORMAL,Monthly utility payment
57df3d0b-d06f-56c4-a082-c9b2d64fd826,5b3beef4-0115-5113-a435-2141551cd99c,d74e0969-a31e-58ed-9778-362d27e8068d,35000,KZT,2026-06-19T10:00:00+00:00,sim-device-02,MOBILE,BASELINE,AUTHORED_NORMAL,Household transfer
1d131d6a-6980-5dc5-99f6-e5b5a45b2bb6,5b3beef4-0115-5113-a435-2141551cd99c,7001b247-1fed-5cba-b1b8-9dc9fa7cb6c5,26000,KZT,2026-06-20T09:00:00+00:00,sim-device-02,MOBILE,BASELINE,AUTHORED_NORMAL,Grocery purchase
91e34e30-3246-5a3b-9064-2c31ade1cd47,5b3beef4-0115-5113-a435-2141551cd99c,96996879-452d-56c1-900b-eef7806fb6e5,33000,KZT,2026-06-20T10:00:00+00:00,sim-device-02,MOBILE,BASELINE,AUTHORED_NORMAL,Monthly utility payment
d3580da3-7065-5679-936e-40f41a9c3e3e,5b3beef4-0115-5113-a435-2141551cd99c,d74e0969-a31e-58ed-9778-362d27e8068d,29000,KZT,2026-06-21T09:00:00+00:00,sim-device-02,MOBILE,BASELINE,AUTHORED_NORMAL,Household transfer
9e6967e8-d5ee-5dd8-9834-97919bd116d2,5b3beef4-0115-5113-a435-2141551cd99c,7001b247-1fed-5cba-b1b8-9dc9fa7cb6c5,22000,KZT,2026-06-21T10:00:00+00:00,sim-device-02,MOBILE,BASELINE,AUTHORED_NORMAL,Grocery purchase
8225a149-c3b7-5561-ab2b-75e278a1585a,5b3beef4-0115-5113-a435-2141551cd99c,96996879-452d-56c1-900b-eef7806fb6e5,31000,KZT,2026-06-22T09:00:00+00:00,sim-device-02,MOBILE,BASELINE,AUTHORED_NORMAL,Monthly utility payment
3b06afa7-9ed1-5e57-802f-87ecc8dc9db7,5b3beef4-0115-5113-a435-2141551cd99c,d74e0969-a31e-58ed-9778-362d27e8068d,28000,KZT,2026-06-22T10:00:00+00:00,sim-device-02,MOBILE,BASELINE,AUTHORED_NORMAL,Household transfer
eecf81f7-c6d0-51df-a442-f3376da8070e,5b3beef4-0115-5113-a435-2141551cd99c,7001b247-1fed-5cba-b1b8-9dc9fa7cb6c5,35000,KZT,2026-06-23T09:00:00+00:00,sim-device-02,MOBILE,BASELINE,AUTHORED_NORMAL,Grocery purchase
84df3c1f-f509-5a2e-a635-58161b724265,5b3beef4-0115-5113-a435-2141551cd99c,96996879-452d-56c1-900b-eef7806fb6e5,26000,KZT,2026-06-23T10:00:00+00:00,sim-device-02,MOBILE,BASELINE,AUTHORED_NORMAL,Monthly utility payment
c4f49da6-1f0a-5497-a401-dff4db9b7448,5b3beef4-0115-5113-a435-2141551cd99c,d74e0969-a31e-58ed-9778-362d27e8068d,33000,KZT,2026-06-24T09:00:00+00:00,sim-device-02,MOBILE,BASELINE,AUTHORED_NORMAL,Household transfer
c3581594-ad83-546a-ae87-a78d7729774a,5b3beef4-0115-5113-a435-2141551cd99c,7001b247-1fed-5cba-b1b8-9dc9fa7cb6c5,29000,KZT,2026-06-24T10:00:00+00:00,sim-device-02,MOBILE,BASELINE,AUTHORED_NORMAL,Grocery purchase
93d592ab-9398-5567-b551-3fd2777b19cd,5b3beef4-0115-5113-a435-2141551cd99c,96996879-452d-56c1-900b-eef7806fb6e5,22000,KZT,2026-06-25T09:00:00+00:00,sim-device-02,MOBILE,BASELINE,AUTHORED_NORMAL,Monthly utility payment
000ccf50-6d9a-5eac-aeb4-07e112863168,5b3beef4-0115-5113-a435-2141551cd99c,d74e0969-a31e-58ed-9778-362d27e8068d,31000,KZT,2026-06-25T10:00:00+00:00,sim-device-02,MOBILE,BASELINE,AUTHORED_NORMAL,Household transfer
713f10b4-52b6-5845-9f03-6f965eac6bc2,5b3beef4-0115-5113-a435-2141551cd99c,7001b247-1fed-5cba-b1b8-9dc9fa7cb6c5,28000,KZT,2026-06-26T09:00:00+00:00,sim-device-02,MOBILE,BASELINE,AUTHORED_NORMAL,Grocery purchase
3984c25e-7d69-5938-b20c-8f12c297ace4,5b3beef4-0115-5113-a435-2141551cd99c,96996879-452d-56c1-900b-eef7806fb6e5,35000,KZT,2026-06-26T10:00:00+00:00,sim-device-02,MOBILE,BASELINE,AUTHORED_NORMAL,Monthly utility payment
bf6207e5-450d-5590-8a93-33979fe06ceb,5b3beef4-0115-5113-a435-2141551cd99c,d74e0969-a31e-58ed-9778-362d27e8068d,26000,KZT,2026-06-27T09:00:00+00:00,sim-device-02,MOBILE,BASELINE,AUTHORED_NORMAL,Household transfer
2c398926-147c-5694-97c8-01e59afeb24b,5b3beef4-0115-5113-a435-2141551cd99c,7001b247-1fed-5cba-b1b8-9dc9fa7cb6c5,33000,KZT,2026-06-27T10:00:00+00:00,sim-device-02,MOBILE,BASELINE,AUTHORED_NORMAL,Grocery purchase
f9655e0a-dcec-5587-afb7-f2458866e2eb,5b3beef4-0115-5113-a435-2141551cd99c,96996879-452d-56c1-900b-eef7806fb6e5,29000,KZT,2026-06-28T09:00:00+00:00,sim-device-02,MOBILE,BASELINE,AUTHORED_NORMAL,Monthly utility payment
dfcebac3-9f2e-50f8-a355-af8bd6394ccf,5b3beef4-0115-5113-a435-2141551cd99c,d74e0969-a31e-58ed-9778-362d27e8068d,22000,KZT,2026-06-28T10:00:00+00:00,sim-device-02,MOBILE,BASELINE,AUTHORED_NORMAL,Household transfer
1a88d883-1f8a-540d-89cc-07db0dd7b99c,5b3beef4-0115-5113-a435-2141551cd99c,7001b247-1fed-5cba-b1b8-9dc9fa7cb6c5,31000,KZT,2026-06-29T09:00:00+00:00,sim-device-02,MOBILE,BASELINE,AUTHORED_NORMAL,Grocery purchase
83bd737c-a969-5641-9037-28b91c78a022,5b3beef4-0115-5113-a435-2141551cd99c,96996879-452d-56c1-900b-eef7806fb6e5,28000,KZT,2026-06-29T10:00:00+00:00,sim-device-02,MOBILE,BASELINE,AUTHORED_NORMAL,Monthly utility payment
bb301a4f-1ffd-5331-9687-c87f12a903f1,5b3beef4-0115-5113-a435-2141551cd99c,d74e0969-a31e-58ed-9778-362d27e8068d,35000,KZT,2026-06-30T09:00:00+00:00,sim-device-02,MOBILE,BASELINE,AUTHORED_NORMAL,Household transfer
ae097824-ebb0-5809-b2c6-fad053b264d1,5b3beef4-0115-5113-a435-2141551cd99c,7001b247-1fed-5cba-b1b8-9dc9fa7cb6c5,26000,KZT,2026-06-30T10:00:00+00:00,sim-device-02,MOBILE,BASELINE,AUTHORED_NORMAL,Grocery purchase
0904262d-284b-5c14-ac8e-51098bdf2683,5b3beef4-0115-5113-a435-2141551cd99c,96996879-452d-56c1-900b-eef7806fb6e5,33000,KZT,2026-07-01T09:00:00+00:00,sim-device-02,MOBILE,BASELINE,AUTHORED_NORMAL,Monthly utility payment
77c0f02c-cc5d-5ea0-aa69-a8f1ccc8412a,5b3beef4-0115-5113-a435-2141551cd99c,d74e0969-a31e-58ed-9778-362d27e8068d,29000,KZT,2026-07-01T10:00:00+00:00,sim-device-02,MOBILE,BASELINE,AUTHORED_NORMAL,Household transfer
5eb89cd0-42ef-516c-a3b7-61ebe767e3f6,5b3beef4-0115-5113-a435-2141551cd99c,7001b247-1fed-5cba-b1b8-9dc9fa7cb6c5,22000,KZT,2026-07-02T09:00:00+00:00,sim-device-02,MOBILE,BASELINE,AUTHORED_NORMAL,Grocery purchase
c4db1b46-7b41-55d7-a888-d7e80d0e222f,5b3beef4-0115-5113-a435-2141551cd99c,96996879-452d-56c1-900b-eef7806fb6e5,31000,KZT,2026-07-02T10:00:00+00:00,sim-device-02,MOBILE,BASELINE,AUTHORED_NORMAL,Monthly utility payment
d27b2e9a-ae38-5cee-a7e5-f264af059683,5b3beef4-0115-5113-a435-2141551cd99c,d74e0969-a31e-58ed-9778-362d27e8068d,28000,KZT,2026-07-03T09:00:00+00:00,sim-device-02,MOBILE,BASELINE,AUTHORED_NORMAL,Household transfer
08ada304-29b8-508f-8e10-b33fcb486665,5b3beef4-0115-5113-a435-2141551cd99c,7001b247-1fed-5cba-b1b8-9dc9fa7cb6c5,35000,KZT,2026-07-03T10:00:00+00:00,sim-device-02,MOBILE,BASELINE,AUTHORED_NORMAL,Grocery purchase
3fa5fcad-f132-5316-a339-a20a71229f05,5b3beef4-0115-5113-a435-2141551cd99c,96996879-452d-56c1-900b-eef7806fb6e5,26000,KZT,2026-07-04T09:00:00+00:00,sim-device-02,MOBILE,BASELINE,AUTHORED_NORMAL,Monthly utility payment
5ea75f43-dee1-5101-9516-0fdd73bd4200,5b3beef4-0115-5113-a435-2141551cd99c,d74e0969-a31e-58ed-9778-362d27e8068d,33000,KZT,2026-07-04T10:00:00+00:00,sim-device-02,MOBILE,BASELINE,AUTHORED_NORMAL,Household transfer
ad22c365-6903-532d-bf71-19d2e511b2af,5b3beef4-0115-5113-a435-2141551cd99c,7001b247-1fed-5cba-b1b8-9dc9fa7cb6c5,29000,KZT,2026-07-05T09:00:00+00:00,sim-device-02,MOBILE,BASELINE,AUTHORED_NORMAL,Grocery purchase
4736558b-746a-5ab9-9159-b780b0072a18,5b3beef4-0115-5113-a435-2141551cd99c,96996879-452d-56c1-900b-eef7806fb6e5,22000,KZT,2026-07-05T10:00:00+00:00,sim-device-02,MOBILE,BASELINE,AUTHORED_NORMAL,Monthly utility payment
7399a74f-8f8b-530e-b718-5981b89c7d30,5b3beef4-0115-5113-a435-2141551cd99c,d74e0969-a31e-58ed-9778-362d27e8068d,31000,KZT,2026-07-06T09:00:00+00:00,sim-device-02,MOBILE,BASELINE,AUTHORED_NORMAL,Household transfer
5f14df72-847c-5b07-bb53-764168cec867,5b3beef4-0115-5113-a435-2141551cd99c,7001b247-1fed-5cba-b1b8-9dc9fa7cb6c5,28000,KZT,2026-07-06T10:00:00+00:00,sim-device-02,MOBILE,BASELINE,AUTHORED_NORMAL,Grocery purchase
4113efbe-871b-551b-992c-bd61dde9a245,5b3beef4-0115-5113-a435-2141551cd99c,96996879-452d-56c1-900b-eef7806fb6e5,35000,KZT,2026-07-07T09:00:00+00:00,sim-device-02,MOBILE,BASELINE,AUTHORED_NORMAL,Monthly utility payment
502a27fd-bbfa-5810-a978-cded023f99e7,5b3beef4-0115-5113-a435-2141551cd99c,d74e0969-a31e-58ed-9778-362d27e8068d,26000,KZT,2026-07-07T10:00:00+00:00,sim-device-02,MOBILE,BASELINE,AUTHORED_NORMAL,Household transfer
cdc8a8dd-266b-57e4-bc5f-c3259caaf989,5b3beef4-0115-5113-a435-2141551cd99c,7001b247-1fed-5cba-b1b8-9dc9fa7cb6c5,33000,KZT,2026-07-08T09:00:00+00:00,sim-device-02,MOBILE,BASELINE,AUTHORED_NORMAL,Grocery purchase
737c0069-0d85-55ce-8b40-77488ddd11b7,5b3beef4-0115-5113-a435-2141551cd99c,96996879-452d-56c1-900b-eef7806fb6e5,29000,KZT,2026-07-08T10:00:00+00:00,sim-device-02,MOBILE,BASELINE,AUTHORED_NORMAL,Monthly utility payment
ece7bb26-bbc2-5c08-a202-c966e3acb0f8,5b3beef4-0115-5113-a435-2141551cd99c,d74e0969-a31e-58ed-9778-362d27e8068d,22000,KZT,2026-07-09T09:00:00+00:00,sim-device-02,MOBILE,BASELINE,AUTHORED_NORMAL,Household transfer
c3805c27-8315-519e-ab18-6fd43f324291,5b3beef4-0115-5113-a435-2141551cd99c,7001b247-1fed-5cba-b1b8-9dc9fa7cb6c5,31000,KZT,2026-07-09T10:00:00+00:00,sim-device-02,MOBILE,BASELINE,AUTHORED_NORMAL,Grocery purchase
6722b4d9-aeb8-50d0-8c32-e7e9bc8b64e0,5b3beef4-0115-5113-a435-2141551cd99c,96996879-452d-56c1-900b-eef7806fb6e5,28000,KZT,2026-07-10T09:00:00+00:00,sim-device-02,MOBILE,BASELINE,AUTHORED_NORMAL,Monthly utility payment
b3c1cd5f-9ad5-52ec-bf38-08226816b6a9,5b3beef4-0115-5113-a435-2141551cd99c,d74e0969-a31e-58ed-9778-362d27e8068d,35000,KZT,2026-07-10T10:00:00+00:00,sim-device-02,MOBILE,BASELINE,AUTHORED_NORMAL,Household transfer
7dd9127d-1dfe-5f00-80a2-06220f949d0b,5b3beef4-0115-5113-a435-2141551cd99c,7001b247-1fed-5cba-b1b8-9dc9fa7cb6c5,26000,KZT,2026-07-11T09:00:00+00:00,sim-device-02,MOBILE,BASELINE,AUTHORED_NORMAL,Grocery purchase
29967f45-8b44-5fae-a00d-3131c7edfa96,5b3beef4-0115-5113-a435-2141551cd99c,96996879-452d-56c1-900b-eef7806fb6e5,33000,KZT,2026-07-11T10:00:00+00:00,sim-device-02,MOBILE,BASELINE,AUTHORED_NORMAL,Monthly utility payment
8ae93a1a-e6aa-5071-8074-b7c3fa0e5f8b,5b3beef4-0115-5113-a435-2141551cd99c,d74e0969-a31e-58ed-9778-362d27e8068d,29000,KZT,2026-07-12T09:00:00+00:00,sim-device-02,MOBILE,BASELINE,AUTHORED_NORMAL,Household transfer
e3364fcf-298d-585d-af3e-0818f6cd3148,5b3beef4-0115-5113-a435-2141551cd99c,7001b247-1fed-5cba-b1b8-9dc9fa7cb6c5,22000,KZT,2026-07-12T10:00:00+00:00,sim-device-02,MOBILE,BASELINE,AUTHORED_NORMAL,Grocery purchase
26f21f7b-96ed-5acf-8219-85293751310c,5b3beef4-0115-5113-a435-2141551cd99c,96996879-452d-56c1-900b-eef7806fb6e5,31000,KZT,2026-07-13T09:00:00+00:00,sim-device-02,MOBILE,BASELINE,AUTHORED_NORMAL,Monthly utility payment
6e792b26-8576-585c-9801-5d5d2c568521,5b3beef4-0115-5113-a435-2141551cd99c,d74e0969-a31e-58ed-9778-362d27e8068d,28000,KZT,2026-07-13T10:00:00+00:00,sim-device-02,MOBILE,BASELINE,AUTHORED_NORMAL,Household transfer
945eeb49-4e8a-5e5f-92d0-686b9c76f429,5b3beef4-0115-5113-a435-2141551cd99c,7001b247-1fed-5cba-b1b8-9dc9fa7cb6c5,35000,KZT,2026-07-14T09:00:00+00:00,sim-device-02,MOBILE,BASELINE,AUTHORED_NORMAL,Grocery purchase
b630eae8-aca1-50af-b96f-215da7b07beb,5b3beef4-0115-5113-a435-2141551cd99c,96996879-452d-56c1-900b-eef7806fb6e5,26000,KZT,2026-07-14T10:00:00+00:00,sim-device-02,MOBILE,BASELINE,AUTHORED_NORMAL,Monthly utility payment
42146b75-e7e8-5ab8-9ba6-4676a244c518,5b3beef4-0115-5113-a435-2141551cd99c,d74e0969-a31e-58ed-9778-362d27e8068d,33000,KZT,2026-07-15T09:00:00+00:00,sim-device-02,MOBILE,BASELINE,AUTHORED_NORMAL,Household transfer
6224b4c9-ceef-516f-bbf0-e43de29cbae6,5b3beef4-0115-5113-a435-2141551cd99c,7001b247-1fed-5cba-b1b8-9dc9fa7cb6c5,29000,KZT,2026-07-15T10:00:00+00:00,sim-device-02,MOBILE,BASELINE,AUTHORED_NORMAL,Grocery purchase
5c4f9e36-946c-5adb-9e79-41bae43ac580,5b3beef4-0115-5113-a435-2141551cd99c,96996879-452d-56c1-900b-eef7806fb6e5,22000,KZT,2026-07-16T09:00:00+00:00,sim-device-02,MOBILE,BASELINE,AUTHORED_NORMAL,Monthly utility payment
6536c6e6-ad64-56b5-91b8-f64238928729,5b3beef4-0115-5113-a435-2141551cd99c,d74e0969-a31e-58ed-9778-362d27e8068d,31000,KZT,2026-07-16T10:00:00+00:00,sim-device-02,MOBILE,BASELINE,AUTHORED_NORMAL,Household transfer
adab2bc9-6105-54b1-a786-75ac684e1bca,5b3beef4-0115-5113-a435-2141551cd99c,7001b247-1fed-5cba-b1b8-9dc9fa7cb6c5,28000,KZT,2026-07-17T09:00:00+00:00,sim-device-02,MOBILE,BASELINE,AUTHORED_NORMAL,Grocery purchase
d5cf53b5-73e7-5a54-a4b0-a1d5f603f840,5b3beef4-0115-5113-a435-2141551cd99c,96996879-452d-56c1-900b-eef7806fb6e5,35000,KZT,2026-07-17T10:00:00+00:00,sim-device-02,MOBILE,BASELINE,AUTHORED_NORMAL,Monthly utility payment
0c436e2f-c2b5-5a47-9188-9cebfaee4a96,5b3beef4-0115-5113-a435-2141551cd99c,d74e0969-a31e-58ed-9778-362d27e8068d,26000,KZT,2026-07-18T09:00:00+00:00,sim-device-02,MOBILE,BASELINE,AUTHORED_NORMAL,Household transfer
c8be7a78-f7cb-5b8a-a3c7-ffa291258898,5b3beef4-0115-5113-a435-2141551cd99c,7001b247-1fed-5cba-b1b8-9dc9fa7cb6c5,33000,KZT,2026-07-18T10:00:00+00:00,sim-device-02,MOBILE,BASELINE,AUTHORED_NORMAL,Grocery purchase
13b60f54-d45b-58c0-8918-1f539c569a86,5b3beef4-0115-5113-a435-2141551cd99c,96996879-452d-56c1-900b-eef7806fb6e5,29000,KZT,2026-07-19T09:00:00+00:00,sim-device-02,MOBILE,BASELINE,AUTHORED_NORMAL,Monthly utility payment
1ad1a90f-3020-53bc-a799-9dfd41f5ee5b,5b3beef4-0115-5113-a435-2141551cd99c,d74e0969-a31e-58ed-9778-362d27e8068d,22000,KZT,2026-07-19T10:00:00+00:00,sim-device-02,MOBILE,BASELINE,AUTHORED_NORMAL,Household transfer
6f66cc6d-1ee6-5db8-9b69-5207bb69377d,5b3beef4-0115-5113-a435-2141551cd99c,7001b247-1fed-5cba-b1b8-9dc9fa7cb6c5,31000,KZT,2026-07-20T09:00:00+00:00,sim-device-02,MOBILE,BASELINE,AUTHORED_NORMAL,Grocery purchase
aba62e62-5bfa-5c19-8bf7-fc140e65a7c9,5b3beef4-0115-5113-a435-2141551cd99c,96996879-452d-56c1-900b-eef7806fb6e5,28000,KZT,2026-07-20T10:00:00+00:00,sim-device-02,MOBILE,BASELINE,AUTHORED_NORMAL,Monthly utility payment
e25ce747-0e40-5080-ade0-9312f080c3cc,5b3beef4-0115-5113-a435-2141551cd99c,d74e0969-a31e-58ed-9778-362d27e8068d,35000,KZT,2026-07-21T09:00:00+00:00,sim-device-02,MOBILE,BASELINE,AUTHORED_NORMAL,Household transfer
19dbc927-e04c-5b31-a63b-6756b31c4baf,5b3beef4-0115-5113-a435-2141551cd99c,7001b247-1fed-5cba-b1b8-9dc9fa7cb6c5,26000,KZT,2026-07-21T10:00:00+00:00,sim-device-02,MOBILE,BASELINE,AUTHORED_NORMAL,Grocery purchase
087df8a9-9f80-5a1b-9af2-7d32ab244e36,5b3beef4-0115-5113-a435-2141551cd99c,96996879-452d-56c1-900b-eef7806fb6e5,33000,KZT,2026-07-22T09:00:00+00:00,sim-device-02,MOBILE,BASELINE,AUTHORED_NORMAL,Monthly utility payment
348e3be7-1ac9-54c9-aeeb-9eec894bf7df,5b3beef4-0115-5113-a435-2141551cd99c,d74e0969-a31e-58ed-9778-362d27e8068d,29000,KZT,2026-07-22T10:00:00+00:00,sim-device-02,MOBILE,BASELINE,AUTHORED_NORMAL,Household transfer
2b2d891e-186f-5524-bbe9-5167a998ff33,5b3beef4-0115-5113-a435-2141551cd99c,7001b247-1fed-5cba-b1b8-9dc9fa7cb6c5,22000,KZT,2026-07-23T09:00:00+00:00,sim-device-02,MOBILE,BASELINE,AUTHORED_NORMAL,Grocery purchase
dd693e48-5e35-5f5f-8893-d3a7bf9cca27,5b3beef4-0115-5113-a435-2141551cd99c,96996879-452d-56c1-900b-eef7806fb6e5,31000,KZT,2026-07-23T10:00:00+00:00,sim-device-02,MOBILE,BASELINE,AUTHORED_NORMAL,Monthly utility payment
0be333de-c81f-5f18-85e1-4d51c6e49492,5b3beef4-0115-5113-a435-2141551cd99c,d74e0969-a31e-58ed-9778-362d27e8068d,28000,KZT,2026-07-24T09:00:00+00:00,sim-device-02,MOBILE,BASELINE,AUTHORED_NORMAL,Household transfer
ce907fea-a9e4-5bc6-8e0a-cd9e2a836f5a,5b3beef4-0115-5113-a435-2141551cd99c,7001b247-1fed-5cba-b1b8-9dc9fa7cb6c5,35000,KZT,2026-07-24T10:00:00+00:00,sim-device-02,MOBILE,BASELINE,AUTHORED_NORMAL,Grocery purchase
6ee00b2a-dc42-5ba1-b1dc-55e3fe40b112,5b3beef4-0115-5113-a435-2141551cd99c,96996879-452d-56c1-900b-eef7806fb6e5,26000,KZT,2026-07-25T09:00:00+00:00,sim-device-02,MOBILE,BASELINE,AUTHORED_NORMAL,Monthly utility payment
96a37501-5776-52e8-9bba-02bf1bb1656d,5b3beef4-0115-5113-a435-2141551cd99c,d74e0969-a31e-58ed-9778-362d27e8068d,33000,KZT,2026-07-25T10:00:00+00:00,sim-device-02,MOBILE,BASELINE,AUTHORED_NORMAL,Household transfer
48d42308-351e-5f85-a6ec-4716f239aa85,5b3beef4-0115-5113-a435-2141551cd99c,7001b247-1fed-5cba-b1b8-9dc9fa7cb6c5,29000,KZT,2026-07-26T09:00:00+00:00,sim-device-02,MOBILE,BASELINE,AUTHORED_NORMAL,Grocery purchase
2328d504-616f-5918-b47a-bc3267efb57c,5b3beef4-0115-5113-a435-2141551cd99c,96996879-452d-56c1-900b-eef7806fb6e5,22000,KZT,2026-07-26T10:00:00+00:00,sim-device-02,MOBILE,BASELINE,AUTHORED_NORMAL,Monthly utility payment
9c4b7d2b-f7c9-55d0-b59b-50f951c23aba,5b3beef4-0115-5113-a435-2141551cd99c,d74e0969-a31e-58ed-9778-362d27e8068d,31000,KZT,2026-07-27T09:00:00+00:00,sim-device-02,MOBILE,BASELINE,AUTHORED_NORMAL,Household transfer
61f8d35d-9fd3-59b9-b4a4-a79604b39fe5,5b3beef4-0115-5113-a435-2141551cd99c,7001b247-1fed-5cba-b1b8-9dc9fa7cb6c5,28000,KZT,2026-07-27T10:00:00+00:00,sim-device-02,MOBILE,BASELINE,AUTHORED_NORMAL,Grocery purchase
ad88943a-5c3d-5296-86b7-c5e6fd9d1e5a,5b3beef4-0115-5113-a435-2141551cd99c,96996879-452d-56c1-900b-eef7806fb6e5,35000,KZT,2026-07-28T09:00:00+00:00,sim-device-02,MOBILE,BASELINE,AUTHORED_NORMAL,Monthly utility payment
3604e329-baf9-586a-813d-33962bbb43ca,5b3beef4-0115-5113-a435-2141551cd99c,d74e0969-a31e-58ed-9778-362d27e8068d,26000,KZT,2026-07-28T10:00:00+00:00,sim-device-02,MOBILE,BASELINE,AUTHORED_NORMAL,Household transfer
af982600-4004-5ff5-9ead-b8282ef3792f,5b3beef4-0115-5113-a435-2141551cd99c,7001b247-1fed-5cba-b1b8-9dc9fa7cb6c5,33000,KZT,2026-07-29T09:00:00+00:00,sim-device-02,MOBILE,BASELINE,AUTHORED_NORMAL,Grocery purchase
d02a6b72-afad-5a22-b435-d1aa4c1362d6,5b3beef4-0115-5113-a435-2141551cd99c,96996879-452d-56c1-900b-eef7806fb6e5,29000,KZT,2026-07-29T10:00:00+00:00,sim-device-02,MOBILE,BASELINE,AUTHORED_NORMAL,Monthly utility payment
d83a1e66-7c2a-55bf-8fba-a4e700c12720,5b3beef4-0115-5113-a435-2141551cd99c,d74e0969-a31e-58ed-9778-362d27e8068d,22000,KZT,2026-07-30T09:00:00+00:00,sim-device-02,MOBILE,BASELINE,AUTHORED_NORMAL,Household transfer
8915fd12-4e27-55fc-9f60-59f27a7e79d0,5b3beef4-0115-5113-a435-2141551cd99c,7001b247-1fed-5cba-b1b8-9dc9fa7cb6c5,31000,KZT,2026-07-30T10:00:00+00:00,sim-device-02,MOBILE,BASELINE,AUTHORED_NORMAL,Grocery purchase
ad4743d5-09f0-583a-a7a4-14167ded9f37,5b3beef4-0115-5113-a435-2141551cd99c,96996879-452d-56c1-900b-eef7806fb6e5,28000,KZT,2026-07-31T09:00:00+00:00,sim-device-02,MOBILE,BASELINE,AUTHORED_NORMAL,Monthly utility payment
9cf81721-15d4-5212-a52d-e4a4403be241,5b3beef4-0115-5113-a435-2141551cd99c,d74e0969-a31e-58ed-9778-362d27e8068d,35000,KZT,2026-07-31T10:00:00+00:00,sim-device-02,MOBILE,BASELINE,AUTHORED_NORMAL,Household transfer
c4c1ee32-9c3e-5781-9797-3a5f62f4b4c4,5b3beef4-0115-5113-a435-2141551cd99c,7001b247-1fed-5cba-b1b8-9dc9fa7cb6c5,26000,KZT,2026-08-01T09:00:00+00:00,sim-device-02,MOBILE,BASELINE,AUTHORED_NORMAL,Grocery purchase
6bf7065b-85af-552e-b983-a7f155949e63,5b3beef4-0115-5113-a435-2141551cd99c,96996879-452d-56c1-900b-eef7806fb6e5,33000,KZT,2026-08-01T10:00:00+00:00,sim-device-02,MOBILE,BASELINE,AUTHORED_NORMAL,Monthly utility payment
c81dcf65-5673-55fb-8be4-587e5f673196,5b3beef4-0115-5113-a435-2141551cd99c,d74e0969-a31e-58ed-9778-362d27e8068d,29000,KZT,2026-08-02T09:00:00+00:00,sim-device-02,MOBILE,BASELINE,AUTHORED_NORMAL,Household transfer
0c6d0f3f-e05e-5077-99ab-6f79a27a5338,5b3beef4-0115-5113-a435-2141551cd99c,7001b247-1fed-5cba-b1b8-9dc9fa7cb6c5,22000,KZT,2026-08-02T10:00:00+00:00,sim-device-02,MOBILE,BASELINE,AUTHORED_NORMAL,Grocery purchase
b048e54b-ceeb-5dc9-a9c5-1945f7063764,5b3beef4-0115-5113-a435-2141551cd99c,96996879-452d-56c1-900b-eef7806fb6e5,31000,KZT,2026-08-03T09:00:00+00:00,sim-device-02,MOBILE,BASELINE,AUTHORED_NORMAL,Monthly utility payment
a0322dc6-25f3-57a4-a553-b927c0514c80,5b3beef4-0115-5113-a435-2141551cd99c,d74e0969-a31e-58ed-9778-362d27e8068d,28000,KZT,2026-08-03T10:00:00+00:00,sim-device-02,MOBILE,BASELINE,AUTHORED_NORMAL,Household transfer
8b91528c-21d4-5f19-8592-32e20c154b7b,5b3beef4-0115-5113-a435-2141551cd99c,7001b247-1fed-5cba-b1b8-9dc9fa7cb6c5,35000,KZT,2026-08-04T09:00:00+00:00,sim-device-02,MOBILE,BASELINE,AUTHORED_NORMAL,Grocery purchase
121d992f-55f6-57e5-92e3-da0b0484d069,5b3beef4-0115-5113-a435-2141551cd99c,96996879-452d-56c1-900b-eef7806fb6e5,26000,KZT,2026-08-04T10:00:00+00:00,sim-device-02,MOBILE,BASELINE,AUTHORED_NORMAL,Monthly utility payment
e0470205-69d4-531a-8761-fe8949926122,5b3beef4-0115-5113-a435-2141551cd99c,d74e0969-a31e-58ed-9778-362d27e8068d,33000,KZT,2026-08-05T09:00:00+00:00,sim-device-02,MOBILE,BASELINE,AUTHORED_NORMAL,Household transfer
c3ae5397-c494-5a26-97a4-130677188e68,5b3beef4-0115-5113-a435-2141551cd99c,7001b247-1fed-5cba-b1b8-9dc9fa7cb6c5,29000,KZT,2026-08-05T10:00:00+00:00,sim-device-02,MOBILE,BASELINE,AUTHORED_NORMAL,Grocery purchase
2eff8588-45fc-57de-ab52-1d2094fa9d4f,5b3beef4-0115-5113-a435-2141551cd99c,96996879-452d-56c1-900b-eef7806fb6e5,22000,KZT,2026-08-06T09:00:00+00:00,sim-device-02,MOBILE,BASELINE,AUTHORED_NORMAL,Monthly utility payment
2815a5bd-383f-5ba8-ae39-f295adc27c5e,5b3beef4-0115-5113-a435-2141551cd99c,d74e0969-a31e-58ed-9778-362d27e8068d,31000,KZT,2026-08-06T10:00:00+00:00,sim-device-02,MOBILE,BASELINE,AUTHORED_NORMAL,Household transfer
f2404855-5b01-5f50-a71e-4d311019b648,5b3beef4-0115-5113-a435-2141551cd99c,7001b247-1fed-5cba-b1b8-9dc9fa7cb6c5,28000,KZT,2026-08-07T09:00:00+00:00,sim-device-02,MOBILE,BASELINE,AUTHORED_NORMAL,Grocery purchase
aa08e0cd-1b91-5aa8-95a6-c94da9959202,5b3beef4-0115-5113-a435-2141551cd99c,96996879-452d-56c1-900b-eef7806fb6e5,35000,KZT,2026-08-07T10:00:00+00:00,sim-device-02,MOBILE,BASELINE,AUTHORED_NORMAL,Monthly utility payment
f01e4434-3542-570b-8b3b-8447119f1498,5b3beef4-0115-5113-a435-2141551cd99c,d74e0969-a31e-58ed-9778-362d27e8068d,26000,KZT,2026-08-08T09:00:00+00:00,sim-device-02,MOBILE,BASELINE,AUTHORED_NORMAL,Household transfer
c21bc306-c022-5266-bebf-22c885a9f595,5b3beef4-0115-5113-a435-2141551cd99c,7001b247-1fed-5cba-b1b8-9dc9fa7cb6c5,33000,KZT,2026-08-08T10:00:00+00:00,sim-device-02,MOBILE,BASELINE,AUTHORED_NORMAL,Grocery purchase
b8cd104f-f8cc-506c-a8a4-ab69d158be61,5b3beef4-0115-5113-a435-2141551cd99c,96996879-452d-56c1-900b-eef7806fb6e5,29000,KZT,2026-08-09T09:00:00+00:00,sim-device-02,MOBILE,BASELINE,AUTHORED_NORMAL,Monthly utility payment
9142f0f3-f18c-5fbf-abe2-b03385bea979,5b3beef4-0115-5113-a435-2141551cd99c,d74e0969-a31e-58ed-9778-362d27e8068d,22000,KZT,2026-08-09T10:00:00+00:00,sim-device-02,MOBILE,BASELINE,AUTHORED_NORMAL,Household transfer
e943179c-23da-56be-aa86-62a6384131a3,5b3beef4-0115-5113-a435-2141551cd99c,7001b247-1fed-5cba-b1b8-9dc9fa7cb6c5,31000,KZT,2026-08-10T09:00:00+00:00,sim-device-02,MOBILE,BASELINE,AUTHORED_NORMAL,Grocery purchase
b2df856d-79c2-5070-a4eb-bb85d10c99a8,5b3beef4-0115-5113-a435-2141551cd99c,96996879-452d-56c1-900b-eef7806fb6e5,28000,KZT,2026-08-10T10:00:00+00:00,sim-device-02,MOBILE,BASELINE,AUTHORED_NORMAL,Monthly utility payment
de5b3241-33be-5e25-a5cc-24d6039febda,5b3beef4-0115-5113-a435-2141551cd99c,d74e0969-a31e-58ed-9778-362d27e8068d,35000,KZT,2026-08-11T09:00:00+00:00,sim-device-02,MOBILE,BASELINE,AUTHORED_NORMAL,Household transfer
8e8a39d3-86db-57b4-8edd-66551b98f987,5b3beef4-0115-5113-a435-2141551cd99c,7001b247-1fed-5cba-b1b8-9dc9fa7cb6c5,26000,KZT,2026-08-11T10:00:00+00:00,sim-device-02,MOBILE,BASELINE,AUTHORED_NORMAL,Grocery purchase
dc297216-ca6d-5b8d-b94b-5d374a880169,5b3beef4-0115-5113-a435-2141551cd99c,96996879-452d-56c1-900b-eef7806fb6e5,33000,KZT,2026-08-12T09:00:00+00:00,sim-device-02,MOBILE,BASELINE,AUTHORED_NORMAL,Monthly utility payment
0148c0d4-b7bf-5185-9b17-30fb2f3ca373,5b3beef4-0115-5113-a435-2141551cd99c,d74e0969-a31e-58ed-9778-362d27e8068d,29000,KZT,2026-08-12T10:00:00+00:00,sim-device-02,MOBILE,BASELINE,AUTHORED_NORMAL,Household transfer
0de52306-9eb6-56c2-ae42-3c49eb88e040,5b3beef4-0115-5113-a435-2141551cd99c,7001b247-1fed-5cba-b1b8-9dc9fa7cb6c5,22000,KZT,2026-08-13T09:00:00+00:00,sim-device-02,MOBILE,BASELINE,AUTHORED_NORMAL,Grocery purchase
4b39144f-dd39-52b1-9c59-e6772d7d0aa1,5b3beef4-0115-5113-a435-2141551cd99c,96996879-452d-56c1-900b-eef7806fb6e5,31000,KZT,2026-08-13T10:00:00+00:00,sim-device-02,MOBILE,BASELINE,AUTHORED_NORMAL,Monthly utility payment
79476a35-c98f-5c63-b9a6-a5fa7b5edc88,5b3beef4-0115-5113-a435-2141551cd99c,d74e0969-a31e-58ed-9778-362d27e8068d,28000,KZT,2026-08-14T09:00:00+00:00,sim-device-02,MOBILE,BASELINE,AUTHORED_NORMAL,Household transfer
7428f971-3acf-555c-8674-17af66cbfb77,5b3beef4-0115-5113-a435-2141551cd99c,7001b247-1fed-5cba-b1b8-9dc9fa7cb6c5,35000,KZT,2026-08-14T10:00:00+00:00,sim-device-02,MOBILE,BASELINE,AUTHORED_NORMAL,Grocery purchase
1832d920-6d9d-513d-908d-2d8f1268ddc6,5b3beef4-0115-5113-a435-2141551cd99c,96996879-452d-56c1-900b-eef7806fb6e5,26000,KZT,2026-08-15T09:00:00+00:00,sim-device-02,MOBILE,BASELINE,AUTHORED_NORMAL,Monthly utility payment
911e3b84-35dd-50c3-b619-24c3bf5902a0,5b3beef4-0115-5113-a435-2141551cd99c,d74e0969-a31e-58ed-9778-362d27e8068d,33000,KZT,2026-08-15T10:00:00+00:00,sim-device-02,MOBILE,BASELINE,AUTHORED_NORMAL,Household transfer
c3ab7b26-ad1f-5287-bc95-0c696821ddc4,5b3beef4-0115-5113-a435-2141551cd99c,7001b247-1fed-5cba-b1b8-9dc9fa7cb6c5,29000,KZT,2026-08-16T09:00:00+00:00,sim-device-02,MOBILE,BASELINE,AUTHORED_NORMAL,Grocery purchase
f0a91379-3770-59e6-8d83-5d70d9d224c4,5b3beef4-0115-5113-a435-2141551cd99c,96996879-452d-56c1-900b-eef7806fb6e5,22000,KZT,2026-08-16T10:00:00+00:00,sim-device-02,MOBILE,BASELINE,AUTHORED_NORMAL,Monthly utility payment
4a6b9122-d840-570f-81e3-db5a007ce019,5b3beef4-0115-5113-a435-2141551cd99c,d74e0969-a31e-58ed-9778-362d27e8068d,31000,KZT,2026-08-17T09:00:00+00:00,sim-device-02,MOBILE,BASELINE,AUTHORED_NORMAL,Household transfer
87a7f3ff-6104-5845-b8f9-5712d45dcdd9,5b3beef4-0115-5113-a435-2141551cd99c,7001b247-1fed-5cba-b1b8-9dc9fa7cb6c5,28000,KZT,2026-08-17T10:00:00+00:00,sim-device-02,MOBILE,BASELINE,AUTHORED_NORMAL,Grocery purchase
0b42d0ac-0da4-5050-8b13-ca0b181ca763,5b3beef4-0115-5113-a435-2141551cd99c,96996879-452d-56c1-900b-eef7806fb6e5,35000,KZT,2026-08-18T09:00:00+00:00,sim-device-02,MOBILE,BASELINE,AUTHORED_NORMAL,Monthly utility payment
44aa99ac-fa34-53ab-ae07-6c365e2ce4c9,5b3beef4-0115-5113-a435-2141551cd99c,d74e0969-a31e-58ed-9778-362d27e8068d,26000,KZT,2026-08-18T10:00:00+00:00,sim-device-02,MOBILE,BASELINE,AUTHORED_NORMAL,Household transfer
190be2ea-e445-5128-af0b-3d9ff3da2a90,5b3beef4-0115-5113-a435-2141551cd99c,7001b247-1fed-5cba-b1b8-9dc9fa7cb6c5,33000,KZT,2026-08-19T09:00:00+00:00,sim-device-02,MOBILE,BASELINE,AUTHORED_NORMAL,Grocery purchase
729c8459-59fb-5d35-9c58-8bfad84373b5,5b3beef4-0115-5113-a435-2141551cd99c,96996879-452d-56c1-900b-eef7806fb6e5,29000,KZT,2026-08-19T10:00:00+00:00,sim-device-02,MOBILE,BASELINE,AUTHORED_NORMAL,Monthly utility payment
aa8b44bf-1023-5650-9de4-08d297c4b0b6,5b3beef4-0115-5113-a435-2141551cd99c,d74e0969-a31e-58ed-9778-362d27e8068d,22000,KZT,2026-08-20T09:00:00+00:00,sim-device-02,MOBILE,BASELINE,AUTHORED_NORMAL,Household transfer
7b1af13b-bfb1-50cf-ba17-c64dbf590721,5b3beef4-0115-5113-a435-2141551cd99c,7001b247-1fed-5cba-b1b8-9dc9fa7cb6c5,31000,KZT,2026-08-20T10:00:00+00:00,sim-device-02,MOBILE,BASELINE,AUTHORED_NORMAL,Grocery purchase
d0f0f8e7-437a-5f5e-bd53-ed81140c4c0e,5b3beef4-0115-5113-a435-2141551cd99c,96996879-452d-56c1-900b-eef7806fb6e5,28000,KZT,2026-08-21T09:00:00+00:00,sim-device-02,MOBILE,BASELINE,AUTHORED_NORMAL,Monthly utility payment
e96e7926-c23d-535e-a4f0-ae9aca9ac96e,5b3beef4-0115-5113-a435-2141551cd99c,d74e0969-a31e-58ed-9778-362d27e8068d,35000,KZT,2026-08-21T10:00:00+00:00,sim-device-02,MOBILE,BASELINE,AUTHORED_NORMAL,Household transfer
43e66ae1-7e3e-5041-b7f6-7153b32a2f62,5b3beef4-0115-5113-a435-2141551cd99c,7001b247-1fed-5cba-b1b8-9dc9fa7cb6c5,26000,KZT,2026-08-22T09:00:00+00:00,sim-device-02,MOBILE,BASELINE,AUTHORED_NORMAL,Grocery purchase
0fad937f-c8cb-5104-89f3-b5bf867e8636,5b3beef4-0115-5113-a435-2141551cd99c,96996879-452d-56c1-900b-eef7806fb6e5,33000,KZT,2026-08-22T10:00:00+00:00,sim-device-02,MOBILE,BASELINE,AUTHORED_NORMAL,Monthly utility payment
2e354736-0d5b-5996-98a2-5147cfa570d0,5b3beef4-0115-5113-a435-2141551cd99c,d74e0969-a31e-58ed-9778-362d27e8068d,29000,KZT,2026-08-23T09:00:00+00:00,sim-device-02,MOBILE,BASELINE,AUTHORED_NORMAL,Household transfer
2556d441-84fd-5ece-865c-9ca407fefd07,5b3beef4-0115-5113-a435-2141551cd99c,7001b247-1fed-5cba-b1b8-9dc9fa7cb6c5,22000,KZT,2026-08-23T10:00:00+00:00,sim-device-02,MOBILE,BASELINE,AUTHORED_NORMAL,Grocery purchase
743d48ab-57e0-537d-87be-7269f9557738,5b3beef4-0115-5113-a435-2141551cd99c,96996879-452d-56c1-900b-eef7806fb6e5,31000,KZT,2026-08-24T09:00:00+00:00,sim-device-02,MOBILE,BASELINE,AUTHORED_NORMAL,Monthly utility payment
b1967aeb-cec5-5af4-a4e7-94e38214bece,5b3beef4-0115-5113-a435-2141551cd99c,d74e0969-a31e-58ed-9778-362d27e8068d,28000,KZT,2026-08-24T10:00:00+00:00,sim-device-02,MOBILE,BASELINE,AUTHORED_NORMAL,Household transfer
cf56fe49-cf17-5cf0-be4c-c5a9aab0b7c3,5b3beef4-0115-5113-a435-2141551cd99c,7001b247-1fed-5cba-b1b8-9dc9fa7cb6c5,35000,KZT,2026-08-25T09:00:00+00:00,sim-device-02,MOBILE,BASELINE,AUTHORED_NORMAL,Grocery purchase
7956ce0e-0db6-5ec1-98bd-bddcc8177d19,5b3beef4-0115-5113-a435-2141551cd99c,96996879-452d-56c1-900b-eef7806fb6e5,26000,KZT,2026-08-25T10:00:00+00:00,sim-device-02,MOBILE,BASELINE,AUTHORED_NORMAL,Monthly utility payment
e711688d-d67e-52f2-bfc0-4ece9ff58075,5b3beef4-0115-5113-a435-2141551cd99c,d74e0969-a31e-58ed-9778-362d27e8068d,33000,KZT,2026-08-26T09:00:00+00:00,sim-device-02,MOBILE,BASELINE,AUTHORED_NORMAL,Household transfer
02edcb19-a35e-519c-98ff-2b8f73425102,5b3beef4-0115-5113-a435-2141551cd99c,7001b247-1fed-5cba-b1b8-9dc9fa7cb6c5,29000,KZT,2026-08-26T10:00:00+00:00,sim-device-02,MOBILE,BASELINE,AUTHORED_NORMAL,Grocery purchase
6a24033b-6e5e-53b0-8939-fc88a976f556,5b3beef4-0115-5113-a435-2141551cd99c,96996879-452d-56c1-900b-eef7806fb6e5,22000,KZT,2026-08-27T09:00:00+00:00,sim-device-02,MOBILE,BASELINE,AUTHORED_NORMAL,Monthly utility payment
dac95107-c335-5c69-8eb6-1401b39cc342,5b3beef4-0115-5113-a435-2141551cd99c,d74e0969-a31e-58ed-9778-362d27e8068d,31000,KZT,2026-08-27T10:00:00+00:00,sim-device-02,MOBILE,BASELINE,AUTHORED_NORMAL,Household transfer
38be9235-7b45-50ed-ad2b-e1348c12b9dd,5b3beef4-0115-5113-a435-2141551cd99c,7001b247-1fed-5cba-b1b8-9dc9fa7cb6c5,28000,KZT,2026-08-28T09:00:00+00:00,sim-device-02,MOBILE,BASELINE,AUTHORED_NORMAL,Grocery purchase
b7d4ad27-b444-51a8-8353-e32cb65d4ba3,5b3beef4-0115-5113-a435-2141551cd99c,96996879-452d-56c1-900b-eef7806fb6e5,35000,KZT,2026-08-28T10:00:00+00:00,sim-device-02,MOBILE,BASELINE,AUTHORED_NORMAL,Monthly utility payment
fdcebcda-3f3e-5fc8-ad5e-8c33990c1594,5b3beef4-0115-5113-a435-2141551cd99c,d74e0969-a31e-58ed-9778-362d27e8068d,26000,KZT,2026-08-29T09:00:00+00:00,sim-device-02,MOBILE,BASELINE,AUTHORED_NORMAL,Household transfer
a979059f-bac8-5185-811f-a7b9b29e4bd5,5b3beef4-0115-5113-a435-2141551cd99c,7001b247-1fed-5cba-b1b8-9dc9fa7cb6c5,33000,KZT,2026-08-29T10:00:00+00:00,sim-device-02,MOBILE,BASELINE,AUTHORED_NORMAL,Grocery purchase
2737ce7c-83dc-504e-bfbf-36853a329905,5b3beef4-0115-5113-a435-2141551cd99c,96996879-452d-56c1-900b-eef7806fb6e5,29000,KZT,2026-08-30T09:00:00+00:00,sim-device-02,MOBILE,BASELINE,AUTHORED_NORMAL,Monthly utility payment
6257f92f-bb04-52c3-b410-315cc9dd96b1,5b3beef4-0115-5113-a435-2141551cd99c,d74e0969-a31e-58ed-9778-362d27e8068d,22000,KZT,2026-08-30T10:00:00+00:00,sim-device-02,MOBILE,BASELINE,AUTHORED_NORMAL,Household transfer
15e492c7-6f8c-58fb-9fe7-2a0b82c3ba05,5b3beef4-0115-5113-a435-2141551cd99c,7001b247-1fed-5cba-b1b8-9dc9fa7cb6c5,31000,KZT,2026-08-31T09:00:00+00:00,sim-device-02,MOBILE,BASELINE,AUTHORED_NORMAL,Grocery purchase
01e753d2-3256-5f1e-a0ff-5c766e92815e,5b3beef4-0115-5113-a435-2141551cd99c,96996879-452d-56c1-900b-eef7806fb6e5,28000,KZT,2026-08-31T10:00:00+00:00,sim-device-02,MOBILE,BASELINE,AUTHORED_NORMAL,Monthly utility payment
306a8de0-a540-5c15-b67e-062564161eb4,5b3beef4-0115-5113-a435-2141551cd99c,d74e0969-a31e-58ed-9778-362d27e8068d,35000,KZT,2026-09-01T09:00:00+00:00,sim-device-02,MOBILE,BASELINE,AUTHORED_NORMAL,Household transfer
94054068-663a-56b1-a6b1-5e12d1b7561e,5b3beef4-0115-5113-a435-2141551cd99c,7001b247-1fed-5cba-b1b8-9dc9fa7cb6c5,26000,KZT,2026-09-01T10:00:00+00:00,sim-device-02,MOBILE,BASELINE,AUTHORED_NORMAL,Grocery purchase
18e9ef3f-86f9-5172-9f7b-00200fdddc5a,5b3beef4-0115-5113-a435-2141551cd99c,96996879-452d-56c1-900b-eef7806fb6e5,33000,KZT,2026-09-02T09:00:00+00:00,sim-device-02,MOBILE,BASELINE,AUTHORED_NORMAL,Monthly utility payment
48c46d32-d138-5a47-b71e-8ba1698ae866,5b3beef4-0115-5113-a435-2141551cd99c,d74e0969-a31e-58ed-9778-362d27e8068d,29000,KZT,2026-09-02T10:00:00+00:00,sim-device-02,MOBILE,BASELINE,AUTHORED_NORMAL,Household transfer
128d270f-888a-50ee-b872-aead2eb30dcc,5b3beef4-0115-5113-a435-2141551cd99c,7001b247-1fed-5cba-b1b8-9dc9fa7cb6c5,22000,KZT,2026-09-03T09:00:00+00:00,sim-device-02,MOBILE,BASELINE,AUTHORED_NORMAL,Grocery purchase
a363be99-d6b3-5cfb-ad21-88f9dddb9b35,5b3beef4-0115-5113-a435-2141551cd99c,96996879-452d-56c1-900b-eef7806fb6e5,31000,KZT,2026-09-03T10:00:00+00:00,sim-device-02,MOBILE,BASELINE,AUTHORED_NORMAL,Monthly utility payment
244416d1-6457-59fa-befa-97f79e3c742a,5b3beef4-0115-5113-a435-2141551cd99c,d74e0969-a31e-58ed-9778-362d27e8068d,28000,KZT,2026-09-04T09:00:00+00:00,sim-device-02,MOBILE,BASELINE,AUTHORED_NORMAL,Household transfer
7efc04b5-9d78-5ce2-a25e-5d0f1b6aefa6,5b3beef4-0115-5113-a435-2141551cd99c,7001b247-1fed-5cba-b1b8-9dc9fa7cb6c5,35000,KZT,2026-09-04T10:00:00+00:00,sim-device-02,MOBILE,BASELINE,AUTHORED_NORMAL,Grocery purchase
88252a48-0f72-54b8-a06e-88ef3d28795c,5b3beef4-0115-5113-a435-2141551cd99c,96996879-452d-56c1-900b-eef7806fb6e5,26000,KZT,2026-09-05T09:00:00+00:00,sim-device-02,MOBILE,BASELINE,AUTHORED_NORMAL,Monthly utility payment
e5dd6293-a581-545d-99f3-b2a9f4e5239f,5b3beef4-0115-5113-a435-2141551cd99c,d74e0969-a31e-58ed-9778-362d27e8068d,33000,KZT,2026-09-05T10:00:00+00:00,sim-device-02,MOBILE,BASELINE,AUTHORED_NORMAL,Household transfer
4ae6e99d-0478-5f2e-9a4c-8012e8663ed7,5b3beef4-0115-5113-a435-2141551cd99c,7001b247-1fed-5cba-b1b8-9dc9fa7cb6c5,29000,KZT,2026-09-06T09:00:00+00:00,sim-device-02,MOBILE,BASELINE,AUTHORED_NORMAL,Grocery purchase
1907f2d6-c9b2-5dee-9ab5-1295077a1608,5b3beef4-0115-5113-a435-2141551cd99c,96996879-452d-56c1-900b-eef7806fb6e5,22000,KZT,2026-09-06T10:00:00+00:00,sim-device-02,MOBILE,BASELINE,AUTHORED_NORMAL,Monthly utility payment
c96f93fe-2043-5ce0-b3e6-f5718193af37,5b3beef4-0115-5113-a435-2141551cd99c,d74e0969-a31e-58ed-9778-362d27e8068d,31000,KZT,2026-09-07T09:00:00+00:00,sim-device-02,MOBILE,BASELINE,AUTHORED_NORMAL,Household transfer
7d5b4bb9-629f-5b0d-b33f-e92b569d0536,5b3beef4-0115-5113-a435-2141551cd99c,7001b247-1fed-5cba-b1b8-9dc9fa7cb6c5,28000,KZT,2026-09-07T10:00:00+00:00,sim-device-02,MOBILE,BASELINE,AUTHORED_NORMAL,Grocery purchase
7bd7e86b-50ff-5e4e-ad3e-4f559c9fd988,5b3beef4-0115-5113-a435-2141551cd99c,96996879-452d-56c1-900b-eef7806fb6e5,35000,KZT,2026-09-08T09:00:00+00:00,sim-device-02,MOBILE,BASELINE,AUTHORED_NORMAL,Monthly utility payment
e0d752ac-afc2-5eb2-ac2e-fd55161a21c6,5b3beef4-0115-5113-a435-2141551cd99c,d74e0969-a31e-58ed-9778-362d27e8068d,26000,KZT,2026-09-08T10:00:00+00:00,sim-device-02,MOBILE,BASELINE,AUTHORED_NORMAL,Household transfer
0b7543ac-92d2-5050-bc55-a9187772018f,5b3beef4-0115-5113-a435-2141551cd99c,7001b247-1fed-5cba-b1b8-9dc9fa7cb6c5,33000,KZT,2026-09-09T09:00:00+00:00,sim-device-02,MOBILE,BASELINE,AUTHORED_NORMAL,Grocery purchase
7fdc3ad6-05d2-57bf-a696-573fd88aac2c,5b3beef4-0115-5113-a435-2141551cd99c,96996879-452d-56c1-900b-eef7806fb6e5,29000,KZT,2026-09-09T10:00:00+00:00,sim-device-02,MOBILE,BASELINE,AUTHORED_NORMAL,Monthly utility payment
7ea1506e-55be-5450-a417-bde7a6662abd,5b3beef4-0115-5113-a435-2141551cd99c,d74e0969-a31e-58ed-9778-362d27e8068d,22000,KZT,2026-09-10T09:00:00+00:00,sim-device-02,MOBILE,BASELINE,AUTHORED_NORMAL,Household transfer
d2d426f5-b7c0-5b53-80ef-9a3ef33906dc,5b3beef4-0115-5113-a435-2141551cd99c,7001b247-1fed-5cba-b1b8-9dc9fa7cb6c5,31000,KZT,2026-09-10T10:00:00+00:00,sim-device-02,MOBILE,BASELINE,AUTHORED_NORMAL,Grocery purchase
224addd2-dcf5-56b5-add9-51e798e2be0a,5b3beef4-0115-5113-a435-2141551cd99c,96996879-452d-56c1-900b-eef7806fb6e5,28000,KZT,2026-09-11T09:00:00+00:00,sim-device-02,MOBILE,BASELINE,AUTHORED_NORMAL,Monthly utility payment
f0b70543-ef41-5a62-955d-ddd2f7f6ac72,5b3beef4-0115-5113-a435-2141551cd99c,d74e0969-a31e-58ed-9778-362d27e8068d,35000,KZT,2026-09-11T10:00:00+00:00,sim-device-02,MOBILE,BASELINE,AUTHORED_NORMAL,Household transfer
5e8629c0-fe99-5611-9f8e-bb23af74871e,5b3beef4-0115-5113-a435-2141551cd99c,7001b247-1fed-5cba-b1b8-9dc9fa7cb6c5,26000,KZT,2026-09-12T09:00:00+00:00,sim-device-02,MOBILE,BASELINE,AUTHORED_NORMAL,Grocery purchase
1e7bc01c-9aa8-53aa-91da-5f865be400d3,5b3beef4-0115-5113-a435-2141551cd99c,96996879-452d-56c1-900b-eef7806fb6e5,33000,KZT,2026-09-12T10:00:00+00:00,sim-device-02,MOBILE,BASELINE,AUTHORED_NORMAL,Monthly utility payment
b43eb0ce-4d3d-58e5-aec3-3b5df3cbbfaf,5b3beef4-0115-5113-a435-2141551cd99c,d74e0969-a31e-58ed-9778-362d27e8068d,29000,KZT,2026-09-13T09:00:00+00:00,sim-device-02,MOBILE,BASELINE,AUTHORED_NORMAL,Household transfer
541f3041-2c1c-54ab-8b87-fa593bd2d9b7,5b3beef4-0115-5113-a435-2141551cd99c,7001b247-1fed-5cba-b1b8-9dc9fa7cb6c5,22000,KZT,2026-09-13T10:00:00+00:00,sim-device-02,MOBILE,BASELINE,AUTHORED_NORMAL,Grocery purchase
a9cf9fda-46dc-5233-a309-c5eb6559051e,5b3beef4-0115-5113-a435-2141551cd99c,96996879-452d-56c1-900b-eef7806fb6e5,31000,KZT,2026-09-14T09:00:00+00:00,sim-device-02,MOBILE,BASELINE,AUTHORED_NORMAL,Monthly utility payment
c64659c7-00c5-5288-99e6-c44ff363745b,5b3beef4-0115-5113-a435-2141551cd99c,d74e0969-a31e-58ed-9778-362d27e8068d,28000,KZT,2026-09-14T10:00:00+00:00,sim-device-02,MOBILE,BASELINE,AUTHORED_NORMAL,Household transfer
0520436f-10ba-5391-b6b1-57e239d3e0e2,5b3beef4-0115-5113-a435-2141551cd99c,7001b247-1fed-5cba-b1b8-9dc9fa7cb6c5,35000,KZT,2026-09-15T09:00:00+00:00,sim-device-02,MOBILE,BASELINE,AUTHORED_NORMAL,Grocery purchase
1dc709a8-ffc6-573f-928e-225d493696d6,5b3beef4-0115-5113-a435-2141551cd99c,96996879-452d-56c1-900b-eef7806fb6e5,26000,KZT,2026-09-15T10:00:00+00:00,sim-device-02,MOBILE,BASELINE,AUTHORED_NORMAL,Monthly utility payment
0e5e731e-fedc-5dcc-b694-8dd47e0a6d09,5b3beef4-0115-5113-a435-2141551cd99c,d74e0969-a31e-58ed-9778-362d27e8068d,33000,KZT,2026-09-16T09:00:00+00:00,sim-device-02,MOBILE,BASELINE,AUTHORED_NORMAL,Household transfer
aafd2d80-49cd-5dd7-9251-53c3a1497e65,5b3beef4-0115-5113-a435-2141551cd99c,7001b247-1fed-5cba-b1b8-9dc9fa7cb6c5,29000,KZT,2026-09-16T10:00:00+00:00,sim-device-02,MOBILE,BASELINE,AUTHORED_NORMAL,Grocery purchase
072db377-225d-5b11-b6c4-81d9d3ea3056,5b3beef4-0115-5113-a435-2141551cd99c,96996879-452d-56c1-900b-eef7806fb6e5,22000,KZT,2026-09-17T09:00:00+00:00,sim-device-02,MOBILE,BASELINE,AUTHORED_NORMAL,Monthly utility payment
d1f66ad5-fc33-54ef-8706-eed112d5f6da,5b3beef4-0115-5113-a435-2141551cd99c,d74e0969-a31e-58ed-9778-362d27e8068d,31000,KZT,2026-09-17T10:00:00+00:00,sim-device-02,MOBILE,BASELINE,AUTHORED_NORMAL,Household transfer
27c8c2aa-4b52-5823-a298-29a5018bb4e4,5b3beef4-0115-5113-a435-2141551cd99c,7001b247-1fed-5cba-b1b8-9dc9fa7cb6c5,28000,KZT,2026-09-18T09:00:00+00:00,sim-device-02,MOBILE,BASELINE,AUTHORED_NORMAL,Grocery purchase
22e3bb86-ec47-562d-9992-907e2bdefdc0,5b3beef4-0115-5113-a435-2141551cd99c,96996879-452d-56c1-900b-eef7806fb6e5,35000,KZT,2026-09-18T10:00:00+00:00,sim-device-02,MOBILE,BASELINE,AUTHORED_NORMAL,Monthly utility payment
74bb82e5-0a65-5893-8896-fee76cdf09d8,5b3beef4-0115-5113-a435-2141551cd99c,d74e0969-a31e-58ed-9778-362d27e8068d,26000,KZT,2026-09-19T09:00:00+00:00,sim-device-02,MOBILE,BASELINE,AUTHORED_NORMAL,Household transfer
063a371e-b233-5ded-9bde-7a2dd44e75f2,5b3beef4-0115-5113-a435-2141551cd99c,7001b247-1fed-5cba-b1b8-9dc9fa7cb6c5,33000,KZT,2026-09-19T10:00:00+00:00,sim-device-02,MOBILE,BASELINE,AUTHORED_NORMAL,Grocery purchase
05aa9710-5e8c-5e14-9b25-d0e2e9ae0af1,f8a29964-6153-5479-9520-d49c25d4d023,860336c7-daa4-5f7a-a7d3-991bc102f1f8,35000,KZT,2026-06-12T09:00:00+00:00,sim-device-03,MOBILE,BASELINE,AUTHORED_NORMAL,Household transfer
c7c17fd7-f793-5211-ab57-a3d1dd236154,f8a29964-6153-5479-9520-d49c25d4d023,493c232e-8bf5-59ea-b0a6-aa55bffaed23,26000,KZT,2026-06-12T10:00:00+00:00,sim-device-03,MOBILE,BASELINE,AUTHORED_NORMAL,Grocery purchase
5d8c8707-dad2-51ca-987a-db476a4cf1e9,f8a29964-6153-5479-9520-d49c25d4d023,6db091d6-0bd8-5797-9f85-eb5b1d91b061,33000,KZT,2026-06-13T09:00:00+00:00,sim-device-03,MOBILE,BASELINE,AUTHORED_NORMAL,Monthly utility payment
d5149831-27b3-5aad-9273-3ae85b301f54,f8a29964-6153-5479-9520-d49c25d4d023,860336c7-daa4-5f7a-a7d3-991bc102f1f8,29000,KZT,2026-06-13T10:00:00+00:00,sim-device-03,MOBILE,BASELINE,AUTHORED_NORMAL,Household transfer
bbd95c81-2f1b-5371-bf1a-b7752edfcc2d,f8a29964-6153-5479-9520-d49c25d4d023,493c232e-8bf5-59ea-b0a6-aa55bffaed23,22000,KZT,2026-06-14T09:00:00+00:00,sim-device-03,MOBILE,BASELINE,AUTHORED_NORMAL,Grocery purchase
b0025188-19e8-560f-8a4c-010df86a86aa,f8a29964-6153-5479-9520-d49c25d4d023,6db091d6-0bd8-5797-9f85-eb5b1d91b061,31000,KZT,2026-06-14T10:00:00+00:00,sim-device-03,MOBILE,BASELINE,AUTHORED_NORMAL,Monthly utility payment
1b283517-533c-5618-bce4-4dec67b2cd73,f8a29964-6153-5479-9520-d49c25d4d023,860336c7-daa4-5f7a-a7d3-991bc102f1f8,28000,KZT,2026-06-15T09:00:00+00:00,sim-device-03,MOBILE,BASELINE,AUTHORED_NORMAL,Household transfer
33c7bc21-8aac-581b-a10c-068652a48eaf,f8a29964-6153-5479-9520-d49c25d4d023,493c232e-8bf5-59ea-b0a6-aa55bffaed23,35000,KZT,2026-06-15T10:00:00+00:00,sim-device-03,MOBILE,BASELINE,AUTHORED_NORMAL,Grocery purchase
25fb24eb-383f-5b01-ac5c-57bd8f019648,f8a29964-6153-5479-9520-d49c25d4d023,6db091d6-0bd8-5797-9f85-eb5b1d91b061,26000,KZT,2026-06-16T09:00:00+00:00,sim-device-03,MOBILE,BASELINE,AUTHORED_NORMAL,Monthly utility payment
2323ece1-d7b3-507a-9fdc-30f0b6e12dd4,f8a29964-6153-5479-9520-d49c25d4d023,860336c7-daa4-5f7a-a7d3-991bc102f1f8,33000,KZT,2026-06-16T10:00:00+00:00,sim-device-03,MOBILE,BASELINE,AUTHORED_NORMAL,Household transfer
668bf7ed-dbde-5585-b422-4ab6bab00970,f8a29964-6153-5479-9520-d49c25d4d023,493c232e-8bf5-59ea-b0a6-aa55bffaed23,29000,KZT,2026-06-17T09:00:00+00:00,sim-device-03,MOBILE,BASELINE,AUTHORED_NORMAL,Grocery purchase
38a2427c-5d0b-54d2-8b08-7909418d6720,f8a29964-6153-5479-9520-d49c25d4d023,6db091d6-0bd8-5797-9f85-eb5b1d91b061,22000,KZT,2026-06-17T10:00:00+00:00,sim-device-03,MOBILE,BASELINE,AUTHORED_NORMAL,Monthly utility payment
6ec99899-bf42-5752-943e-50733d325556,f8a29964-6153-5479-9520-d49c25d4d023,860336c7-daa4-5f7a-a7d3-991bc102f1f8,31000,KZT,2026-06-18T09:00:00+00:00,sim-device-03,MOBILE,BASELINE,AUTHORED_NORMAL,Household transfer
be7a2fd9-cce1-5c87-85a7-2d53f610c91d,f8a29964-6153-5479-9520-d49c25d4d023,493c232e-8bf5-59ea-b0a6-aa55bffaed23,28000,KZT,2026-06-18T10:00:00+00:00,sim-device-03,MOBILE,BASELINE,AUTHORED_NORMAL,Grocery purchase
7d0f42b1-8724-5317-989a-12bbc229bf23,f8a29964-6153-5479-9520-d49c25d4d023,6db091d6-0bd8-5797-9f85-eb5b1d91b061,35000,KZT,2026-06-19T09:00:00+00:00,sim-device-03,MOBILE,BASELINE,AUTHORED_NORMAL,Monthly utility payment
f1070784-b28a-5e03-8786-e06e55061e01,f8a29964-6153-5479-9520-d49c25d4d023,860336c7-daa4-5f7a-a7d3-991bc102f1f8,26000,KZT,2026-06-19T10:00:00+00:00,sim-device-03,MOBILE,BASELINE,AUTHORED_NORMAL,Household transfer
44021fac-98c8-5d9e-a6b4-ef402bef7bcd,f8a29964-6153-5479-9520-d49c25d4d023,493c232e-8bf5-59ea-b0a6-aa55bffaed23,33000,KZT,2026-06-20T09:00:00+00:00,sim-device-03,MOBILE,BASELINE,AUTHORED_NORMAL,Grocery purchase
edcf1b7f-75f1-5fad-a69c-1b129b6abf10,f8a29964-6153-5479-9520-d49c25d4d023,6db091d6-0bd8-5797-9f85-eb5b1d91b061,29000,KZT,2026-06-20T10:00:00+00:00,sim-device-03,MOBILE,BASELINE,AUTHORED_NORMAL,Monthly utility payment
c57f7694-2ef8-5be7-9e15-eabe05bbae54,f8a29964-6153-5479-9520-d49c25d4d023,860336c7-daa4-5f7a-a7d3-991bc102f1f8,22000,KZT,2026-06-21T09:00:00+00:00,sim-device-03,MOBILE,BASELINE,AUTHORED_NORMAL,Household transfer
fc31e9cf-8144-5a8d-9d54-34ea16b6f150,f8a29964-6153-5479-9520-d49c25d4d023,493c232e-8bf5-59ea-b0a6-aa55bffaed23,31000,KZT,2026-06-21T10:00:00+00:00,sim-device-03,MOBILE,BASELINE,AUTHORED_NORMAL,Grocery purchase
59804cb4-5268-5670-8ab3-45a12ea73974,f8a29964-6153-5479-9520-d49c25d4d023,6db091d6-0bd8-5797-9f85-eb5b1d91b061,28000,KZT,2026-06-22T09:00:00+00:00,sim-device-03,MOBILE,BASELINE,AUTHORED_NORMAL,Monthly utility payment
1d3501f9-b466-506b-9f6e-106357606c27,f8a29964-6153-5479-9520-d49c25d4d023,860336c7-daa4-5f7a-a7d3-991bc102f1f8,35000,KZT,2026-06-22T10:00:00+00:00,sim-device-03,MOBILE,BASELINE,AUTHORED_NORMAL,Household transfer
697fee77-363b-594a-a8cc-a69d27fcaa2e,f8a29964-6153-5479-9520-d49c25d4d023,493c232e-8bf5-59ea-b0a6-aa55bffaed23,26000,KZT,2026-06-23T09:00:00+00:00,sim-device-03,MOBILE,BASELINE,AUTHORED_NORMAL,Grocery purchase
6f5aacbf-23df-5f54-85b5-180350afb839,f8a29964-6153-5479-9520-d49c25d4d023,6db091d6-0bd8-5797-9f85-eb5b1d91b061,33000,KZT,2026-06-23T10:00:00+00:00,sim-device-03,MOBILE,BASELINE,AUTHORED_NORMAL,Monthly utility payment
5ddef420-2f4c-57c2-a0cf-151160c0a324,f8a29964-6153-5479-9520-d49c25d4d023,860336c7-daa4-5f7a-a7d3-991bc102f1f8,29000,KZT,2026-06-24T09:00:00+00:00,sim-device-03,MOBILE,BASELINE,AUTHORED_NORMAL,Household transfer
3950c48d-31af-5039-a39c-80f2c7f82e9f,f8a29964-6153-5479-9520-d49c25d4d023,493c232e-8bf5-59ea-b0a6-aa55bffaed23,22000,KZT,2026-06-24T10:00:00+00:00,sim-device-03,MOBILE,BASELINE,AUTHORED_NORMAL,Grocery purchase
c44e04f1-5b22-518b-b6a4-9a4019a632e9,f8a29964-6153-5479-9520-d49c25d4d023,6db091d6-0bd8-5797-9f85-eb5b1d91b061,31000,KZT,2026-06-25T09:00:00+00:00,sim-device-03,MOBILE,BASELINE,AUTHORED_NORMAL,Monthly utility payment
d62542e1-bbb5-59b8-9626-5664ef9edbd5,f8a29964-6153-5479-9520-d49c25d4d023,860336c7-daa4-5f7a-a7d3-991bc102f1f8,28000,KZT,2026-06-25T10:00:00+00:00,sim-device-03,MOBILE,BASELINE,AUTHORED_NORMAL,Household transfer
ba59aafa-ec2d-5a24-ab5a-47e050f3de10,f8a29964-6153-5479-9520-d49c25d4d023,493c232e-8bf5-59ea-b0a6-aa55bffaed23,35000,KZT,2026-06-26T09:00:00+00:00,sim-device-03,MOBILE,BASELINE,AUTHORED_NORMAL,Grocery purchase
7432d236-2de9-5aaf-aa02-9c528acd4b5d,f8a29964-6153-5479-9520-d49c25d4d023,6db091d6-0bd8-5797-9f85-eb5b1d91b061,26000,KZT,2026-06-26T10:00:00+00:00,sim-device-03,MOBILE,BASELINE,AUTHORED_NORMAL,Monthly utility payment
229ecf94-e77b-5f21-95d2-a1035f41810e,f8a29964-6153-5479-9520-d49c25d4d023,860336c7-daa4-5f7a-a7d3-991bc102f1f8,33000,KZT,2026-06-27T09:00:00+00:00,sim-device-03,MOBILE,BASELINE,AUTHORED_NORMAL,Household transfer
97e576e2-056a-53e4-9d34-24e63c3ed3b3,f8a29964-6153-5479-9520-d49c25d4d023,493c232e-8bf5-59ea-b0a6-aa55bffaed23,29000,KZT,2026-06-27T10:00:00+00:00,sim-device-03,MOBILE,BASELINE,AUTHORED_NORMAL,Grocery purchase
a91bb597-9e55-5651-9fed-30989717897c,f8a29964-6153-5479-9520-d49c25d4d023,6db091d6-0bd8-5797-9f85-eb5b1d91b061,22000,KZT,2026-06-28T09:00:00+00:00,sim-device-03,MOBILE,BASELINE,AUTHORED_NORMAL,Monthly utility payment
ab79ca89-ab7d-59f7-8234-245ef61bdfb6,f8a29964-6153-5479-9520-d49c25d4d023,860336c7-daa4-5f7a-a7d3-991bc102f1f8,31000,KZT,2026-06-28T10:00:00+00:00,sim-device-03,MOBILE,BASELINE,AUTHORED_NORMAL,Household transfer
e1424408-0844-5adb-8f09-5ab6c581a96a,f8a29964-6153-5479-9520-d49c25d4d023,493c232e-8bf5-59ea-b0a6-aa55bffaed23,28000,KZT,2026-06-29T09:00:00+00:00,sim-device-03,MOBILE,BASELINE,AUTHORED_NORMAL,Grocery purchase
a00bbba8-7fba-518e-9f81-92b5a22e58a7,f8a29964-6153-5479-9520-d49c25d4d023,6db091d6-0bd8-5797-9f85-eb5b1d91b061,35000,KZT,2026-06-29T10:00:00+00:00,sim-device-03,MOBILE,BASELINE,AUTHORED_NORMAL,Monthly utility payment
1ac6f1be-b054-5553-a076-20978f457bea,f8a29964-6153-5479-9520-d49c25d4d023,860336c7-daa4-5f7a-a7d3-991bc102f1f8,26000,KZT,2026-06-30T09:00:00+00:00,sim-device-03,MOBILE,BASELINE,AUTHORED_NORMAL,Household transfer
3c27771c-8017-5c90-b442-3784b38affb1,f8a29964-6153-5479-9520-d49c25d4d023,493c232e-8bf5-59ea-b0a6-aa55bffaed23,33000,KZT,2026-06-30T10:00:00+00:00,sim-device-03,MOBILE,BASELINE,AUTHORED_NORMAL,Grocery purchase
cdd4e60f-55a1-54bb-bd55-d782ffa686cf,f8a29964-6153-5479-9520-d49c25d4d023,6db091d6-0bd8-5797-9f85-eb5b1d91b061,29000,KZT,2026-07-01T09:00:00+00:00,sim-device-03,MOBILE,BASELINE,AUTHORED_NORMAL,Monthly utility payment
d7fad107-53f4-5b98-8987-c041e89bce2c,f8a29964-6153-5479-9520-d49c25d4d023,860336c7-daa4-5f7a-a7d3-991bc102f1f8,22000,KZT,2026-07-01T10:00:00+00:00,sim-device-03,MOBILE,BASELINE,AUTHORED_NORMAL,Household transfer
3cff442f-7961-5dc1-ad51-d82245763781,f8a29964-6153-5479-9520-d49c25d4d023,493c232e-8bf5-59ea-b0a6-aa55bffaed23,31000,KZT,2026-07-02T09:00:00+00:00,sim-device-03,MOBILE,BASELINE,AUTHORED_NORMAL,Grocery purchase
d10b593f-879f-5dcf-8da8-6b6250ca6cad,f8a29964-6153-5479-9520-d49c25d4d023,6db091d6-0bd8-5797-9f85-eb5b1d91b061,28000,KZT,2026-07-02T10:00:00+00:00,sim-device-03,MOBILE,BASELINE,AUTHORED_NORMAL,Monthly utility payment
1b169d60-2634-586f-b111-90d7c37f0a55,f8a29964-6153-5479-9520-d49c25d4d023,860336c7-daa4-5f7a-a7d3-991bc102f1f8,35000,KZT,2026-07-03T09:00:00+00:00,sim-device-03,MOBILE,BASELINE,AUTHORED_NORMAL,Household transfer
b0aaaeaf-7041-589e-8803-89c2f2a34a7e,f8a29964-6153-5479-9520-d49c25d4d023,493c232e-8bf5-59ea-b0a6-aa55bffaed23,26000,KZT,2026-07-03T10:00:00+00:00,sim-device-03,MOBILE,BASELINE,AUTHORED_NORMAL,Grocery purchase
f50f7220-228f-5e3a-92c6-e7c98ae9a8fc,f8a29964-6153-5479-9520-d49c25d4d023,6db091d6-0bd8-5797-9f85-eb5b1d91b061,33000,KZT,2026-07-04T09:00:00+00:00,sim-device-03,MOBILE,BASELINE,AUTHORED_NORMAL,Monthly utility payment
19ddf00a-e1ad-5f75-8e6c-fa151271e4ce,f8a29964-6153-5479-9520-d49c25d4d023,860336c7-daa4-5f7a-a7d3-991bc102f1f8,29000,KZT,2026-07-04T10:00:00+00:00,sim-device-03,MOBILE,BASELINE,AUTHORED_NORMAL,Household transfer
cb035533-8f89-52cf-964a-57cbdcf71216,f8a29964-6153-5479-9520-d49c25d4d023,493c232e-8bf5-59ea-b0a6-aa55bffaed23,22000,KZT,2026-07-05T09:00:00+00:00,sim-device-03,MOBILE,BASELINE,AUTHORED_NORMAL,Grocery purchase
21ae8c6b-2cbe-5e94-a0a1-3b35308b7625,f8a29964-6153-5479-9520-d49c25d4d023,6db091d6-0bd8-5797-9f85-eb5b1d91b061,31000,KZT,2026-07-05T10:00:00+00:00,sim-device-03,MOBILE,BASELINE,AUTHORED_NORMAL,Monthly utility payment
cbfd2185-11bb-5d01-beac-0f7e1d8cd7fb,f8a29964-6153-5479-9520-d49c25d4d023,860336c7-daa4-5f7a-a7d3-991bc102f1f8,28000,KZT,2026-07-06T09:00:00+00:00,sim-device-03,MOBILE,BASELINE,AUTHORED_NORMAL,Household transfer
85094a0b-d647-54bc-b707-5ffcc2508bc2,f8a29964-6153-5479-9520-d49c25d4d023,493c232e-8bf5-59ea-b0a6-aa55bffaed23,35000,KZT,2026-07-06T10:00:00+00:00,sim-device-03,MOBILE,BASELINE,AUTHORED_NORMAL,Grocery purchase
f65d738c-da5b-5d5d-93f1-449059054368,f8a29964-6153-5479-9520-d49c25d4d023,6db091d6-0bd8-5797-9f85-eb5b1d91b061,26000,KZT,2026-07-07T09:00:00+00:00,sim-device-03,MOBILE,BASELINE,AUTHORED_NORMAL,Monthly utility payment
08ecd6be-e890-535b-b75a-75d9da0c722a,f8a29964-6153-5479-9520-d49c25d4d023,860336c7-daa4-5f7a-a7d3-991bc102f1f8,33000,KZT,2026-07-07T10:00:00+00:00,sim-device-03,MOBILE,BASELINE,AUTHORED_NORMAL,Household transfer
ec5f5e62-c5b5-592d-8e32-fb0100052911,f8a29964-6153-5479-9520-d49c25d4d023,493c232e-8bf5-59ea-b0a6-aa55bffaed23,29000,KZT,2026-07-08T09:00:00+00:00,sim-device-03,MOBILE,BASELINE,AUTHORED_NORMAL,Grocery purchase
6a9bf86d-e4bd-56cc-8684-d234483a7ac8,f8a29964-6153-5479-9520-d49c25d4d023,6db091d6-0bd8-5797-9f85-eb5b1d91b061,22000,KZT,2026-07-08T10:00:00+00:00,sim-device-03,MOBILE,BASELINE,AUTHORED_NORMAL,Monthly utility payment
9b13507c-e1e0-5cf1-b765-50955deb6bdf,f8a29964-6153-5479-9520-d49c25d4d023,860336c7-daa4-5f7a-a7d3-991bc102f1f8,31000,KZT,2026-07-09T09:00:00+00:00,sim-device-03,MOBILE,BASELINE,AUTHORED_NORMAL,Household transfer
bfdd3ee3-a0fb-533c-8842-f931ced31c97,f8a29964-6153-5479-9520-d49c25d4d023,493c232e-8bf5-59ea-b0a6-aa55bffaed23,28000,KZT,2026-07-09T10:00:00+00:00,sim-device-03,MOBILE,BASELINE,AUTHORED_NORMAL,Grocery purchase
289f4964-0f67-59f0-8e2c-84c1b73cbcdf,f8a29964-6153-5479-9520-d49c25d4d023,6db091d6-0bd8-5797-9f85-eb5b1d91b061,35000,KZT,2026-07-10T09:00:00+00:00,sim-device-03,MOBILE,BASELINE,AUTHORED_NORMAL,Monthly utility payment
742caba0-d0ab-5cb4-a0b7-da785abd0c69,f8a29964-6153-5479-9520-d49c25d4d023,860336c7-daa4-5f7a-a7d3-991bc102f1f8,26000,KZT,2026-07-10T10:00:00+00:00,sim-device-03,MOBILE,BASELINE,AUTHORED_NORMAL,Household transfer
9a566623-0fb6-5aa3-bbdf-fa60387bc428,f8a29964-6153-5479-9520-d49c25d4d023,493c232e-8bf5-59ea-b0a6-aa55bffaed23,33000,KZT,2026-07-11T09:00:00+00:00,sim-device-03,MOBILE,BASELINE,AUTHORED_NORMAL,Grocery purchase
06b3295a-1275-5b27-b37d-1c649ce80c0d,f8a29964-6153-5479-9520-d49c25d4d023,6db091d6-0bd8-5797-9f85-eb5b1d91b061,29000,KZT,2026-07-11T10:00:00+00:00,sim-device-03,MOBILE,BASELINE,AUTHORED_NORMAL,Monthly utility payment
fbf7cd3b-582c-56b6-9de9-229dd81990a6,f8a29964-6153-5479-9520-d49c25d4d023,860336c7-daa4-5f7a-a7d3-991bc102f1f8,22000,KZT,2026-07-12T09:00:00+00:00,sim-device-03,MOBILE,BASELINE,AUTHORED_NORMAL,Household transfer
84d36cb7-c857-5c0c-a76f-2c37cd90d3ab,f8a29964-6153-5479-9520-d49c25d4d023,493c232e-8bf5-59ea-b0a6-aa55bffaed23,31000,KZT,2026-07-12T10:00:00+00:00,sim-device-03,MOBILE,BASELINE,AUTHORED_NORMAL,Grocery purchase
d5a065fb-e885-595c-9199-1001c629d212,f8a29964-6153-5479-9520-d49c25d4d023,6db091d6-0bd8-5797-9f85-eb5b1d91b061,28000,KZT,2026-07-13T09:00:00+00:00,sim-device-03,MOBILE,BASELINE,AUTHORED_NORMAL,Monthly utility payment
a74b30fd-0f10-53c8-9c9c-734f022c109a,f8a29964-6153-5479-9520-d49c25d4d023,860336c7-daa4-5f7a-a7d3-991bc102f1f8,35000,KZT,2026-07-13T10:00:00+00:00,sim-device-03,MOBILE,BASELINE,AUTHORED_NORMAL,Household transfer
5a825361-83ff-5eb6-b64e-22638894c30b,f8a29964-6153-5479-9520-d49c25d4d023,493c232e-8bf5-59ea-b0a6-aa55bffaed23,26000,KZT,2026-07-14T09:00:00+00:00,sim-device-03,MOBILE,BASELINE,AUTHORED_NORMAL,Grocery purchase
c0ad70b2-8fd8-51ff-96af-e962e87eec44,f8a29964-6153-5479-9520-d49c25d4d023,6db091d6-0bd8-5797-9f85-eb5b1d91b061,33000,KZT,2026-07-14T10:00:00+00:00,sim-device-03,MOBILE,BASELINE,AUTHORED_NORMAL,Monthly utility payment
92dec3c0-4f64-58a5-ac52-eb09e1e1b842,f8a29964-6153-5479-9520-d49c25d4d023,860336c7-daa4-5f7a-a7d3-991bc102f1f8,29000,KZT,2026-07-15T09:00:00+00:00,sim-device-03,MOBILE,BASELINE,AUTHORED_NORMAL,Household transfer
0faf4707-7589-5d37-8a59-2d6585b2208b,f8a29964-6153-5479-9520-d49c25d4d023,493c232e-8bf5-59ea-b0a6-aa55bffaed23,22000,KZT,2026-07-15T10:00:00+00:00,sim-device-03,MOBILE,BASELINE,AUTHORED_NORMAL,Grocery purchase
8a4b6abf-ec0f-5256-a50c-556683f9a00c,f8a29964-6153-5479-9520-d49c25d4d023,6db091d6-0bd8-5797-9f85-eb5b1d91b061,31000,KZT,2026-07-16T09:00:00+00:00,sim-device-03,MOBILE,BASELINE,AUTHORED_NORMAL,Monthly utility payment
56154add-6d75-543e-bb11-ad2947326c2d,f8a29964-6153-5479-9520-d49c25d4d023,860336c7-daa4-5f7a-a7d3-991bc102f1f8,28000,KZT,2026-07-16T10:00:00+00:00,sim-device-03,MOBILE,BASELINE,AUTHORED_NORMAL,Household transfer
0ed6cbad-c055-5cef-a91e-09bb89220ee6,f8a29964-6153-5479-9520-d49c25d4d023,493c232e-8bf5-59ea-b0a6-aa55bffaed23,35000,KZT,2026-07-17T09:00:00+00:00,sim-device-03,MOBILE,BASELINE,AUTHORED_NORMAL,Grocery purchase
306c1230-990a-5716-aaa3-4d799f6a0a68,f8a29964-6153-5479-9520-d49c25d4d023,6db091d6-0bd8-5797-9f85-eb5b1d91b061,26000,KZT,2026-07-17T10:00:00+00:00,sim-device-03,MOBILE,BASELINE,AUTHORED_NORMAL,Monthly utility payment
19d7235c-25e6-5689-9daf-0ce1c9edfcdd,f8a29964-6153-5479-9520-d49c25d4d023,860336c7-daa4-5f7a-a7d3-991bc102f1f8,33000,KZT,2026-07-18T09:00:00+00:00,sim-device-03,MOBILE,BASELINE,AUTHORED_NORMAL,Household transfer
2ca9d6fc-b9e9-5c28-bfe3-914de3d459d5,f8a29964-6153-5479-9520-d49c25d4d023,493c232e-8bf5-59ea-b0a6-aa55bffaed23,29000,KZT,2026-07-18T10:00:00+00:00,sim-device-03,MOBILE,BASELINE,AUTHORED_NORMAL,Grocery purchase
b050b397-d6bb-58d7-8f36-349e76a89c8f,f8a29964-6153-5479-9520-d49c25d4d023,6db091d6-0bd8-5797-9f85-eb5b1d91b061,22000,KZT,2026-07-19T09:00:00+00:00,sim-device-03,MOBILE,BASELINE,AUTHORED_NORMAL,Monthly utility payment
01e0837d-4744-5979-a11c-4706c1484923,f8a29964-6153-5479-9520-d49c25d4d023,860336c7-daa4-5f7a-a7d3-991bc102f1f8,31000,KZT,2026-07-19T10:00:00+00:00,sim-device-03,MOBILE,BASELINE,AUTHORED_NORMAL,Household transfer
55506dfe-faf1-5170-9431-b6be43e7afb6,f8a29964-6153-5479-9520-d49c25d4d023,493c232e-8bf5-59ea-b0a6-aa55bffaed23,28000,KZT,2026-07-20T09:00:00+00:00,sim-device-03,MOBILE,BASELINE,AUTHORED_NORMAL,Grocery purchase
82a9060a-08a5-5267-81a0-cf0168e8bc3e,f8a29964-6153-5479-9520-d49c25d4d023,6db091d6-0bd8-5797-9f85-eb5b1d91b061,35000,KZT,2026-07-20T10:00:00+00:00,sim-device-03,MOBILE,BASELINE,AUTHORED_NORMAL,Monthly utility payment
dab37801-5cca-5b59-868d-53640fa37dca,f8a29964-6153-5479-9520-d49c25d4d023,860336c7-daa4-5f7a-a7d3-991bc102f1f8,26000,KZT,2026-07-21T09:00:00+00:00,sim-device-03,MOBILE,BASELINE,AUTHORED_NORMAL,Household transfer
a506e96d-51bb-5948-bd22-1a60027db12c,f8a29964-6153-5479-9520-d49c25d4d023,493c232e-8bf5-59ea-b0a6-aa55bffaed23,33000,KZT,2026-07-21T10:00:00+00:00,sim-device-03,MOBILE,BASELINE,AUTHORED_NORMAL,Grocery purchase
e0f92dc2-9ec3-59c9-a129-9a482b7662fb,f8a29964-6153-5479-9520-d49c25d4d023,6db091d6-0bd8-5797-9f85-eb5b1d91b061,29000,KZT,2026-07-22T09:00:00+00:00,sim-device-03,MOBILE,BASELINE,AUTHORED_NORMAL,Monthly utility payment
f471f824-fe40-5d6a-b215-14d995243550,f8a29964-6153-5479-9520-d49c25d4d023,860336c7-daa4-5f7a-a7d3-991bc102f1f8,22000,KZT,2026-07-22T10:00:00+00:00,sim-device-03,MOBILE,BASELINE,AUTHORED_NORMAL,Household transfer
1373d956-57ff-5006-a60c-3df9d9edee8e,f8a29964-6153-5479-9520-d49c25d4d023,493c232e-8bf5-59ea-b0a6-aa55bffaed23,31000,KZT,2026-07-23T09:00:00+00:00,sim-device-03,MOBILE,BASELINE,AUTHORED_NORMAL,Grocery purchase
3d642bec-f0e7-5931-85d9-37ac880af169,f8a29964-6153-5479-9520-d49c25d4d023,6db091d6-0bd8-5797-9f85-eb5b1d91b061,28000,KZT,2026-07-23T10:00:00+00:00,sim-device-03,MOBILE,BASELINE,AUTHORED_NORMAL,Monthly utility payment
25e9b56d-1c4e-53b6-8063-28f8ccacd0b6,f8a29964-6153-5479-9520-d49c25d4d023,860336c7-daa4-5f7a-a7d3-991bc102f1f8,35000,KZT,2026-07-24T09:00:00+00:00,sim-device-03,MOBILE,BASELINE,AUTHORED_NORMAL,Household transfer
ee0a8333-59b4-5990-b123-faf0c39dff87,f8a29964-6153-5479-9520-d49c25d4d023,493c232e-8bf5-59ea-b0a6-aa55bffaed23,26000,KZT,2026-07-24T10:00:00+00:00,sim-device-03,MOBILE,BASELINE,AUTHORED_NORMAL,Grocery purchase
4147d82d-5bec-58cc-a288-6e83bb6b2b8c,f8a29964-6153-5479-9520-d49c25d4d023,6db091d6-0bd8-5797-9f85-eb5b1d91b061,33000,KZT,2026-07-25T09:00:00+00:00,sim-device-03,MOBILE,BASELINE,AUTHORED_NORMAL,Monthly utility payment
76f89516-65c0-55df-97ed-6ebf7ff0db8c,f8a29964-6153-5479-9520-d49c25d4d023,860336c7-daa4-5f7a-a7d3-991bc102f1f8,29000,KZT,2026-07-25T10:00:00+00:00,sim-device-03,MOBILE,BASELINE,AUTHORED_NORMAL,Household transfer
f1035a61-f595-5fe0-b032-904d7e8ff625,f8a29964-6153-5479-9520-d49c25d4d023,493c232e-8bf5-59ea-b0a6-aa55bffaed23,22000,KZT,2026-07-26T09:00:00+00:00,sim-device-03,MOBILE,BASELINE,AUTHORED_NORMAL,Grocery purchase
9c4cf20f-48c9-5332-9da6-59fd93680c2e,f8a29964-6153-5479-9520-d49c25d4d023,6db091d6-0bd8-5797-9f85-eb5b1d91b061,31000,KZT,2026-07-26T10:00:00+00:00,sim-device-03,MOBILE,BASELINE,AUTHORED_NORMAL,Monthly utility payment
2ea3188f-f6ed-5c8b-a75c-dd91ac59a01c,f8a29964-6153-5479-9520-d49c25d4d023,860336c7-daa4-5f7a-a7d3-991bc102f1f8,28000,KZT,2026-07-27T09:00:00+00:00,sim-device-03,MOBILE,BASELINE,AUTHORED_NORMAL,Household transfer
6539c0c2-b30a-540d-b3f4-fc3d8305f3a8,f8a29964-6153-5479-9520-d49c25d4d023,493c232e-8bf5-59ea-b0a6-aa55bffaed23,35000,KZT,2026-07-27T10:00:00+00:00,sim-device-03,MOBILE,BASELINE,AUTHORED_NORMAL,Grocery purchase
72e97194-af54-57e8-a0eb-6692144e3ea0,f8a29964-6153-5479-9520-d49c25d4d023,6db091d6-0bd8-5797-9f85-eb5b1d91b061,26000,KZT,2026-07-28T09:00:00+00:00,sim-device-03,MOBILE,BASELINE,AUTHORED_NORMAL,Monthly utility payment
48095c1e-ca3e-52c9-a9ee-2a963476c303,f8a29964-6153-5479-9520-d49c25d4d023,860336c7-daa4-5f7a-a7d3-991bc102f1f8,33000,KZT,2026-07-28T10:00:00+00:00,sim-device-03,MOBILE,BASELINE,AUTHORED_NORMAL,Household transfer
f9db6f83-18f2-5811-93ab-0d8d2206ebdd,f8a29964-6153-5479-9520-d49c25d4d023,493c232e-8bf5-59ea-b0a6-aa55bffaed23,29000,KZT,2026-07-29T09:00:00+00:00,sim-device-03,MOBILE,BASELINE,AUTHORED_NORMAL,Grocery purchase
0e6eeb6c-ba0a-54d4-b9d9-afe21a116b99,f8a29964-6153-5479-9520-d49c25d4d023,6db091d6-0bd8-5797-9f85-eb5b1d91b061,22000,KZT,2026-07-29T10:00:00+00:00,sim-device-03,MOBILE,BASELINE,AUTHORED_NORMAL,Monthly utility payment
bd10d47b-6364-5b06-a279-d85aef8e0372,f8a29964-6153-5479-9520-d49c25d4d023,860336c7-daa4-5f7a-a7d3-991bc102f1f8,31000,KZT,2026-07-30T09:00:00+00:00,sim-device-03,MOBILE,BASELINE,AUTHORED_NORMAL,Household transfer
7c41250c-8b66-562a-a7c9-72991a76a22b,f8a29964-6153-5479-9520-d49c25d4d023,493c232e-8bf5-59ea-b0a6-aa55bffaed23,28000,KZT,2026-07-30T10:00:00+00:00,sim-device-03,MOBILE,BASELINE,AUTHORED_NORMAL,Grocery purchase
0e68d72d-3dbd-52aa-8d6f-2f1c0e475412,f8a29964-6153-5479-9520-d49c25d4d023,6db091d6-0bd8-5797-9f85-eb5b1d91b061,35000,KZT,2026-07-31T09:00:00+00:00,sim-device-03,MOBILE,BASELINE,AUTHORED_NORMAL,Monthly utility payment
acebaa27-6b09-5515-bb2f-fc2efec3608b,f8a29964-6153-5479-9520-d49c25d4d023,860336c7-daa4-5f7a-a7d3-991bc102f1f8,26000,KZT,2026-07-31T10:00:00+00:00,sim-device-03,MOBILE,BASELINE,AUTHORED_NORMAL,Household transfer
efd0f360-c73b-53d9-a95b-786c9ba06553,f8a29964-6153-5479-9520-d49c25d4d023,493c232e-8bf5-59ea-b0a6-aa55bffaed23,33000,KZT,2026-08-01T09:00:00+00:00,sim-device-03,MOBILE,BASELINE,AUTHORED_NORMAL,Grocery purchase
8119707b-f711-5a36-8a3d-f8e6d93b4472,f8a29964-6153-5479-9520-d49c25d4d023,6db091d6-0bd8-5797-9f85-eb5b1d91b061,29000,KZT,2026-08-01T10:00:00+00:00,sim-device-03,MOBILE,BASELINE,AUTHORED_NORMAL,Monthly utility payment
6d2f1f67-c727-5232-8f32-b3f34a71ec93,f8a29964-6153-5479-9520-d49c25d4d023,860336c7-daa4-5f7a-a7d3-991bc102f1f8,22000,KZT,2026-08-02T09:00:00+00:00,sim-device-03,MOBILE,BASELINE,AUTHORED_NORMAL,Household transfer
03af6397-bc05-5788-bd76-a93dbf370bdb,f8a29964-6153-5479-9520-d49c25d4d023,493c232e-8bf5-59ea-b0a6-aa55bffaed23,31000,KZT,2026-08-02T10:00:00+00:00,sim-device-03,MOBILE,BASELINE,AUTHORED_NORMAL,Grocery purchase
92bb7596-eb57-582e-bbf9-60a7b3d10da7,f8a29964-6153-5479-9520-d49c25d4d023,6db091d6-0bd8-5797-9f85-eb5b1d91b061,28000,KZT,2026-08-03T09:00:00+00:00,sim-device-03,MOBILE,BASELINE,AUTHORED_NORMAL,Monthly utility payment
d84b6dc4-4f8b-56a1-b073-4565341d3d8e,f8a29964-6153-5479-9520-d49c25d4d023,860336c7-daa4-5f7a-a7d3-991bc102f1f8,35000,KZT,2026-08-03T10:00:00+00:00,sim-device-03,MOBILE,BASELINE,AUTHORED_NORMAL,Household transfer
dd0e10f0-10e8-5793-9d81-df71c3fe6997,f8a29964-6153-5479-9520-d49c25d4d023,493c232e-8bf5-59ea-b0a6-aa55bffaed23,26000,KZT,2026-08-04T09:00:00+00:00,sim-device-03,MOBILE,BASELINE,AUTHORED_NORMAL,Grocery purchase
8f7aa4fd-dcd7-566f-95a5-9b135ffa9a08,f8a29964-6153-5479-9520-d49c25d4d023,6db091d6-0bd8-5797-9f85-eb5b1d91b061,33000,KZT,2026-08-04T10:00:00+00:00,sim-device-03,MOBILE,BASELINE,AUTHORED_NORMAL,Monthly utility payment
9a699733-8a1a-509d-adab-98fe716f8bdc,f8a29964-6153-5479-9520-d49c25d4d023,860336c7-daa4-5f7a-a7d3-991bc102f1f8,29000,KZT,2026-08-05T09:00:00+00:00,sim-device-03,MOBILE,BASELINE,AUTHORED_NORMAL,Household transfer
1f15d652-be94-5bfa-8d6f-5413f032c23a,f8a29964-6153-5479-9520-d49c25d4d023,493c232e-8bf5-59ea-b0a6-aa55bffaed23,22000,KZT,2026-08-05T10:00:00+00:00,sim-device-03,MOBILE,BASELINE,AUTHORED_NORMAL,Grocery purchase
bd417e3e-00db-5e0e-809c-47a80bf86b15,f8a29964-6153-5479-9520-d49c25d4d023,6db091d6-0bd8-5797-9f85-eb5b1d91b061,31000,KZT,2026-08-06T09:00:00+00:00,sim-device-03,MOBILE,BASELINE,AUTHORED_NORMAL,Monthly utility payment
7ef57f6f-b435-569f-a1c3-57d2243a1431,f8a29964-6153-5479-9520-d49c25d4d023,860336c7-daa4-5f7a-a7d3-991bc102f1f8,28000,KZT,2026-08-06T10:00:00+00:00,sim-device-03,MOBILE,BASELINE,AUTHORED_NORMAL,Household transfer
72bddd70-fcaf-5385-a8ea-5b42e3630eac,f8a29964-6153-5479-9520-d49c25d4d023,493c232e-8bf5-59ea-b0a6-aa55bffaed23,35000,KZT,2026-08-07T09:00:00+00:00,sim-device-03,MOBILE,BASELINE,AUTHORED_NORMAL,Grocery purchase
dc37b4cb-9265-5532-b06f-0b2c67ce4853,f8a29964-6153-5479-9520-d49c25d4d023,6db091d6-0bd8-5797-9f85-eb5b1d91b061,26000,KZT,2026-08-07T10:00:00+00:00,sim-device-03,MOBILE,BASELINE,AUTHORED_NORMAL,Monthly utility payment
22faffde-bb61-53c4-8a3e-9135f7c85ebd,f8a29964-6153-5479-9520-d49c25d4d023,860336c7-daa4-5f7a-a7d3-991bc102f1f8,33000,KZT,2026-08-08T09:00:00+00:00,sim-device-03,MOBILE,BASELINE,AUTHORED_NORMAL,Household transfer
16cf1306-a227-5cdf-8e36-2b2742046335,f8a29964-6153-5479-9520-d49c25d4d023,493c232e-8bf5-59ea-b0a6-aa55bffaed23,29000,KZT,2026-08-08T10:00:00+00:00,sim-device-03,MOBILE,BASELINE,AUTHORED_NORMAL,Grocery purchase
0b02a1bd-98d9-5081-b3be-5c6078e5b66f,f8a29964-6153-5479-9520-d49c25d4d023,6db091d6-0bd8-5797-9f85-eb5b1d91b061,22000,KZT,2026-08-09T09:00:00+00:00,sim-device-03,MOBILE,BASELINE,AUTHORED_NORMAL,Monthly utility payment
c4796ffb-ecd1-5838-8978-b1f1fdb3f5ec,f8a29964-6153-5479-9520-d49c25d4d023,860336c7-daa4-5f7a-a7d3-991bc102f1f8,31000,KZT,2026-08-09T10:00:00+00:00,sim-device-03,MOBILE,BASELINE,AUTHORED_NORMAL,Household transfer
a0231d31-d413-5a66-82d2-eb4aa13129df,f8a29964-6153-5479-9520-d49c25d4d023,493c232e-8bf5-59ea-b0a6-aa55bffaed23,28000,KZT,2026-08-10T09:00:00+00:00,sim-device-03,MOBILE,BASELINE,AUTHORED_NORMAL,Grocery purchase
c5ddd851-965c-588f-9fea-77ef3f190093,f8a29964-6153-5479-9520-d49c25d4d023,6db091d6-0bd8-5797-9f85-eb5b1d91b061,35000,KZT,2026-08-10T10:00:00+00:00,sim-device-03,MOBILE,BASELINE,AUTHORED_NORMAL,Monthly utility payment
be2c1129-7c7b-57b4-82c7-67166ee5ddb9,f8a29964-6153-5479-9520-d49c25d4d023,860336c7-daa4-5f7a-a7d3-991bc102f1f8,26000,KZT,2026-08-11T09:00:00+00:00,sim-device-03,MOBILE,BASELINE,AUTHORED_NORMAL,Household transfer
07352fa3-0d93-523f-a25d-22cd97049519,f8a29964-6153-5479-9520-d49c25d4d023,493c232e-8bf5-59ea-b0a6-aa55bffaed23,33000,KZT,2026-08-11T10:00:00+00:00,sim-device-03,MOBILE,BASELINE,AUTHORED_NORMAL,Grocery purchase
c53e1b2f-67de-59dc-890b-44165d1c1ec0,f8a29964-6153-5479-9520-d49c25d4d023,6db091d6-0bd8-5797-9f85-eb5b1d91b061,29000,KZT,2026-08-12T09:00:00+00:00,sim-device-03,MOBILE,BASELINE,AUTHORED_NORMAL,Monthly utility payment
89781614-4f3f-5f31-81d2-3c066d80c686,f8a29964-6153-5479-9520-d49c25d4d023,860336c7-daa4-5f7a-a7d3-991bc102f1f8,22000,KZT,2026-08-12T10:00:00+00:00,sim-device-03,MOBILE,BASELINE,AUTHORED_NORMAL,Household transfer
e5a50fdd-8122-58cf-982d-a8a8f3ce6898,f8a29964-6153-5479-9520-d49c25d4d023,493c232e-8bf5-59ea-b0a6-aa55bffaed23,31000,KZT,2026-08-13T09:00:00+00:00,sim-device-03,MOBILE,BASELINE,AUTHORED_NORMAL,Grocery purchase
4995bb60-0d77-580e-bd01-118709ef45d9,f8a29964-6153-5479-9520-d49c25d4d023,6db091d6-0bd8-5797-9f85-eb5b1d91b061,28000,KZT,2026-08-13T10:00:00+00:00,sim-device-03,MOBILE,BASELINE,AUTHORED_NORMAL,Monthly utility payment
3d767bc2-856b-5f6e-9be0-261ab7534a33,f8a29964-6153-5479-9520-d49c25d4d023,860336c7-daa4-5f7a-a7d3-991bc102f1f8,35000,KZT,2026-08-14T09:00:00+00:00,sim-device-03,MOBILE,BASELINE,AUTHORED_NORMAL,Household transfer
49c887af-394e-5f7d-a887-3479236a3653,f8a29964-6153-5479-9520-d49c25d4d023,493c232e-8bf5-59ea-b0a6-aa55bffaed23,26000,KZT,2026-08-14T10:00:00+00:00,sim-device-03,MOBILE,BASELINE,AUTHORED_NORMAL,Grocery purchase
a265002a-b18c-5323-8175-3f95bcb293bc,f8a29964-6153-5479-9520-d49c25d4d023,6db091d6-0bd8-5797-9f85-eb5b1d91b061,33000,KZT,2026-08-15T09:00:00+00:00,sim-device-03,MOBILE,BASELINE,AUTHORED_NORMAL,Monthly utility payment
3f6a17d7-d413-5160-8d89-4e35fe3725fd,f8a29964-6153-5479-9520-d49c25d4d023,860336c7-daa4-5f7a-a7d3-991bc102f1f8,29000,KZT,2026-08-15T10:00:00+00:00,sim-device-03,MOBILE,BASELINE,AUTHORED_NORMAL,Household transfer
94987b96-20de-5e82-89af-5fd2b70f3e7d,f8a29964-6153-5479-9520-d49c25d4d023,493c232e-8bf5-59ea-b0a6-aa55bffaed23,22000,KZT,2026-08-16T09:00:00+00:00,sim-device-03,MOBILE,BASELINE,AUTHORED_NORMAL,Grocery purchase
3defed30-de40-5954-b12c-fb12d3700c25,f8a29964-6153-5479-9520-d49c25d4d023,6db091d6-0bd8-5797-9f85-eb5b1d91b061,31000,KZT,2026-08-16T10:00:00+00:00,sim-device-03,MOBILE,BASELINE,AUTHORED_NORMAL,Monthly utility payment
c15590f0-3c6c-5cab-b7e2-77dd033aaf0f,f8a29964-6153-5479-9520-d49c25d4d023,860336c7-daa4-5f7a-a7d3-991bc102f1f8,28000,KZT,2026-08-17T09:00:00+00:00,sim-device-03,MOBILE,BASELINE,AUTHORED_NORMAL,Household transfer
025aacf1-c09a-5c1f-aff4-91ec2724bcf4,f8a29964-6153-5479-9520-d49c25d4d023,493c232e-8bf5-59ea-b0a6-aa55bffaed23,35000,KZT,2026-08-17T10:00:00+00:00,sim-device-03,MOBILE,BASELINE,AUTHORED_NORMAL,Grocery purchase
37128c56-13d5-5b17-9970-237dc7059f88,f8a29964-6153-5479-9520-d49c25d4d023,6db091d6-0bd8-5797-9f85-eb5b1d91b061,26000,KZT,2026-08-18T09:00:00+00:00,sim-device-03,MOBILE,BASELINE,AUTHORED_NORMAL,Monthly utility payment
be0cce1d-264a-5998-a867-542f3a805856,f8a29964-6153-5479-9520-d49c25d4d023,860336c7-daa4-5f7a-a7d3-991bc102f1f8,33000,KZT,2026-08-18T10:00:00+00:00,sim-device-03,MOBILE,BASELINE,AUTHORED_NORMAL,Household transfer
2c81a4f4-b1a7-5386-84c0-7e31aaff6add,f8a29964-6153-5479-9520-d49c25d4d023,493c232e-8bf5-59ea-b0a6-aa55bffaed23,29000,KZT,2026-08-19T09:00:00+00:00,sim-device-03,MOBILE,BASELINE,AUTHORED_NORMAL,Grocery purchase
48836d3b-bbea-5b82-80f3-7a6227af43cd,f8a29964-6153-5479-9520-d49c25d4d023,6db091d6-0bd8-5797-9f85-eb5b1d91b061,22000,KZT,2026-08-19T10:00:00+00:00,sim-device-03,MOBILE,BASELINE,AUTHORED_NORMAL,Monthly utility payment
42b89125-4624-571b-9e07-ee855ff64c87,f8a29964-6153-5479-9520-d49c25d4d023,860336c7-daa4-5f7a-a7d3-991bc102f1f8,31000,KZT,2026-08-20T09:00:00+00:00,sim-device-03,MOBILE,BASELINE,AUTHORED_NORMAL,Household transfer
b0920c7c-01b0-5b1d-919e-738a6cf61a79,f8a29964-6153-5479-9520-d49c25d4d023,493c232e-8bf5-59ea-b0a6-aa55bffaed23,28000,KZT,2026-08-20T10:00:00+00:00,sim-device-03,MOBILE,BASELINE,AUTHORED_NORMAL,Grocery purchase
d921827b-c5d8-5c22-9df9-fb71ee07e723,f8a29964-6153-5479-9520-d49c25d4d023,6db091d6-0bd8-5797-9f85-eb5b1d91b061,35000,KZT,2026-08-21T09:00:00+00:00,sim-device-03,MOBILE,BASELINE,AUTHORED_NORMAL,Monthly utility payment
73a79af3-1d92-5d04-b60b-6c23c9fb55fd,f8a29964-6153-5479-9520-d49c25d4d023,860336c7-daa4-5f7a-a7d3-991bc102f1f8,26000,KZT,2026-08-21T10:00:00+00:00,sim-device-03,MOBILE,BASELINE,AUTHORED_NORMAL,Household transfer
7a581385-4e9c-59cc-93c4-39a995b872e0,f8a29964-6153-5479-9520-d49c25d4d023,493c232e-8bf5-59ea-b0a6-aa55bffaed23,33000,KZT,2026-08-22T09:00:00+00:00,sim-device-03,MOBILE,BASELINE,AUTHORED_NORMAL,Grocery purchase
28adba2d-c642-5069-ba15-f4b1e512b923,f8a29964-6153-5479-9520-d49c25d4d023,6db091d6-0bd8-5797-9f85-eb5b1d91b061,29000,KZT,2026-08-22T10:00:00+00:00,sim-device-03,MOBILE,BASELINE,AUTHORED_NORMAL,Monthly utility payment
6f350739-b61d-5c6c-b17b-af8bdcf61ab1,f8a29964-6153-5479-9520-d49c25d4d023,860336c7-daa4-5f7a-a7d3-991bc102f1f8,22000,KZT,2026-08-23T09:00:00+00:00,sim-device-03,MOBILE,BASELINE,AUTHORED_NORMAL,Household transfer
3ab79261-153e-5007-ae34-d22728ed2a12,f8a29964-6153-5479-9520-d49c25d4d023,493c232e-8bf5-59ea-b0a6-aa55bffaed23,31000,KZT,2026-08-23T10:00:00+00:00,sim-device-03,MOBILE,BASELINE,AUTHORED_NORMAL,Grocery purchase
4e096ba1-d1b8-5727-812a-bc9cb962cc95,f8a29964-6153-5479-9520-d49c25d4d023,6db091d6-0bd8-5797-9f85-eb5b1d91b061,28000,KZT,2026-08-24T09:00:00+00:00,sim-device-03,MOBILE,BASELINE,AUTHORED_NORMAL,Monthly utility payment
af49cad4-e990-5ed3-9fa4-c798a186dee8,f8a29964-6153-5479-9520-d49c25d4d023,860336c7-daa4-5f7a-a7d3-991bc102f1f8,35000,KZT,2026-08-24T10:00:00+00:00,sim-device-03,MOBILE,BASELINE,AUTHORED_NORMAL,Household transfer
63ac957d-2496-51ad-92fa-c00cda8cdc77,f8a29964-6153-5479-9520-d49c25d4d023,493c232e-8bf5-59ea-b0a6-aa55bffaed23,26000,KZT,2026-08-25T09:00:00+00:00,sim-device-03,MOBILE,BASELINE,AUTHORED_NORMAL,Grocery purchase
10867f1d-627b-58ed-81a1-e762b51acd80,f8a29964-6153-5479-9520-d49c25d4d023,6db091d6-0bd8-5797-9f85-eb5b1d91b061,33000,KZT,2026-08-25T10:00:00+00:00,sim-device-03,MOBILE,BASELINE,AUTHORED_NORMAL,Monthly utility payment
efa213f5-63f7-54af-ac3a-2d4b8691ddfc,f8a29964-6153-5479-9520-d49c25d4d023,860336c7-daa4-5f7a-a7d3-991bc102f1f8,29000,KZT,2026-08-26T09:00:00+00:00,sim-device-03,MOBILE,BASELINE,AUTHORED_NORMAL,Household transfer
b8b2798a-9dda-5880-8381-6d0cbc046e1a,f8a29964-6153-5479-9520-d49c25d4d023,493c232e-8bf5-59ea-b0a6-aa55bffaed23,22000,KZT,2026-08-26T10:00:00+00:00,sim-device-03,MOBILE,BASELINE,AUTHORED_NORMAL,Grocery purchase
5b5354ab-e5b0-5647-8ffa-05ff7d5d77da,f8a29964-6153-5479-9520-d49c25d4d023,6db091d6-0bd8-5797-9f85-eb5b1d91b061,31000,KZT,2026-08-27T09:00:00+00:00,sim-device-03,MOBILE,BASELINE,AUTHORED_NORMAL,Monthly utility payment
7f5b28fb-2065-5b09-87f3-7c0a3323eb04,f8a29964-6153-5479-9520-d49c25d4d023,860336c7-daa4-5f7a-a7d3-991bc102f1f8,28000,KZT,2026-08-27T10:00:00+00:00,sim-device-03,MOBILE,BASELINE,AUTHORED_NORMAL,Household transfer
631dd5aa-ab62-5676-810f-9cb8e7f7998b,f8a29964-6153-5479-9520-d49c25d4d023,493c232e-8bf5-59ea-b0a6-aa55bffaed23,35000,KZT,2026-08-28T09:00:00+00:00,sim-device-03,MOBILE,BASELINE,AUTHORED_NORMAL,Grocery purchase
e70f66ae-27e6-5496-9e14-386fd85ecba9,f8a29964-6153-5479-9520-d49c25d4d023,6db091d6-0bd8-5797-9f85-eb5b1d91b061,26000,KZT,2026-08-28T10:00:00+00:00,sim-device-03,MOBILE,BASELINE,AUTHORED_NORMAL,Monthly utility payment
24bbf01c-b088-5ad1-adab-e739aef19b6b,f8a29964-6153-5479-9520-d49c25d4d023,860336c7-daa4-5f7a-a7d3-991bc102f1f8,33000,KZT,2026-08-29T09:00:00+00:00,sim-device-03,MOBILE,BASELINE,AUTHORED_NORMAL,Household transfer
a47d7006-614f-5aa2-84c9-502b0bc57ae5,f8a29964-6153-5479-9520-d49c25d4d023,493c232e-8bf5-59ea-b0a6-aa55bffaed23,29000,KZT,2026-08-29T10:00:00+00:00,sim-device-03,MOBILE,BASELINE,AUTHORED_NORMAL,Grocery purchase
6ed3585e-2a5c-571f-91ed-cd0b367579c6,f8a29964-6153-5479-9520-d49c25d4d023,6db091d6-0bd8-5797-9f85-eb5b1d91b061,22000,KZT,2026-08-30T09:00:00+00:00,sim-device-03,MOBILE,BASELINE,AUTHORED_NORMAL,Monthly utility payment
9da6c97d-bef3-5dcf-a01e-c216d75cec85,f8a29964-6153-5479-9520-d49c25d4d023,860336c7-daa4-5f7a-a7d3-991bc102f1f8,31000,KZT,2026-08-30T10:00:00+00:00,sim-device-03,MOBILE,BASELINE,AUTHORED_NORMAL,Household transfer
7015f5bb-5397-5847-aeaa-d5516d92b1a7,f8a29964-6153-5479-9520-d49c25d4d023,493c232e-8bf5-59ea-b0a6-aa55bffaed23,28000,KZT,2026-08-31T09:00:00+00:00,sim-device-03,MOBILE,BASELINE,AUTHORED_NORMAL,Grocery purchase
9e141144-df06-51f0-8f5b-9f3c5cca2b19,f8a29964-6153-5479-9520-d49c25d4d023,6db091d6-0bd8-5797-9f85-eb5b1d91b061,35000,KZT,2026-08-31T10:00:00+00:00,sim-device-03,MOBILE,BASELINE,AUTHORED_NORMAL,Monthly utility payment
87067b14-fcb0-5ae3-82ba-1df77ea5f27c,f8a29964-6153-5479-9520-d49c25d4d023,860336c7-daa4-5f7a-a7d3-991bc102f1f8,26000,KZT,2026-09-01T09:00:00+00:00,sim-device-03,MOBILE,BASELINE,AUTHORED_NORMAL,Household transfer
3f88552e-1295-5d3b-8184-3544253b307c,f8a29964-6153-5479-9520-d49c25d4d023,493c232e-8bf5-59ea-b0a6-aa55bffaed23,33000,KZT,2026-09-01T10:00:00+00:00,sim-device-03,MOBILE,BASELINE,AUTHORED_NORMAL,Grocery purchase
d22e3306-d79d-550c-aba8-8f3734c9d62d,f8a29964-6153-5479-9520-d49c25d4d023,6db091d6-0bd8-5797-9f85-eb5b1d91b061,29000,KZT,2026-09-02T09:00:00+00:00,sim-device-03,MOBILE,BASELINE,AUTHORED_NORMAL,Monthly utility payment
c877b30b-7371-5597-8287-8d0c577c1f66,f8a29964-6153-5479-9520-d49c25d4d023,860336c7-daa4-5f7a-a7d3-991bc102f1f8,22000,KZT,2026-09-02T10:00:00+00:00,sim-device-03,MOBILE,BASELINE,AUTHORED_NORMAL,Household transfer
9dbb8989-87f6-5564-aa06-8c5b91f86ead,f8a29964-6153-5479-9520-d49c25d4d023,493c232e-8bf5-59ea-b0a6-aa55bffaed23,31000,KZT,2026-09-03T09:00:00+00:00,sim-device-03,MOBILE,BASELINE,AUTHORED_NORMAL,Grocery purchase
67c7abcb-e9d0-5d30-810e-f419897340be,f8a29964-6153-5479-9520-d49c25d4d023,6db091d6-0bd8-5797-9f85-eb5b1d91b061,28000,KZT,2026-09-03T10:00:00+00:00,sim-device-03,MOBILE,BASELINE,AUTHORED_NORMAL,Monthly utility payment
61160089-c93f-564c-8bd3-a3605f556646,f8a29964-6153-5479-9520-d49c25d4d023,860336c7-daa4-5f7a-a7d3-991bc102f1f8,35000,KZT,2026-09-04T09:00:00+00:00,sim-device-03,MOBILE,BASELINE,AUTHORED_NORMAL,Household transfer
583a6c9d-f233-522d-8632-1439a57b8aae,f8a29964-6153-5479-9520-d49c25d4d023,493c232e-8bf5-59ea-b0a6-aa55bffaed23,26000,KZT,2026-09-04T10:00:00+00:00,sim-device-03,MOBILE,BASELINE,AUTHORED_NORMAL,Grocery purchase
643762cc-43dd-5fff-beeb-6f99691c0d6e,f8a29964-6153-5479-9520-d49c25d4d023,6db091d6-0bd8-5797-9f85-eb5b1d91b061,33000,KZT,2026-09-05T09:00:00+00:00,sim-device-03,MOBILE,BASELINE,AUTHORED_NORMAL,Monthly utility payment
8a407fc5-956b-5704-9849-906fbcbc381f,f8a29964-6153-5479-9520-d49c25d4d023,860336c7-daa4-5f7a-a7d3-991bc102f1f8,29000,KZT,2026-09-05T10:00:00+00:00,sim-device-03,MOBILE,BASELINE,AUTHORED_NORMAL,Household transfer
9de7c34b-44cf-5952-9a99-fd24b68e9c6f,f8a29964-6153-5479-9520-d49c25d4d023,493c232e-8bf5-59ea-b0a6-aa55bffaed23,22000,KZT,2026-09-06T09:00:00+00:00,sim-device-03,MOBILE,BASELINE,AUTHORED_NORMAL,Grocery purchase
a799bcf0-dc2a-5bea-9464-8882b8e1f9bf,f8a29964-6153-5479-9520-d49c25d4d023,6db091d6-0bd8-5797-9f85-eb5b1d91b061,31000,KZT,2026-09-06T10:00:00+00:00,sim-device-03,MOBILE,BASELINE,AUTHORED_NORMAL,Monthly utility payment
34ec3f49-ff5b-5600-a593-c12e4a2fb484,f8a29964-6153-5479-9520-d49c25d4d023,860336c7-daa4-5f7a-a7d3-991bc102f1f8,28000,KZT,2026-09-07T09:00:00+00:00,sim-device-03,MOBILE,BASELINE,AUTHORED_NORMAL,Household transfer
8fdbb721-20d2-5159-8530-68fe6720b7a6,f8a29964-6153-5479-9520-d49c25d4d023,493c232e-8bf5-59ea-b0a6-aa55bffaed23,35000,KZT,2026-09-07T10:00:00+00:00,sim-device-03,MOBILE,BASELINE,AUTHORED_NORMAL,Grocery purchase
e988d668-3b09-559f-b2d5-cc6c87bc702e,f8a29964-6153-5479-9520-d49c25d4d023,6db091d6-0bd8-5797-9f85-eb5b1d91b061,26000,KZT,2026-09-08T09:00:00+00:00,sim-device-03,MOBILE,BASELINE,AUTHORED_NORMAL,Monthly utility payment
191b4d00-03a7-5831-ba54-72579a77ea43,f8a29964-6153-5479-9520-d49c25d4d023,860336c7-daa4-5f7a-a7d3-991bc102f1f8,33000,KZT,2026-09-08T10:00:00+00:00,sim-device-03,MOBILE,BASELINE,AUTHORED_NORMAL,Household transfer
95100e40-0864-5282-bf43-93a759f4b753,f8a29964-6153-5479-9520-d49c25d4d023,493c232e-8bf5-59ea-b0a6-aa55bffaed23,29000,KZT,2026-09-09T09:00:00+00:00,sim-device-03,MOBILE,BASELINE,AUTHORED_NORMAL,Grocery purchase
04f7d020-331d-50b6-9db8-ed9ee8a52486,f8a29964-6153-5479-9520-d49c25d4d023,6db091d6-0bd8-5797-9f85-eb5b1d91b061,22000,KZT,2026-09-09T10:00:00+00:00,sim-device-03,MOBILE,BASELINE,AUTHORED_NORMAL,Monthly utility payment
3d3b5560-37b3-557b-a86e-2a1a63b83ec6,f8a29964-6153-5479-9520-d49c25d4d023,860336c7-daa4-5f7a-a7d3-991bc102f1f8,31000,KZT,2026-09-10T09:00:00+00:00,sim-device-03,MOBILE,BASELINE,AUTHORED_NORMAL,Household transfer
69454016-ffd3-50ac-a726-a124185d2cd2,f8a29964-6153-5479-9520-d49c25d4d023,493c232e-8bf5-59ea-b0a6-aa55bffaed23,28000,KZT,2026-09-10T10:00:00+00:00,sim-device-03,MOBILE,BASELINE,AUTHORED_NORMAL,Grocery purchase
93721df8-ba90-5406-9a50-3a040b954b86,f8a29964-6153-5479-9520-d49c25d4d023,6db091d6-0bd8-5797-9f85-eb5b1d91b061,35000,KZT,2026-09-11T09:00:00+00:00,sim-device-03,MOBILE,BASELINE,AUTHORED_NORMAL,Monthly utility payment
2377886b-43b8-5acf-986d-1186a9e5f90f,f8a29964-6153-5479-9520-d49c25d4d023,860336c7-daa4-5f7a-a7d3-991bc102f1f8,26000,KZT,2026-09-11T10:00:00+00:00,sim-device-03,MOBILE,BASELINE,AUTHORED_NORMAL,Household transfer
324198a2-7a76-5258-a1ad-fd39b0c2030c,f8a29964-6153-5479-9520-d49c25d4d023,493c232e-8bf5-59ea-b0a6-aa55bffaed23,33000,KZT,2026-09-12T09:00:00+00:00,sim-device-03,MOBILE,BASELINE,AUTHORED_NORMAL,Grocery purchase
a0f3c03f-d6a8-5b55-ad0c-74b075b3e940,f8a29964-6153-5479-9520-d49c25d4d023,6db091d6-0bd8-5797-9f85-eb5b1d91b061,29000,KZT,2026-09-12T10:00:00+00:00,sim-device-03,MOBILE,BASELINE,AUTHORED_NORMAL,Monthly utility payment
93fe07d4-ad69-564c-9c63-f717b52618d5,f8a29964-6153-5479-9520-d49c25d4d023,860336c7-daa4-5f7a-a7d3-991bc102f1f8,22000,KZT,2026-09-13T09:00:00+00:00,sim-device-03,MOBILE,BASELINE,AUTHORED_NORMAL,Household transfer
298ae7c3-ae20-5b24-987e-7b998ec8ef37,f8a29964-6153-5479-9520-d49c25d4d023,493c232e-8bf5-59ea-b0a6-aa55bffaed23,31000,KZT,2026-09-13T10:00:00+00:00,sim-device-03,MOBILE,BASELINE,AUTHORED_NORMAL,Grocery purchase
8a0a7d00-8e69-538f-b82e-17cecde44b3d,f8a29964-6153-5479-9520-d49c25d4d023,6db091d6-0bd8-5797-9f85-eb5b1d91b061,28000,KZT,2026-09-14T09:00:00+00:00,sim-device-03,MOBILE,BASELINE,AUTHORED_NORMAL,Monthly utility payment
cc46e020-e16c-54ae-ac37-385e9852688f,f8a29964-6153-5479-9520-d49c25d4d023,860336c7-daa4-5f7a-a7d3-991bc102f1f8,35000,KZT,2026-09-14T10:00:00+00:00,sim-device-03,MOBILE,BASELINE,AUTHORED_NORMAL,Household transfer
8bab5753-dc6a-502c-915c-d8bff9c5f12e,f8a29964-6153-5479-9520-d49c25d4d023,493c232e-8bf5-59ea-b0a6-aa55bffaed23,26000,KZT,2026-09-15T09:00:00+00:00,sim-device-03,MOBILE,BASELINE,AUTHORED_NORMAL,Grocery purchase
e1ceceb7-6fdf-53bc-8c3e-b9bf25e899a7,f8a29964-6153-5479-9520-d49c25d4d023,6db091d6-0bd8-5797-9f85-eb5b1d91b061,33000,KZT,2026-09-15T10:00:00+00:00,sim-device-03,MOBILE,BASELINE,AUTHORED_NORMAL,Monthly utility payment
8797a74a-71c4-552e-9662-856568ddb02d,f8a29964-6153-5479-9520-d49c25d4d023,860336c7-daa4-5f7a-a7d3-991bc102f1f8,29000,KZT,2026-09-16T09:00:00+00:00,sim-device-03,MOBILE,BASELINE,AUTHORED_NORMAL,Household transfer
97919e85-abbd-5476-87dc-0cb53b7d92bf,f8a29964-6153-5479-9520-d49c25d4d023,493c232e-8bf5-59ea-b0a6-aa55bffaed23,22000,KZT,2026-09-16T10:00:00+00:00,sim-device-03,MOBILE,BASELINE,AUTHORED_NORMAL,Grocery purchase
487da991-8c03-56ee-9a89-5ea891815d96,f8a29964-6153-5479-9520-d49c25d4d023,6db091d6-0bd8-5797-9f85-eb5b1d91b061,31000,KZT,2026-09-17T09:00:00+00:00,sim-device-03,MOBILE,BASELINE,AUTHORED_NORMAL,Monthly utility payment
82a418b4-c347-5943-a79c-7a7609e03aa4,f8a29964-6153-5479-9520-d49c25d4d023,860336c7-daa4-5f7a-a7d3-991bc102f1f8,28000,KZT,2026-09-17T10:00:00+00:00,sim-device-03,MOBILE,BASELINE,AUTHORED_NORMAL,Household transfer
fa1af25c-3b74-53f6-bbb1-9bc14aa949ff,f8a29964-6153-5479-9520-d49c25d4d023,493c232e-8bf5-59ea-b0a6-aa55bffaed23,35000,KZT,2026-09-18T09:00:00+00:00,sim-device-03,MOBILE,BASELINE,AUTHORED_NORMAL,Grocery purchase
faf17dcf-42ff-5c8a-a9ef-2c3738de9c4f,f8a29964-6153-5479-9520-d49c25d4d023,6db091d6-0bd8-5797-9f85-eb5b1d91b061,26000,KZT,2026-09-18T10:00:00+00:00,sim-device-03,MOBILE,BASELINE,AUTHORED_NORMAL,Monthly utility payment
80003caa-3ccd-5a75-a341-17b3e0126a3e,f8a29964-6153-5479-9520-d49c25d4d023,860336c7-daa4-5f7a-a7d3-991bc102f1f8,33000,KZT,2026-09-19T09:00:00+00:00,sim-device-03,MOBILE,BASELINE,AUTHORED_NORMAL,Household transfer
651aaba1-5d9c-5784-a1dc-60430a7bca93,f8a29964-6153-5479-9520-d49c25d4d023,493c232e-8bf5-59ea-b0a6-aa55bffaed23,29000,KZT,2026-09-19T10:00:00+00:00,sim-device-03,MOBILE,BASELINE,AUTHORED_NORMAL,Grocery purchase
a95c13da-f093-52d2-b697-a5c6ce60ac60,cf61222d-c8a9-503a-976b-ba3fd35da9b7,03e03dbc-a5a7-5e46-84d1-227d76bd29e0,26000,KZT,2026-06-12T09:00:00+00:00,sim-device-04,MOBILE,BASELINE,AUTHORED_NORMAL,Household transfer
49e4b2be-f13f-5bfa-a108-5e186b7bb7c8,cf61222d-c8a9-503a-976b-ba3fd35da9b7,17e0966c-1644-5640-9e27-911c616bf215,33000,KZT,2026-06-12T10:00:00+00:00,sim-device-04,MOBILE,BASELINE,AUTHORED_NORMAL,Grocery purchase
7eb9a68c-6ed3-5a7a-be1f-b3b8315030b9,cf61222d-c8a9-503a-976b-ba3fd35da9b7,03986d2c-063b-5110-8331-512099609b71,29000,KZT,2026-06-13T09:00:00+00:00,sim-device-04,MOBILE,BASELINE,AUTHORED_NORMAL,Monthly utility payment
c0e3e8b2-509d-5104-aba7-a39fff5982b2,cf61222d-c8a9-503a-976b-ba3fd35da9b7,03e03dbc-a5a7-5e46-84d1-227d76bd29e0,22000,KZT,2026-06-13T10:00:00+00:00,sim-device-04,MOBILE,BASELINE,AUTHORED_NORMAL,Household transfer
04d58b1d-929e-5c3f-8e89-cdae65ecae51,cf61222d-c8a9-503a-976b-ba3fd35da9b7,17e0966c-1644-5640-9e27-911c616bf215,31000,KZT,2026-06-14T09:00:00+00:00,sim-device-04,MOBILE,BASELINE,AUTHORED_NORMAL,Grocery purchase
3e0e8c02-0a49-59ed-8e31-2b2c74c65206,cf61222d-c8a9-503a-976b-ba3fd35da9b7,03986d2c-063b-5110-8331-512099609b71,28000,KZT,2026-06-14T10:00:00+00:00,sim-device-04,MOBILE,BASELINE,AUTHORED_NORMAL,Monthly utility payment
f220d000-4359-5305-864f-d76b3ef31037,cf61222d-c8a9-503a-976b-ba3fd35da9b7,03e03dbc-a5a7-5e46-84d1-227d76bd29e0,35000,KZT,2026-06-15T09:00:00+00:00,sim-device-04,MOBILE,BASELINE,AUTHORED_NORMAL,Household transfer
878062ed-fe13-5d89-bad2-d79491e113c9,cf61222d-c8a9-503a-976b-ba3fd35da9b7,17e0966c-1644-5640-9e27-911c616bf215,26000,KZT,2026-06-15T10:00:00+00:00,sim-device-04,MOBILE,BASELINE,AUTHORED_NORMAL,Grocery purchase
92177459-affc-5b1b-8157-41ead7cca55c,cf61222d-c8a9-503a-976b-ba3fd35da9b7,03986d2c-063b-5110-8331-512099609b71,33000,KZT,2026-06-16T09:00:00+00:00,sim-device-04,MOBILE,BASELINE,AUTHORED_NORMAL,Monthly utility payment
97815669-a526-5e8b-b166-93745c1b4152,cf61222d-c8a9-503a-976b-ba3fd35da9b7,03e03dbc-a5a7-5e46-84d1-227d76bd29e0,29000,KZT,2026-06-16T10:00:00+00:00,sim-device-04,MOBILE,BASELINE,AUTHORED_NORMAL,Household transfer
2127937d-ad4c-58c1-8421-210812483799,cf61222d-c8a9-503a-976b-ba3fd35da9b7,17e0966c-1644-5640-9e27-911c616bf215,22000,KZT,2026-06-17T09:00:00+00:00,sim-device-04,MOBILE,BASELINE,AUTHORED_NORMAL,Grocery purchase
2c3c0095-923a-5445-9c51-3bbe6e0a5284,cf61222d-c8a9-503a-976b-ba3fd35da9b7,03986d2c-063b-5110-8331-512099609b71,31000,KZT,2026-06-17T10:00:00+00:00,sim-device-04,MOBILE,BASELINE,AUTHORED_NORMAL,Monthly utility payment
a7efeba1-a87a-5d62-b353-cece333262b2,cf61222d-c8a9-503a-976b-ba3fd35da9b7,03e03dbc-a5a7-5e46-84d1-227d76bd29e0,28000,KZT,2026-06-18T09:00:00+00:00,sim-device-04,MOBILE,BASELINE,AUTHORED_NORMAL,Household transfer
3629410a-9818-59be-8bd3-e56b3cb25eeb,cf61222d-c8a9-503a-976b-ba3fd35da9b7,17e0966c-1644-5640-9e27-911c616bf215,35000,KZT,2026-06-18T10:00:00+00:00,sim-device-04,MOBILE,BASELINE,AUTHORED_NORMAL,Grocery purchase
2e984c4f-5668-53aa-90a1-997e6fc72a12,cf61222d-c8a9-503a-976b-ba3fd35da9b7,03986d2c-063b-5110-8331-512099609b71,26000,KZT,2026-06-19T09:00:00+00:00,sim-device-04,MOBILE,BASELINE,AUTHORED_NORMAL,Monthly utility payment
a8890040-a7c5-569e-9d29-30a942e5667e,cf61222d-c8a9-503a-976b-ba3fd35da9b7,03e03dbc-a5a7-5e46-84d1-227d76bd29e0,33000,KZT,2026-06-19T10:00:00+00:00,sim-device-04,MOBILE,BASELINE,AUTHORED_NORMAL,Household transfer
40fef390-048f-5336-b703-b811e115b9a6,cf61222d-c8a9-503a-976b-ba3fd35da9b7,17e0966c-1644-5640-9e27-911c616bf215,29000,KZT,2026-06-20T09:00:00+00:00,sim-device-04,MOBILE,BASELINE,AUTHORED_NORMAL,Grocery purchase
bebcce94-9997-5730-aee7-ff5915536f93,cf61222d-c8a9-503a-976b-ba3fd35da9b7,03986d2c-063b-5110-8331-512099609b71,22000,KZT,2026-06-20T10:00:00+00:00,sim-device-04,MOBILE,BASELINE,AUTHORED_NORMAL,Monthly utility payment
b5589e4d-22ec-5c82-8b3d-83c0e7ee94aa,cf61222d-c8a9-503a-976b-ba3fd35da9b7,03e03dbc-a5a7-5e46-84d1-227d76bd29e0,31000,KZT,2026-06-21T09:00:00+00:00,sim-device-04,MOBILE,BASELINE,AUTHORED_NORMAL,Household transfer
d41cebd8-f548-57a4-8a16-f21f00a4a86a,cf61222d-c8a9-503a-976b-ba3fd35da9b7,17e0966c-1644-5640-9e27-911c616bf215,28000,KZT,2026-06-21T10:00:00+00:00,sim-device-04,MOBILE,BASELINE,AUTHORED_NORMAL,Grocery purchase
647c5bd0-9cd6-5285-809d-6054ca939a28,cf61222d-c8a9-503a-976b-ba3fd35da9b7,03986d2c-063b-5110-8331-512099609b71,35000,KZT,2026-06-22T09:00:00+00:00,sim-device-04,MOBILE,BASELINE,AUTHORED_NORMAL,Monthly utility payment
4c4a8c15-553c-52fe-a125-3f673b1a692e,cf61222d-c8a9-503a-976b-ba3fd35da9b7,03e03dbc-a5a7-5e46-84d1-227d76bd29e0,26000,KZT,2026-06-22T10:00:00+00:00,sim-device-04,MOBILE,BASELINE,AUTHORED_NORMAL,Household transfer
de21359b-ff0f-5a12-8142-5738547dd120,cf61222d-c8a9-503a-976b-ba3fd35da9b7,17e0966c-1644-5640-9e27-911c616bf215,33000,KZT,2026-06-23T09:00:00+00:00,sim-device-04,MOBILE,BASELINE,AUTHORED_NORMAL,Grocery purchase
0ebd064d-29dd-53fc-af03-a8e7cf819e15,cf61222d-c8a9-503a-976b-ba3fd35da9b7,03986d2c-063b-5110-8331-512099609b71,29000,KZT,2026-06-23T10:00:00+00:00,sim-device-04,MOBILE,BASELINE,AUTHORED_NORMAL,Monthly utility payment
3cda7ba3-7eed-5ecc-ba21-9cda048e0be9,cf61222d-c8a9-503a-976b-ba3fd35da9b7,03e03dbc-a5a7-5e46-84d1-227d76bd29e0,22000,KZT,2026-06-24T09:00:00+00:00,sim-device-04,MOBILE,BASELINE,AUTHORED_NORMAL,Household transfer
e8a95333-c73c-59a4-aea6-8ab4e4b16ec4,cf61222d-c8a9-503a-976b-ba3fd35da9b7,17e0966c-1644-5640-9e27-911c616bf215,31000,KZT,2026-06-24T10:00:00+00:00,sim-device-04,MOBILE,BASELINE,AUTHORED_NORMAL,Grocery purchase
d3353651-ff4e-55f0-aeea-acc34e2e0e82,cf61222d-c8a9-503a-976b-ba3fd35da9b7,03986d2c-063b-5110-8331-512099609b71,28000,KZT,2026-06-25T09:00:00+00:00,sim-device-04,MOBILE,BASELINE,AUTHORED_NORMAL,Monthly utility payment
5a564085-05b0-567e-ba7a-1f46f49531e0,cf61222d-c8a9-503a-976b-ba3fd35da9b7,03e03dbc-a5a7-5e46-84d1-227d76bd29e0,35000,KZT,2026-06-25T10:00:00+00:00,sim-device-04,MOBILE,BASELINE,AUTHORED_NORMAL,Household transfer
43b7f39e-65d7-5c9e-b077-d3e08eabfff0,cf61222d-c8a9-503a-976b-ba3fd35da9b7,17e0966c-1644-5640-9e27-911c616bf215,26000,KZT,2026-06-26T09:00:00+00:00,sim-device-04,MOBILE,BASELINE,AUTHORED_NORMAL,Grocery purchase
08258b22-27b0-5c8c-af25-055463f2db0a,cf61222d-c8a9-503a-976b-ba3fd35da9b7,03986d2c-063b-5110-8331-512099609b71,33000,KZT,2026-06-26T10:00:00+00:00,sim-device-04,MOBILE,BASELINE,AUTHORED_NORMAL,Monthly utility payment
e642732a-9e34-5542-a1e3-a8bceeb9ee9a,cf61222d-c8a9-503a-976b-ba3fd35da9b7,03e03dbc-a5a7-5e46-84d1-227d76bd29e0,29000,KZT,2026-06-27T09:00:00+00:00,sim-device-04,MOBILE,BASELINE,AUTHORED_NORMAL,Household transfer
75c89537-35ff-5845-911f-5730ae000965,cf61222d-c8a9-503a-976b-ba3fd35da9b7,17e0966c-1644-5640-9e27-911c616bf215,22000,KZT,2026-06-27T10:00:00+00:00,sim-device-04,MOBILE,BASELINE,AUTHORED_NORMAL,Grocery purchase
1802cbdd-0793-5b27-b97d-986a2358c16c,cf61222d-c8a9-503a-976b-ba3fd35da9b7,03986d2c-063b-5110-8331-512099609b71,31000,KZT,2026-06-28T09:00:00+00:00,sim-device-04,MOBILE,BASELINE,AUTHORED_NORMAL,Monthly utility payment
05c001ab-3c46-53a0-8a3b-bb721f599812,cf61222d-c8a9-503a-976b-ba3fd35da9b7,03e03dbc-a5a7-5e46-84d1-227d76bd29e0,28000,KZT,2026-06-28T10:00:00+00:00,sim-device-04,MOBILE,BASELINE,AUTHORED_NORMAL,Household transfer
d04b5e37-49a9-5534-aba0-eafd5ae48f0f,cf61222d-c8a9-503a-976b-ba3fd35da9b7,17e0966c-1644-5640-9e27-911c616bf215,35000,KZT,2026-06-29T09:00:00+00:00,sim-device-04,MOBILE,BASELINE,AUTHORED_NORMAL,Grocery purchase
f1f79631-b393-562a-9139-ba5694bb8ba3,cf61222d-c8a9-503a-976b-ba3fd35da9b7,03986d2c-063b-5110-8331-512099609b71,26000,KZT,2026-06-29T10:00:00+00:00,sim-device-04,MOBILE,BASELINE,AUTHORED_NORMAL,Monthly utility payment
4b36fff7-ab02-54c4-92ba-ff0d35caa76f,cf61222d-c8a9-503a-976b-ba3fd35da9b7,03e03dbc-a5a7-5e46-84d1-227d76bd29e0,33000,KZT,2026-06-30T09:00:00+00:00,sim-device-04,MOBILE,BASELINE,AUTHORED_NORMAL,Household transfer
4a79bbba-9d30-5df6-92a7-fd0796960393,cf61222d-c8a9-503a-976b-ba3fd35da9b7,17e0966c-1644-5640-9e27-911c616bf215,29000,KZT,2026-06-30T10:00:00+00:00,sim-device-04,MOBILE,BASELINE,AUTHORED_NORMAL,Grocery purchase
ed59dbb5-33c3-5c97-8a44-3e317398311f,cf61222d-c8a9-503a-976b-ba3fd35da9b7,03986d2c-063b-5110-8331-512099609b71,22000,KZT,2026-07-01T09:00:00+00:00,sim-device-04,MOBILE,BASELINE,AUTHORED_NORMAL,Monthly utility payment
737e6931-bcd4-5dd2-865f-a8a575c6fbcf,cf61222d-c8a9-503a-976b-ba3fd35da9b7,03e03dbc-a5a7-5e46-84d1-227d76bd29e0,31000,KZT,2026-07-01T10:00:00+00:00,sim-device-04,MOBILE,BASELINE,AUTHORED_NORMAL,Household transfer
b4d7ea3b-36bd-5d27-a6b1-034bb7244101,cf61222d-c8a9-503a-976b-ba3fd35da9b7,17e0966c-1644-5640-9e27-911c616bf215,28000,KZT,2026-07-02T09:00:00+00:00,sim-device-04,MOBILE,BASELINE,AUTHORED_NORMAL,Grocery purchase
017ab828-42cf-5d3a-8005-b75def386e3c,cf61222d-c8a9-503a-976b-ba3fd35da9b7,03986d2c-063b-5110-8331-512099609b71,35000,KZT,2026-07-02T10:00:00+00:00,sim-device-04,MOBILE,BASELINE,AUTHORED_NORMAL,Monthly utility payment
ed49fe67-aca1-58d1-b274-6296e32d9a7e,cf61222d-c8a9-503a-976b-ba3fd35da9b7,03e03dbc-a5a7-5e46-84d1-227d76bd29e0,26000,KZT,2026-07-03T09:00:00+00:00,sim-device-04,MOBILE,BASELINE,AUTHORED_NORMAL,Household transfer
bfe35b20-8d71-5a6b-9033-8afee34795bd,cf61222d-c8a9-503a-976b-ba3fd35da9b7,17e0966c-1644-5640-9e27-911c616bf215,33000,KZT,2026-07-03T10:00:00+00:00,sim-device-04,MOBILE,BASELINE,AUTHORED_NORMAL,Grocery purchase
f68acee3-10b7-5f5c-9982-cbd463ce4643,cf61222d-c8a9-503a-976b-ba3fd35da9b7,03986d2c-063b-5110-8331-512099609b71,29000,KZT,2026-07-04T09:00:00+00:00,sim-device-04,MOBILE,BASELINE,AUTHORED_NORMAL,Monthly utility payment
131b970f-46b4-5194-a2cd-0eec96b99b23,cf61222d-c8a9-503a-976b-ba3fd35da9b7,03e03dbc-a5a7-5e46-84d1-227d76bd29e0,22000,KZT,2026-07-04T10:00:00+00:00,sim-device-04,MOBILE,BASELINE,AUTHORED_NORMAL,Household transfer
180ff2b6-58a4-5a48-a1fa-b5e146f4f61c,cf61222d-c8a9-503a-976b-ba3fd35da9b7,17e0966c-1644-5640-9e27-911c616bf215,31000,KZT,2026-07-05T09:00:00+00:00,sim-device-04,MOBILE,BASELINE,AUTHORED_NORMAL,Grocery purchase
2ad11a43-ca0a-5d12-9a4b-adeeaf7ffd5b,cf61222d-c8a9-503a-976b-ba3fd35da9b7,03986d2c-063b-5110-8331-512099609b71,28000,KZT,2026-07-05T10:00:00+00:00,sim-device-04,MOBILE,BASELINE,AUTHORED_NORMAL,Monthly utility payment
6773bfd5-ae2b-591b-9c33-d39963b08188,cf61222d-c8a9-503a-976b-ba3fd35da9b7,03e03dbc-a5a7-5e46-84d1-227d76bd29e0,35000,KZT,2026-07-06T09:00:00+00:00,sim-device-04,MOBILE,BASELINE,AUTHORED_NORMAL,Household transfer
6cc35f99-58ec-5084-ab8c-b64633ce4863,cf61222d-c8a9-503a-976b-ba3fd35da9b7,17e0966c-1644-5640-9e27-911c616bf215,26000,KZT,2026-07-06T10:00:00+00:00,sim-device-04,MOBILE,BASELINE,AUTHORED_NORMAL,Grocery purchase
ba701964-a609-5055-a998-c879589c52b9,cf61222d-c8a9-503a-976b-ba3fd35da9b7,03986d2c-063b-5110-8331-512099609b71,33000,KZT,2026-07-07T09:00:00+00:00,sim-device-04,MOBILE,BASELINE,AUTHORED_NORMAL,Monthly utility payment
224a1c39-43fd-5bcd-a58b-0436c862671c,cf61222d-c8a9-503a-976b-ba3fd35da9b7,03e03dbc-a5a7-5e46-84d1-227d76bd29e0,29000,KZT,2026-07-07T10:00:00+00:00,sim-device-04,MOBILE,BASELINE,AUTHORED_NORMAL,Household transfer
64036f51-728e-5964-8021-1cb2734c3c5b,cf61222d-c8a9-503a-976b-ba3fd35da9b7,17e0966c-1644-5640-9e27-911c616bf215,22000,KZT,2026-07-08T09:00:00+00:00,sim-device-04,MOBILE,BASELINE,AUTHORED_NORMAL,Grocery purchase
872a2b8c-5bf3-5b5c-a9a2-eafd0299d03f,cf61222d-c8a9-503a-976b-ba3fd35da9b7,03986d2c-063b-5110-8331-512099609b71,31000,KZT,2026-07-08T10:00:00+00:00,sim-device-04,MOBILE,BASELINE,AUTHORED_NORMAL,Monthly utility payment
873919d5-94cd-52d6-8e13-24d05bf38937,cf61222d-c8a9-503a-976b-ba3fd35da9b7,03e03dbc-a5a7-5e46-84d1-227d76bd29e0,28000,KZT,2026-07-09T09:00:00+00:00,sim-device-04,MOBILE,BASELINE,AUTHORED_NORMAL,Household transfer
ddbb69c7-c4f1-56c1-b1cc-f3ed9420d475,cf61222d-c8a9-503a-976b-ba3fd35da9b7,17e0966c-1644-5640-9e27-911c616bf215,35000,KZT,2026-07-09T10:00:00+00:00,sim-device-04,MOBILE,BASELINE,AUTHORED_NORMAL,Grocery purchase
b5334902-b18c-5c71-b976-0c1e1660dfe1,cf61222d-c8a9-503a-976b-ba3fd35da9b7,03986d2c-063b-5110-8331-512099609b71,26000,KZT,2026-07-10T09:00:00+00:00,sim-device-04,MOBILE,BASELINE,AUTHORED_NORMAL,Monthly utility payment
b194d3fb-2c5f-5061-bb43-2ecdae4d5aaa,cf61222d-c8a9-503a-976b-ba3fd35da9b7,03e03dbc-a5a7-5e46-84d1-227d76bd29e0,33000,KZT,2026-07-10T10:00:00+00:00,sim-device-04,MOBILE,BASELINE,AUTHORED_NORMAL,Household transfer
2d102bb5-6fc0-52c7-a5f5-93ef740433ec,cf61222d-c8a9-503a-976b-ba3fd35da9b7,17e0966c-1644-5640-9e27-911c616bf215,29000,KZT,2026-07-11T09:00:00+00:00,sim-device-04,MOBILE,BASELINE,AUTHORED_NORMAL,Grocery purchase
a4dc4a25-702b-5d7d-8cca-529d7357b62a,cf61222d-c8a9-503a-976b-ba3fd35da9b7,03986d2c-063b-5110-8331-512099609b71,22000,KZT,2026-07-11T10:00:00+00:00,sim-device-04,MOBILE,BASELINE,AUTHORED_NORMAL,Monthly utility payment
b3aa1f08-5fd2-5ee0-8c97-4adedb7d673a,cf61222d-c8a9-503a-976b-ba3fd35da9b7,03e03dbc-a5a7-5e46-84d1-227d76bd29e0,31000,KZT,2026-07-12T09:00:00+00:00,sim-device-04,MOBILE,BASELINE,AUTHORED_NORMAL,Household transfer
e1ebcad1-58eb-53e1-a504-13937cfa6fca,cf61222d-c8a9-503a-976b-ba3fd35da9b7,17e0966c-1644-5640-9e27-911c616bf215,28000,KZT,2026-07-12T10:00:00+00:00,sim-device-04,MOBILE,BASELINE,AUTHORED_NORMAL,Grocery purchase
57821911-4238-5944-b249-a1f6cce7cd03,cf61222d-c8a9-503a-976b-ba3fd35da9b7,03986d2c-063b-5110-8331-512099609b71,35000,KZT,2026-07-13T09:00:00+00:00,sim-device-04,MOBILE,BASELINE,AUTHORED_NORMAL,Monthly utility payment
b48f20ac-ed2e-5ec2-b7cf-ed75b6be9f2e,cf61222d-c8a9-503a-976b-ba3fd35da9b7,03e03dbc-a5a7-5e46-84d1-227d76bd29e0,26000,KZT,2026-07-13T10:00:00+00:00,sim-device-04,MOBILE,BASELINE,AUTHORED_NORMAL,Household transfer
71184057-7133-544a-9a51-e53d0f3fbf6c,cf61222d-c8a9-503a-976b-ba3fd35da9b7,17e0966c-1644-5640-9e27-911c616bf215,33000,KZT,2026-07-14T09:00:00+00:00,sim-device-04,MOBILE,BASELINE,AUTHORED_NORMAL,Grocery purchase
4fe8d33a-b3c4-5917-9568-7940b3fd35a8,cf61222d-c8a9-503a-976b-ba3fd35da9b7,03986d2c-063b-5110-8331-512099609b71,29000,KZT,2026-07-14T10:00:00+00:00,sim-device-04,MOBILE,BASELINE,AUTHORED_NORMAL,Monthly utility payment
dd827079-c9fa-564e-b025-a01aadfd592f,cf61222d-c8a9-503a-976b-ba3fd35da9b7,03e03dbc-a5a7-5e46-84d1-227d76bd29e0,22000,KZT,2026-07-15T09:00:00+00:00,sim-device-04,MOBILE,BASELINE,AUTHORED_NORMAL,Household transfer
f264fe2f-1e49-50a1-8f55-7c8fed4e6874,cf61222d-c8a9-503a-976b-ba3fd35da9b7,17e0966c-1644-5640-9e27-911c616bf215,31000,KZT,2026-07-15T10:00:00+00:00,sim-device-04,MOBILE,BASELINE,AUTHORED_NORMAL,Grocery purchase
0ee76109-a7d7-5436-b3ff-72ba2b0307c1,cf61222d-c8a9-503a-976b-ba3fd35da9b7,03986d2c-063b-5110-8331-512099609b71,28000,KZT,2026-07-16T09:00:00+00:00,sim-device-04,MOBILE,BASELINE,AUTHORED_NORMAL,Monthly utility payment
e0314bd4-583c-54a9-819f-fc6d251db378,cf61222d-c8a9-503a-976b-ba3fd35da9b7,03e03dbc-a5a7-5e46-84d1-227d76bd29e0,35000,KZT,2026-07-16T10:00:00+00:00,sim-device-04,MOBILE,BASELINE,AUTHORED_NORMAL,Household transfer
bae19833-2538-578f-b0f0-32766cffd842,cf61222d-c8a9-503a-976b-ba3fd35da9b7,17e0966c-1644-5640-9e27-911c616bf215,26000,KZT,2026-07-17T09:00:00+00:00,sim-device-04,MOBILE,BASELINE,AUTHORED_NORMAL,Grocery purchase
0b5c32e4-5c0b-542e-b796-aa5171cff189,cf61222d-c8a9-503a-976b-ba3fd35da9b7,03986d2c-063b-5110-8331-512099609b71,33000,KZT,2026-07-17T10:00:00+00:00,sim-device-04,MOBILE,BASELINE,AUTHORED_NORMAL,Monthly utility payment
1f57da09-0c80-575f-a055-78548bc5b5b0,cf61222d-c8a9-503a-976b-ba3fd35da9b7,03e03dbc-a5a7-5e46-84d1-227d76bd29e0,29000,KZT,2026-07-18T09:00:00+00:00,sim-device-04,MOBILE,BASELINE,AUTHORED_NORMAL,Household transfer
6e15dec3-7a2e-533a-8cda-55f869f18a2b,cf61222d-c8a9-503a-976b-ba3fd35da9b7,17e0966c-1644-5640-9e27-911c616bf215,22000,KZT,2026-07-18T10:00:00+00:00,sim-device-04,MOBILE,BASELINE,AUTHORED_NORMAL,Grocery purchase
bae657a0-f624-5f25-a095-8216f45765e1,cf61222d-c8a9-503a-976b-ba3fd35da9b7,03986d2c-063b-5110-8331-512099609b71,31000,KZT,2026-07-19T09:00:00+00:00,sim-device-04,MOBILE,BASELINE,AUTHORED_NORMAL,Monthly utility payment
bf221cfc-a020-5f8d-b2fc-2ed204d4db85,cf61222d-c8a9-503a-976b-ba3fd35da9b7,03e03dbc-a5a7-5e46-84d1-227d76bd29e0,28000,KZT,2026-07-19T10:00:00+00:00,sim-device-04,MOBILE,BASELINE,AUTHORED_NORMAL,Household transfer
34de1533-339f-5bd7-89df-f8e288ec126a,cf61222d-c8a9-503a-976b-ba3fd35da9b7,17e0966c-1644-5640-9e27-911c616bf215,35000,KZT,2026-07-20T09:00:00+00:00,sim-device-04,MOBILE,BASELINE,AUTHORED_NORMAL,Grocery purchase
9c356e5d-28ed-5200-8984-74db68824dfb,cf61222d-c8a9-503a-976b-ba3fd35da9b7,03986d2c-063b-5110-8331-512099609b71,26000,KZT,2026-07-20T10:00:00+00:00,sim-device-04,MOBILE,BASELINE,AUTHORED_NORMAL,Monthly utility payment
620c2a80-4495-5d6b-8c4f-421a86a94d64,cf61222d-c8a9-503a-976b-ba3fd35da9b7,03e03dbc-a5a7-5e46-84d1-227d76bd29e0,33000,KZT,2026-07-21T09:00:00+00:00,sim-device-04,MOBILE,BASELINE,AUTHORED_NORMAL,Household transfer
cd96ba44-0925-55e0-a9b0-6e7c5bcb805d,cf61222d-c8a9-503a-976b-ba3fd35da9b7,17e0966c-1644-5640-9e27-911c616bf215,29000,KZT,2026-07-21T10:00:00+00:00,sim-device-04,MOBILE,BASELINE,AUTHORED_NORMAL,Grocery purchase
93360023-7eb7-532d-aafe-9033148355c5,cf61222d-c8a9-503a-976b-ba3fd35da9b7,03986d2c-063b-5110-8331-512099609b71,22000,KZT,2026-07-22T09:00:00+00:00,sim-device-04,MOBILE,BASELINE,AUTHORED_NORMAL,Monthly utility payment
4b4c1432-7c63-5633-b31c-9d6619cd4d5b,cf61222d-c8a9-503a-976b-ba3fd35da9b7,03e03dbc-a5a7-5e46-84d1-227d76bd29e0,31000,KZT,2026-07-22T10:00:00+00:00,sim-device-04,MOBILE,BASELINE,AUTHORED_NORMAL,Household transfer
ffb5fe9f-66f4-5533-9f5f-9ced5262a19d,cf61222d-c8a9-503a-976b-ba3fd35da9b7,17e0966c-1644-5640-9e27-911c616bf215,28000,KZT,2026-07-23T09:00:00+00:00,sim-device-04,MOBILE,BASELINE,AUTHORED_NORMAL,Grocery purchase
280db27a-fef4-5510-9a2e-be0acff836b1,cf61222d-c8a9-503a-976b-ba3fd35da9b7,03986d2c-063b-5110-8331-512099609b71,35000,KZT,2026-07-23T10:00:00+00:00,sim-device-04,MOBILE,BASELINE,AUTHORED_NORMAL,Monthly utility payment
49f51ae9-b767-5337-9ce6-6710583ae74e,cf61222d-c8a9-503a-976b-ba3fd35da9b7,03e03dbc-a5a7-5e46-84d1-227d76bd29e0,26000,KZT,2026-07-24T09:00:00+00:00,sim-device-04,MOBILE,BASELINE,AUTHORED_NORMAL,Household transfer
082529a7-e733-521e-93b9-d01a67749754,cf61222d-c8a9-503a-976b-ba3fd35da9b7,17e0966c-1644-5640-9e27-911c616bf215,33000,KZT,2026-07-24T10:00:00+00:00,sim-device-04,MOBILE,BASELINE,AUTHORED_NORMAL,Grocery purchase
81e0dbdf-c6e8-5026-8966-a0acd5658cba,cf61222d-c8a9-503a-976b-ba3fd35da9b7,03986d2c-063b-5110-8331-512099609b71,29000,KZT,2026-07-25T09:00:00+00:00,sim-device-04,MOBILE,BASELINE,AUTHORED_NORMAL,Monthly utility payment
c304561a-b205-53b8-bc6f-690288325dc6,cf61222d-c8a9-503a-976b-ba3fd35da9b7,03e03dbc-a5a7-5e46-84d1-227d76bd29e0,22000,KZT,2026-07-25T10:00:00+00:00,sim-device-04,MOBILE,BASELINE,AUTHORED_NORMAL,Household transfer
d1dc2d6e-d5f6-589f-89c2-7082538ed628,cf61222d-c8a9-503a-976b-ba3fd35da9b7,17e0966c-1644-5640-9e27-911c616bf215,31000,KZT,2026-07-26T09:00:00+00:00,sim-device-04,MOBILE,BASELINE,AUTHORED_NORMAL,Grocery purchase
2eb374f5-a925-5034-918d-7caa40f281eb,cf61222d-c8a9-503a-976b-ba3fd35da9b7,03986d2c-063b-5110-8331-512099609b71,28000,KZT,2026-07-26T10:00:00+00:00,sim-device-04,MOBILE,BASELINE,AUTHORED_NORMAL,Monthly utility payment
13408593-99a3-5f61-9fe5-587042c8d98c,cf61222d-c8a9-503a-976b-ba3fd35da9b7,03e03dbc-a5a7-5e46-84d1-227d76bd29e0,35000,KZT,2026-07-27T09:00:00+00:00,sim-device-04,MOBILE,BASELINE,AUTHORED_NORMAL,Household transfer
bb42a373-7978-5250-b02a-78ded3e49b6c,cf61222d-c8a9-503a-976b-ba3fd35da9b7,17e0966c-1644-5640-9e27-911c616bf215,26000,KZT,2026-07-27T10:00:00+00:00,sim-device-04,MOBILE,BASELINE,AUTHORED_NORMAL,Grocery purchase
f5f291e4-0adc-583c-872d-77b7b85fbfcf,cf61222d-c8a9-503a-976b-ba3fd35da9b7,03986d2c-063b-5110-8331-512099609b71,33000,KZT,2026-07-28T09:00:00+00:00,sim-device-04,MOBILE,BASELINE,AUTHORED_NORMAL,Monthly utility payment
802624f6-ad86-52e5-a4bd-914f5989c3a3,cf61222d-c8a9-503a-976b-ba3fd35da9b7,03e03dbc-a5a7-5e46-84d1-227d76bd29e0,29000,KZT,2026-07-28T10:00:00+00:00,sim-device-04,MOBILE,BASELINE,AUTHORED_NORMAL,Household transfer
03c1a78f-859e-55cf-b2e3-226fe151a187,cf61222d-c8a9-503a-976b-ba3fd35da9b7,17e0966c-1644-5640-9e27-911c616bf215,22000,KZT,2026-07-29T09:00:00+00:00,sim-device-04,MOBILE,BASELINE,AUTHORED_NORMAL,Grocery purchase
8c545f58-6b89-5af4-a0ed-cc52223aa1b0,cf61222d-c8a9-503a-976b-ba3fd35da9b7,03986d2c-063b-5110-8331-512099609b71,31000,KZT,2026-07-29T10:00:00+00:00,sim-device-04,MOBILE,BASELINE,AUTHORED_NORMAL,Monthly utility payment
25f6e859-f269-5a7d-a413-32cbdb2467ce,cf61222d-c8a9-503a-976b-ba3fd35da9b7,03e03dbc-a5a7-5e46-84d1-227d76bd29e0,28000,KZT,2026-07-30T09:00:00+00:00,sim-device-04,MOBILE,BASELINE,AUTHORED_NORMAL,Household transfer
1448299a-f5b3-5d88-aa6a-3168629b3a5e,cf61222d-c8a9-503a-976b-ba3fd35da9b7,17e0966c-1644-5640-9e27-911c616bf215,35000,KZT,2026-07-30T10:00:00+00:00,sim-device-04,MOBILE,BASELINE,AUTHORED_NORMAL,Grocery purchase
7847860a-0ac9-5499-a177-443f00dcb610,cf61222d-c8a9-503a-976b-ba3fd35da9b7,03986d2c-063b-5110-8331-512099609b71,26000,KZT,2026-07-31T09:00:00+00:00,sim-device-04,MOBILE,BASELINE,AUTHORED_NORMAL,Monthly utility payment
a68d7643-d8d0-55f7-a9a5-e8ab1ba00cc9,cf61222d-c8a9-503a-976b-ba3fd35da9b7,03e03dbc-a5a7-5e46-84d1-227d76bd29e0,33000,KZT,2026-07-31T10:00:00+00:00,sim-device-04,MOBILE,BASELINE,AUTHORED_NORMAL,Household transfer
3414ff46-effb-5928-9cc5-08fa17ff9ab4,cf61222d-c8a9-503a-976b-ba3fd35da9b7,17e0966c-1644-5640-9e27-911c616bf215,29000,KZT,2026-08-01T09:00:00+00:00,sim-device-04,MOBILE,BASELINE,AUTHORED_NORMAL,Grocery purchase
d0d2dfeb-20b6-518b-8e91-6d4d8e353c2d,cf61222d-c8a9-503a-976b-ba3fd35da9b7,03986d2c-063b-5110-8331-512099609b71,22000,KZT,2026-08-01T10:00:00+00:00,sim-device-04,MOBILE,BASELINE,AUTHORED_NORMAL,Monthly utility payment
25ab5b6d-2ba3-5e10-9183-0257b3952294,cf61222d-c8a9-503a-976b-ba3fd35da9b7,03e03dbc-a5a7-5e46-84d1-227d76bd29e0,31000,KZT,2026-08-02T09:00:00+00:00,sim-device-04,MOBILE,BASELINE,AUTHORED_NORMAL,Household transfer
6494b856-720c-5c04-8545-47e118045ec4,cf61222d-c8a9-503a-976b-ba3fd35da9b7,17e0966c-1644-5640-9e27-911c616bf215,28000,KZT,2026-08-02T10:00:00+00:00,sim-device-04,MOBILE,BASELINE,AUTHORED_NORMAL,Grocery purchase
9a46b061-fcbd-5316-af03-73a689bc883a,cf61222d-c8a9-503a-976b-ba3fd35da9b7,03986d2c-063b-5110-8331-512099609b71,35000,KZT,2026-08-03T09:00:00+00:00,sim-device-04,MOBILE,BASELINE,AUTHORED_NORMAL,Monthly utility payment
b4d55804-4926-5dfc-a020-d4af3e6ac90e,cf61222d-c8a9-503a-976b-ba3fd35da9b7,03e03dbc-a5a7-5e46-84d1-227d76bd29e0,26000,KZT,2026-08-03T10:00:00+00:00,sim-device-04,MOBILE,BASELINE,AUTHORED_NORMAL,Household transfer
5c719926-1e8b-539b-9e50-8773883df5cc,cf61222d-c8a9-503a-976b-ba3fd35da9b7,17e0966c-1644-5640-9e27-911c616bf215,33000,KZT,2026-08-04T09:00:00+00:00,sim-device-04,MOBILE,BASELINE,AUTHORED_NORMAL,Grocery purchase
cf474e8f-1ea0-5979-9570-fa3df4a705eb,cf61222d-c8a9-503a-976b-ba3fd35da9b7,03986d2c-063b-5110-8331-512099609b71,29000,KZT,2026-08-04T10:00:00+00:00,sim-device-04,MOBILE,BASELINE,AUTHORED_NORMAL,Monthly utility payment
e6c463d0-2318-5a87-a6b6-cf24c0239418,cf61222d-c8a9-503a-976b-ba3fd35da9b7,03e03dbc-a5a7-5e46-84d1-227d76bd29e0,22000,KZT,2026-08-05T09:00:00+00:00,sim-device-04,MOBILE,BASELINE,AUTHORED_NORMAL,Household transfer
a89cdb07-a631-5343-9308-f66263c44192,cf61222d-c8a9-503a-976b-ba3fd35da9b7,17e0966c-1644-5640-9e27-911c616bf215,31000,KZT,2026-08-05T10:00:00+00:00,sim-device-04,MOBILE,BASELINE,AUTHORED_NORMAL,Grocery purchase
1148f62c-de87-5a4c-a982-46deac857042,cf61222d-c8a9-503a-976b-ba3fd35da9b7,03986d2c-063b-5110-8331-512099609b71,28000,KZT,2026-08-06T09:00:00+00:00,sim-device-04,MOBILE,BASELINE,AUTHORED_NORMAL,Monthly utility payment
8466e3d7-5421-50f0-af80-c5fe5356c6e0,cf61222d-c8a9-503a-976b-ba3fd35da9b7,03e03dbc-a5a7-5e46-84d1-227d76bd29e0,35000,KZT,2026-08-06T10:00:00+00:00,sim-device-04,MOBILE,BASELINE,AUTHORED_NORMAL,Household transfer
430a6448-f98d-581c-bb7f-6f905be61e0b,cf61222d-c8a9-503a-976b-ba3fd35da9b7,17e0966c-1644-5640-9e27-911c616bf215,26000,KZT,2026-08-07T09:00:00+00:00,sim-device-04,MOBILE,BASELINE,AUTHORED_NORMAL,Grocery purchase
4e5365ea-ba4b-5d16-b7b4-9635a977c93f,cf61222d-c8a9-503a-976b-ba3fd35da9b7,03986d2c-063b-5110-8331-512099609b71,33000,KZT,2026-08-07T10:00:00+00:00,sim-device-04,MOBILE,BASELINE,AUTHORED_NORMAL,Monthly utility payment
3c25b534-88ac-5b00-a3fe-116b41015a3d,cf61222d-c8a9-503a-976b-ba3fd35da9b7,03e03dbc-a5a7-5e46-84d1-227d76bd29e0,29000,KZT,2026-08-08T09:00:00+00:00,sim-device-04,MOBILE,BASELINE,AUTHORED_NORMAL,Household transfer
b50f82f8-8936-5591-9b9b-937d603826bc,cf61222d-c8a9-503a-976b-ba3fd35da9b7,17e0966c-1644-5640-9e27-911c616bf215,22000,KZT,2026-08-08T10:00:00+00:00,sim-device-04,MOBILE,BASELINE,AUTHORED_NORMAL,Grocery purchase
0c4ebb9a-0048-5ab8-b2db-4088356213bc,cf61222d-c8a9-503a-976b-ba3fd35da9b7,03986d2c-063b-5110-8331-512099609b71,31000,KZT,2026-08-09T09:00:00+00:00,sim-device-04,MOBILE,BASELINE,AUTHORED_NORMAL,Monthly utility payment
ef16a845-4a5d-5b04-8af4-9afb6d1dfd61,cf61222d-c8a9-503a-976b-ba3fd35da9b7,03e03dbc-a5a7-5e46-84d1-227d76bd29e0,28000,KZT,2026-08-09T10:00:00+00:00,sim-device-04,MOBILE,BASELINE,AUTHORED_NORMAL,Household transfer
93ac72cd-dd20-534a-90dd-185632a17352,cf61222d-c8a9-503a-976b-ba3fd35da9b7,17e0966c-1644-5640-9e27-911c616bf215,35000,KZT,2026-08-10T09:00:00+00:00,sim-device-04,MOBILE,BASELINE,AUTHORED_NORMAL,Grocery purchase
ede0526d-51ac-5c3b-aa7d-61026c415270,cf61222d-c8a9-503a-976b-ba3fd35da9b7,03986d2c-063b-5110-8331-512099609b71,26000,KZT,2026-08-10T10:00:00+00:00,sim-device-04,MOBILE,BASELINE,AUTHORED_NORMAL,Monthly utility payment
4a8f3c44-7b07-5903-bea0-9233baff9d33,cf61222d-c8a9-503a-976b-ba3fd35da9b7,03e03dbc-a5a7-5e46-84d1-227d76bd29e0,33000,KZT,2026-08-11T09:00:00+00:00,sim-device-04,MOBILE,BASELINE,AUTHORED_NORMAL,Household transfer
087d5bd2-b82f-5383-a26a-5de855928a54,cf61222d-c8a9-503a-976b-ba3fd35da9b7,17e0966c-1644-5640-9e27-911c616bf215,29000,KZT,2026-08-11T10:00:00+00:00,sim-device-04,MOBILE,BASELINE,AUTHORED_NORMAL,Grocery purchase
7b66b63c-be1a-5436-b944-876fc83f2d8f,cf61222d-c8a9-503a-976b-ba3fd35da9b7,03986d2c-063b-5110-8331-512099609b71,22000,KZT,2026-08-12T09:00:00+00:00,sim-device-04,MOBILE,BASELINE,AUTHORED_NORMAL,Monthly utility payment
cc6d5344-7342-53f3-b0d8-d534c226f923,cf61222d-c8a9-503a-976b-ba3fd35da9b7,03e03dbc-a5a7-5e46-84d1-227d76bd29e0,31000,KZT,2026-08-12T10:00:00+00:00,sim-device-04,MOBILE,BASELINE,AUTHORED_NORMAL,Household transfer
ac6764db-21b4-5755-93e8-f146ea116a45,cf61222d-c8a9-503a-976b-ba3fd35da9b7,17e0966c-1644-5640-9e27-911c616bf215,28000,KZT,2026-08-13T09:00:00+00:00,sim-device-04,MOBILE,BASELINE,AUTHORED_NORMAL,Grocery purchase
51d6c2ae-31c7-5dd7-b5f3-7b28801f4def,cf61222d-c8a9-503a-976b-ba3fd35da9b7,03986d2c-063b-5110-8331-512099609b71,35000,KZT,2026-08-13T10:00:00+00:00,sim-device-04,MOBILE,BASELINE,AUTHORED_NORMAL,Monthly utility payment
74a12c0e-cac2-5282-a36e-c17a038cb08a,cf61222d-c8a9-503a-976b-ba3fd35da9b7,03e03dbc-a5a7-5e46-84d1-227d76bd29e0,26000,KZT,2026-08-14T09:00:00+00:00,sim-device-04,MOBILE,BASELINE,AUTHORED_NORMAL,Household transfer
53d4454d-04c5-5f96-b9d3-3a13f66cc2f3,cf61222d-c8a9-503a-976b-ba3fd35da9b7,17e0966c-1644-5640-9e27-911c616bf215,33000,KZT,2026-08-14T10:00:00+00:00,sim-device-04,MOBILE,BASELINE,AUTHORED_NORMAL,Grocery purchase
cc90ab87-e16d-5b8d-b380-53305a04ab30,cf61222d-c8a9-503a-976b-ba3fd35da9b7,03986d2c-063b-5110-8331-512099609b71,29000,KZT,2026-08-15T09:00:00+00:00,sim-device-04,MOBILE,BASELINE,AUTHORED_NORMAL,Monthly utility payment
acc14ae6-4181-5a0f-90aa-d773aa6b4f05,cf61222d-c8a9-503a-976b-ba3fd35da9b7,03e03dbc-a5a7-5e46-84d1-227d76bd29e0,22000,KZT,2026-08-15T10:00:00+00:00,sim-device-04,MOBILE,BASELINE,AUTHORED_NORMAL,Household transfer
5a21b5a9-b92e-5ea0-ac32-1093603506c7,cf61222d-c8a9-503a-976b-ba3fd35da9b7,17e0966c-1644-5640-9e27-911c616bf215,31000,KZT,2026-08-16T09:00:00+00:00,sim-device-04,MOBILE,BASELINE,AUTHORED_NORMAL,Grocery purchase
15b78e23-2662-567e-afe9-7e88d9e6e495,cf61222d-c8a9-503a-976b-ba3fd35da9b7,03986d2c-063b-5110-8331-512099609b71,28000,KZT,2026-08-16T10:00:00+00:00,sim-device-04,MOBILE,BASELINE,AUTHORED_NORMAL,Monthly utility payment
adc0d27b-795e-5a63-b3d3-0ac4b9748a06,cf61222d-c8a9-503a-976b-ba3fd35da9b7,03e03dbc-a5a7-5e46-84d1-227d76bd29e0,35000,KZT,2026-08-17T09:00:00+00:00,sim-device-04,MOBILE,BASELINE,AUTHORED_NORMAL,Household transfer
9bf1efcc-c2f9-5473-8d06-66cbc680ccaa,cf61222d-c8a9-503a-976b-ba3fd35da9b7,17e0966c-1644-5640-9e27-911c616bf215,26000,KZT,2026-08-17T10:00:00+00:00,sim-device-04,MOBILE,BASELINE,AUTHORED_NORMAL,Grocery purchase
4a89fb77-a08f-5164-845e-11aaccd49829,cf61222d-c8a9-503a-976b-ba3fd35da9b7,03986d2c-063b-5110-8331-512099609b71,33000,KZT,2026-08-18T09:00:00+00:00,sim-device-04,MOBILE,BASELINE,AUTHORED_NORMAL,Monthly utility payment
a7bd5a64-27c4-5f34-9c29-1c767cf6ea86,cf61222d-c8a9-503a-976b-ba3fd35da9b7,03e03dbc-a5a7-5e46-84d1-227d76bd29e0,29000,KZT,2026-08-18T10:00:00+00:00,sim-device-04,MOBILE,BASELINE,AUTHORED_NORMAL,Household transfer
317e9525-c8e8-5176-b0e8-c8c1360288d5,cf61222d-c8a9-503a-976b-ba3fd35da9b7,17e0966c-1644-5640-9e27-911c616bf215,22000,KZT,2026-08-19T09:00:00+00:00,sim-device-04,MOBILE,BASELINE,AUTHORED_NORMAL,Grocery purchase
588ef4be-46ce-5981-8dc7-9a5867ca0f4a,cf61222d-c8a9-503a-976b-ba3fd35da9b7,03986d2c-063b-5110-8331-512099609b71,31000,KZT,2026-08-19T10:00:00+00:00,sim-device-04,MOBILE,BASELINE,AUTHORED_NORMAL,Monthly utility payment
c1316a0e-aab5-5cf5-a6fb-a67ea8c1311b,cf61222d-c8a9-503a-976b-ba3fd35da9b7,03e03dbc-a5a7-5e46-84d1-227d76bd29e0,28000,KZT,2026-08-20T09:00:00+00:00,sim-device-04,MOBILE,BASELINE,AUTHORED_NORMAL,Household transfer
58f1e6df-caaf-5ed1-967a-a5ba528b14e4,cf61222d-c8a9-503a-976b-ba3fd35da9b7,17e0966c-1644-5640-9e27-911c616bf215,35000,KZT,2026-08-20T10:00:00+00:00,sim-device-04,MOBILE,BASELINE,AUTHORED_NORMAL,Grocery purchase
73fd5662-9162-5b1b-9820-8c34f92a5694,cf61222d-c8a9-503a-976b-ba3fd35da9b7,03986d2c-063b-5110-8331-512099609b71,26000,KZT,2026-08-21T09:00:00+00:00,sim-device-04,MOBILE,BASELINE,AUTHORED_NORMAL,Monthly utility payment
a9f36ece-8d63-5d7e-83cb-419194c9db75,cf61222d-c8a9-503a-976b-ba3fd35da9b7,03e03dbc-a5a7-5e46-84d1-227d76bd29e0,33000,KZT,2026-08-21T10:00:00+00:00,sim-device-04,MOBILE,BASELINE,AUTHORED_NORMAL,Household transfer
28d0958f-1e54-5395-9158-c823f4d0a086,cf61222d-c8a9-503a-976b-ba3fd35da9b7,17e0966c-1644-5640-9e27-911c616bf215,29000,KZT,2026-08-22T09:00:00+00:00,sim-device-04,MOBILE,BASELINE,AUTHORED_NORMAL,Grocery purchase
deee2a5a-f463-50d1-84b8-396d771b74cc,cf61222d-c8a9-503a-976b-ba3fd35da9b7,03986d2c-063b-5110-8331-512099609b71,22000,KZT,2026-08-22T10:00:00+00:00,sim-device-04,MOBILE,BASELINE,AUTHORED_NORMAL,Monthly utility payment
0f316205-c587-5fb8-85a8-31ed837e48d8,cf61222d-c8a9-503a-976b-ba3fd35da9b7,03e03dbc-a5a7-5e46-84d1-227d76bd29e0,31000,KZT,2026-08-23T09:00:00+00:00,sim-device-04,MOBILE,BASELINE,AUTHORED_NORMAL,Household transfer
f79af306-c0f3-5f10-a605-3c17fb410e0d,cf61222d-c8a9-503a-976b-ba3fd35da9b7,17e0966c-1644-5640-9e27-911c616bf215,28000,KZT,2026-08-23T10:00:00+00:00,sim-device-04,MOBILE,BASELINE,AUTHORED_NORMAL,Grocery purchase
b15318f7-d0dd-5383-91bc-f64180feca83,cf61222d-c8a9-503a-976b-ba3fd35da9b7,03986d2c-063b-5110-8331-512099609b71,35000,KZT,2026-08-24T09:00:00+00:00,sim-device-04,MOBILE,BASELINE,AUTHORED_NORMAL,Monthly utility payment
fb417072-7c94-5f7c-ae08-8720589b2c66,cf61222d-c8a9-503a-976b-ba3fd35da9b7,03e03dbc-a5a7-5e46-84d1-227d76bd29e0,26000,KZT,2026-08-24T10:00:00+00:00,sim-device-04,MOBILE,BASELINE,AUTHORED_NORMAL,Household transfer
db7df9b8-c06a-5b99-9224-26d4c605539d,cf61222d-c8a9-503a-976b-ba3fd35da9b7,17e0966c-1644-5640-9e27-911c616bf215,33000,KZT,2026-08-25T09:00:00+00:00,sim-device-04,MOBILE,BASELINE,AUTHORED_NORMAL,Grocery purchase
90534120-32e3-5af1-b805-9163ad7e8919,cf61222d-c8a9-503a-976b-ba3fd35da9b7,03986d2c-063b-5110-8331-512099609b71,29000,KZT,2026-08-25T10:00:00+00:00,sim-device-04,MOBILE,BASELINE,AUTHORED_NORMAL,Monthly utility payment
9d8d1355-ea83-55cc-9ea1-7212773e82ed,cf61222d-c8a9-503a-976b-ba3fd35da9b7,03e03dbc-a5a7-5e46-84d1-227d76bd29e0,22000,KZT,2026-08-26T09:00:00+00:00,sim-device-04,MOBILE,BASELINE,AUTHORED_NORMAL,Household transfer
c1f1209b-5208-5074-85c2-008d25b499f8,cf61222d-c8a9-503a-976b-ba3fd35da9b7,17e0966c-1644-5640-9e27-911c616bf215,31000,KZT,2026-08-26T10:00:00+00:00,sim-device-04,MOBILE,BASELINE,AUTHORED_NORMAL,Grocery purchase
33d25fa8-17da-5505-9532-cd795b3ae8b9,cf61222d-c8a9-503a-976b-ba3fd35da9b7,03986d2c-063b-5110-8331-512099609b71,28000,KZT,2026-08-27T09:00:00+00:00,sim-device-04,MOBILE,BASELINE,AUTHORED_NORMAL,Monthly utility payment
b6c1aa23-fe60-5332-a022-846f43af74f4,cf61222d-c8a9-503a-976b-ba3fd35da9b7,03e03dbc-a5a7-5e46-84d1-227d76bd29e0,35000,KZT,2026-08-27T10:00:00+00:00,sim-device-04,MOBILE,BASELINE,AUTHORED_NORMAL,Household transfer
20581f5e-2eb8-5f65-af77-934951d7d224,cf61222d-c8a9-503a-976b-ba3fd35da9b7,17e0966c-1644-5640-9e27-911c616bf215,26000,KZT,2026-08-28T09:00:00+00:00,sim-device-04,MOBILE,BASELINE,AUTHORED_NORMAL,Grocery purchase
1702eb34-bbb6-5561-b03b-28334e624d61,cf61222d-c8a9-503a-976b-ba3fd35da9b7,03986d2c-063b-5110-8331-512099609b71,33000,KZT,2026-08-28T10:00:00+00:00,sim-device-04,MOBILE,BASELINE,AUTHORED_NORMAL,Monthly utility payment
a849c8fb-bc3d-5337-806b-327c9ab3b3cf,cf61222d-c8a9-503a-976b-ba3fd35da9b7,03e03dbc-a5a7-5e46-84d1-227d76bd29e0,29000,KZT,2026-08-29T09:00:00+00:00,sim-device-04,MOBILE,BASELINE,AUTHORED_NORMAL,Household transfer
51e2a2ff-4420-569b-8308-e0e461df6821,cf61222d-c8a9-503a-976b-ba3fd35da9b7,17e0966c-1644-5640-9e27-911c616bf215,22000,KZT,2026-08-29T10:00:00+00:00,sim-device-04,MOBILE,BASELINE,AUTHORED_NORMAL,Grocery purchase
9b8376cc-a279-569d-b8b2-9e84ab0d6f32,cf61222d-c8a9-503a-976b-ba3fd35da9b7,03986d2c-063b-5110-8331-512099609b71,31000,KZT,2026-08-30T09:00:00+00:00,sim-device-04,MOBILE,BASELINE,AUTHORED_NORMAL,Monthly utility payment
affd421e-f6d0-57a2-a7c1-3acf0d1c6da9,cf61222d-c8a9-503a-976b-ba3fd35da9b7,03e03dbc-a5a7-5e46-84d1-227d76bd29e0,28000,KZT,2026-08-30T10:00:00+00:00,sim-device-04,MOBILE,BASELINE,AUTHORED_NORMAL,Household transfer
6fe3079c-59a4-596b-aa3a-569db816ef93,cf61222d-c8a9-503a-976b-ba3fd35da9b7,17e0966c-1644-5640-9e27-911c616bf215,35000,KZT,2026-08-31T09:00:00+00:00,sim-device-04,MOBILE,BASELINE,AUTHORED_NORMAL,Grocery purchase
559ab913-cecf-51b3-b4d7-311febbda1a1,cf61222d-c8a9-503a-976b-ba3fd35da9b7,03986d2c-063b-5110-8331-512099609b71,26000,KZT,2026-08-31T10:00:00+00:00,sim-device-04,MOBILE,BASELINE,AUTHORED_NORMAL,Monthly utility payment
f2a0860d-e36b-5e07-adee-68471d7da90c,cf61222d-c8a9-503a-976b-ba3fd35da9b7,03e03dbc-a5a7-5e46-84d1-227d76bd29e0,33000,KZT,2026-09-01T09:00:00+00:00,sim-device-04,MOBILE,BASELINE,AUTHORED_NORMAL,Household transfer
84f23dcd-4b79-560c-97ac-c45adf5f49d8,cf61222d-c8a9-503a-976b-ba3fd35da9b7,17e0966c-1644-5640-9e27-911c616bf215,29000,KZT,2026-09-01T10:00:00+00:00,sim-device-04,MOBILE,BASELINE,AUTHORED_NORMAL,Grocery purchase
5f5d2fb4-6b09-52ec-ac1c-30a53006b325,cf61222d-c8a9-503a-976b-ba3fd35da9b7,03986d2c-063b-5110-8331-512099609b71,22000,KZT,2026-09-02T09:00:00+00:00,sim-device-04,MOBILE,BASELINE,AUTHORED_NORMAL,Monthly utility payment
4f2d1af7-8861-5a43-b260-5233124b68d4,cf61222d-c8a9-503a-976b-ba3fd35da9b7,03e03dbc-a5a7-5e46-84d1-227d76bd29e0,31000,KZT,2026-09-02T10:00:00+00:00,sim-device-04,MOBILE,BASELINE,AUTHORED_NORMAL,Household transfer
a17315c0-bec4-52b5-8d59-2cf422985cbb,cf61222d-c8a9-503a-976b-ba3fd35da9b7,17e0966c-1644-5640-9e27-911c616bf215,28000,KZT,2026-09-03T09:00:00+00:00,sim-device-04,MOBILE,BASELINE,AUTHORED_NORMAL,Grocery purchase
61baf88c-9c44-51bd-8a2d-13178e1b5f86,cf61222d-c8a9-503a-976b-ba3fd35da9b7,03986d2c-063b-5110-8331-512099609b71,35000,KZT,2026-09-03T10:00:00+00:00,sim-device-04,MOBILE,BASELINE,AUTHORED_NORMAL,Monthly utility payment
ee72d4db-d693-5525-bc42-10f83c7307f5,cf61222d-c8a9-503a-976b-ba3fd35da9b7,03e03dbc-a5a7-5e46-84d1-227d76bd29e0,26000,KZT,2026-09-04T09:00:00+00:00,sim-device-04,MOBILE,BASELINE,AUTHORED_NORMAL,Household transfer
532ce140-0fc7-574a-9969-7ab5431b3719,cf61222d-c8a9-503a-976b-ba3fd35da9b7,17e0966c-1644-5640-9e27-911c616bf215,33000,KZT,2026-09-04T10:00:00+00:00,sim-device-04,MOBILE,BASELINE,AUTHORED_NORMAL,Grocery purchase
8a43b528-34a2-5bd8-a939-f5a6d5c9fa86,cf61222d-c8a9-503a-976b-ba3fd35da9b7,03986d2c-063b-5110-8331-512099609b71,29000,KZT,2026-09-05T09:00:00+00:00,sim-device-04,MOBILE,BASELINE,AUTHORED_NORMAL,Monthly utility payment
cdcd18c5-d1a1-51f0-897f-95987ef7063a,cf61222d-c8a9-503a-976b-ba3fd35da9b7,03e03dbc-a5a7-5e46-84d1-227d76bd29e0,22000,KZT,2026-09-05T10:00:00+00:00,sim-device-04,MOBILE,BASELINE,AUTHORED_NORMAL,Household transfer
09a65ab3-1286-5001-8ee9-86dba6e8b97d,cf61222d-c8a9-503a-976b-ba3fd35da9b7,17e0966c-1644-5640-9e27-911c616bf215,31000,KZT,2026-09-06T09:00:00+00:00,sim-device-04,MOBILE,BASELINE,AUTHORED_NORMAL,Grocery purchase
0548bd29-db1b-5854-90a0-1c95c459555a,cf61222d-c8a9-503a-976b-ba3fd35da9b7,03986d2c-063b-5110-8331-512099609b71,28000,KZT,2026-09-06T10:00:00+00:00,sim-device-04,MOBILE,BASELINE,AUTHORED_NORMAL,Monthly utility payment
0e4dd3cd-dd1a-5d03-976b-69b8bf9f3f88,cf61222d-c8a9-503a-976b-ba3fd35da9b7,03e03dbc-a5a7-5e46-84d1-227d76bd29e0,35000,KZT,2026-09-07T09:00:00+00:00,sim-device-04,MOBILE,BASELINE,AUTHORED_NORMAL,Household transfer
069c0c37-067d-55f0-9949-f7a3d6e05378,cf61222d-c8a9-503a-976b-ba3fd35da9b7,17e0966c-1644-5640-9e27-911c616bf215,26000,KZT,2026-09-07T10:00:00+00:00,sim-device-04,MOBILE,BASELINE,AUTHORED_NORMAL,Grocery purchase
3d3fc615-e04b-558f-ac09-4e4f6a782700,cf61222d-c8a9-503a-976b-ba3fd35da9b7,03986d2c-063b-5110-8331-512099609b71,33000,KZT,2026-09-08T09:00:00+00:00,sim-device-04,MOBILE,BASELINE,AUTHORED_NORMAL,Monthly utility payment
79246f46-4406-5476-ba25-df26b0b2d910,cf61222d-c8a9-503a-976b-ba3fd35da9b7,03e03dbc-a5a7-5e46-84d1-227d76bd29e0,29000,KZT,2026-09-08T10:00:00+00:00,sim-device-04,MOBILE,BASELINE,AUTHORED_NORMAL,Household transfer
bf0fb4a1-cb90-50c5-bf92-95f62c596580,cf61222d-c8a9-503a-976b-ba3fd35da9b7,17e0966c-1644-5640-9e27-911c616bf215,22000,KZT,2026-09-09T09:00:00+00:00,sim-device-04,MOBILE,BASELINE,AUTHORED_NORMAL,Grocery purchase
4f0e0b74-4639-5cd7-98e4-3404718a1803,cf61222d-c8a9-503a-976b-ba3fd35da9b7,03986d2c-063b-5110-8331-512099609b71,31000,KZT,2026-09-09T10:00:00+00:00,sim-device-04,MOBILE,BASELINE,AUTHORED_NORMAL,Monthly utility payment
4b04fbed-cb63-5904-abc9-32e91a5b4a8f,cf61222d-c8a9-503a-976b-ba3fd35da9b7,03e03dbc-a5a7-5e46-84d1-227d76bd29e0,28000,KZT,2026-09-10T09:00:00+00:00,sim-device-04,MOBILE,BASELINE,AUTHORED_NORMAL,Household transfer
0bfaabee-b504-5dd0-b59d-7e24793aeca9,cf61222d-c8a9-503a-976b-ba3fd35da9b7,17e0966c-1644-5640-9e27-911c616bf215,35000,KZT,2026-09-10T10:00:00+00:00,sim-device-04,MOBILE,BASELINE,AUTHORED_NORMAL,Grocery purchase
e892a4c8-76f2-5c6b-b442-5240a0af48bf,cf61222d-c8a9-503a-976b-ba3fd35da9b7,03986d2c-063b-5110-8331-512099609b71,26000,KZT,2026-09-11T09:00:00+00:00,sim-device-04,MOBILE,BASELINE,AUTHORED_NORMAL,Monthly utility payment
9d1480ec-7720-5879-94a5-086748e101c4,cf61222d-c8a9-503a-976b-ba3fd35da9b7,03e03dbc-a5a7-5e46-84d1-227d76bd29e0,33000,KZT,2026-09-11T10:00:00+00:00,sim-device-04,MOBILE,BASELINE,AUTHORED_NORMAL,Household transfer
c99fc4f6-6791-599c-98c2-0d04eb67afaf,cf61222d-c8a9-503a-976b-ba3fd35da9b7,17e0966c-1644-5640-9e27-911c616bf215,29000,KZT,2026-09-12T09:00:00+00:00,sim-device-04,MOBILE,BASELINE,AUTHORED_NORMAL,Grocery purchase
be6bd5c4-a2c5-5416-8732-1e0093e78430,cf61222d-c8a9-503a-976b-ba3fd35da9b7,03986d2c-063b-5110-8331-512099609b71,22000,KZT,2026-09-12T10:00:00+00:00,sim-device-04,MOBILE,BASELINE,AUTHORED_NORMAL,Monthly utility payment
d3ed3956-22ba-5d7a-9e45-e676924cd7a9,cf61222d-c8a9-503a-976b-ba3fd35da9b7,03e03dbc-a5a7-5e46-84d1-227d76bd29e0,31000,KZT,2026-09-13T09:00:00+00:00,sim-device-04,MOBILE,BASELINE,AUTHORED_NORMAL,Household transfer
c73d1cdb-c380-5c26-8548-c43da69d234b,cf61222d-c8a9-503a-976b-ba3fd35da9b7,17e0966c-1644-5640-9e27-911c616bf215,28000,KZT,2026-09-13T10:00:00+00:00,sim-device-04,MOBILE,BASELINE,AUTHORED_NORMAL,Grocery purchase
3878bdb2-5930-5dd1-8a09-db731d0e9232,cf61222d-c8a9-503a-976b-ba3fd35da9b7,03986d2c-063b-5110-8331-512099609b71,35000,KZT,2026-09-14T09:00:00+00:00,sim-device-04,MOBILE,BASELINE,AUTHORED_NORMAL,Monthly utility payment
4a6fc3b8-4e2b-5fda-a4f3-85dd8322e724,cf61222d-c8a9-503a-976b-ba3fd35da9b7,03e03dbc-a5a7-5e46-84d1-227d76bd29e0,26000,KZT,2026-09-14T10:00:00+00:00,sim-device-04,MOBILE,BASELINE,AUTHORED_NORMAL,Household transfer
dc565a6b-1052-5b6d-ba37-5fdb4e5299f7,cf61222d-c8a9-503a-976b-ba3fd35da9b7,17e0966c-1644-5640-9e27-911c616bf215,33000,KZT,2026-09-15T09:00:00+00:00,sim-device-04,MOBILE,BASELINE,AUTHORED_NORMAL,Grocery purchase
3d2088df-25ca-5f5a-b5cc-5eadec0879e9,cf61222d-c8a9-503a-976b-ba3fd35da9b7,03986d2c-063b-5110-8331-512099609b71,29000,KZT,2026-09-15T10:00:00+00:00,sim-device-04,MOBILE,BASELINE,AUTHORED_NORMAL,Monthly utility payment
f7a4b538-d6f2-5935-9a52-f1dcaa16e4bc,cf61222d-c8a9-503a-976b-ba3fd35da9b7,03e03dbc-a5a7-5e46-84d1-227d76bd29e0,22000,KZT,2026-09-16T09:00:00+00:00,sim-device-04,MOBILE,BASELINE,AUTHORED_NORMAL,Household transfer
9c527fed-8e69-52d9-b018-e3578acdca71,cf61222d-c8a9-503a-976b-ba3fd35da9b7,17e0966c-1644-5640-9e27-911c616bf215,31000,KZT,2026-09-16T10:00:00+00:00,sim-device-04,MOBILE,BASELINE,AUTHORED_NORMAL,Grocery purchase
468ac6fd-ac76-564d-9502-ab7eec21d25f,cf61222d-c8a9-503a-976b-ba3fd35da9b7,03986d2c-063b-5110-8331-512099609b71,28000,KZT,2026-09-17T09:00:00+00:00,sim-device-04,MOBILE,BASELINE,AUTHORED_NORMAL,Monthly utility payment
48618e1c-9261-5774-9132-b2fecdd0e84b,cf61222d-c8a9-503a-976b-ba3fd35da9b7,03e03dbc-a5a7-5e46-84d1-227d76bd29e0,35000,KZT,2026-09-17T10:00:00+00:00,sim-device-04,MOBILE,BASELINE,AUTHORED_NORMAL,Household transfer
07e852d2-eacb-5ba7-8bc3-3f0420ab253a,cf61222d-c8a9-503a-976b-ba3fd35da9b7,17e0966c-1644-5640-9e27-911c616bf215,26000,KZT,2026-09-18T09:00:00+00:00,sim-device-04,MOBILE,BASELINE,AUTHORED_NORMAL,Grocery purchase
f76f1a90-0530-5693-a684-67cc6ff467f7,cf61222d-c8a9-503a-976b-ba3fd35da9b7,03986d2c-063b-5110-8331-512099609b71,33000,KZT,2026-09-18T10:00:00+00:00,sim-device-04,MOBILE,BASELINE,AUTHORED_NORMAL,Monthly utility payment
89d79697-46e8-5f3b-93ea-f329c0a5e846,cf61222d-c8a9-503a-976b-ba3fd35da9b7,03e03dbc-a5a7-5e46-84d1-227d76bd29e0,29000,KZT,2026-09-19T09:00:00+00:00,sim-device-04,MOBILE,BASELINE,AUTHORED_NORMAL,Household transfer
6928d9dc-2de5-5319-b413-40086316fe7a,cf61222d-c8a9-503a-976b-ba3fd35da9b7,17e0966c-1644-5640-9e27-911c616bf215,22000,KZT,2026-09-19T10:00:00+00:00,sim-device-04,MOBILE,BASELINE,AUTHORED_NORMAL,Grocery purchase
d9c6eca3-8ae7-58ac-90e7-fa61c4ef70e9,82bca62e-b77b-5728-8342-4b72178174bf,50e05f21-6316-57cf-94f7-961b7de09218,33000,KZT,2026-06-12T09:00:00+00:00,sim-device-05,MOBILE,BASELINE,AUTHORED_NORMAL,Household transfer
f234b948-0f8d-5936-9727-a1271f425942,82bca62e-b77b-5728-8342-4b72178174bf,bf8fdf9c-ef99-5ee7-937c-aa12b279599d,29000,KZT,2026-06-12T10:00:00+00:00,sim-device-05,MOBILE,BASELINE,AUTHORED_NORMAL,Grocery purchase
d2e2d14c-4628-50da-9d6c-05830b94206f,82bca62e-b77b-5728-8342-4b72178174bf,45965d16-5031-5bca-8133-5b771a752ad1,22000,KZT,2026-06-13T09:00:00+00:00,sim-device-05,MOBILE,BASELINE,AUTHORED_NORMAL,Monthly utility payment
a2f402ae-656f-506d-a671-550e02bf0087,82bca62e-b77b-5728-8342-4b72178174bf,50e05f21-6316-57cf-94f7-961b7de09218,31000,KZT,2026-06-13T10:00:00+00:00,sim-device-05,MOBILE,BASELINE,AUTHORED_NORMAL,Household transfer
b97ad8fc-db85-5bbd-8d24-58f341821df3,82bca62e-b77b-5728-8342-4b72178174bf,bf8fdf9c-ef99-5ee7-937c-aa12b279599d,28000,KZT,2026-06-14T09:00:00+00:00,sim-device-05,MOBILE,BASELINE,AUTHORED_NORMAL,Grocery purchase
50295870-b9c4-5996-b608-668ac42fed65,82bca62e-b77b-5728-8342-4b72178174bf,45965d16-5031-5bca-8133-5b771a752ad1,35000,KZT,2026-06-14T10:00:00+00:00,sim-device-05,MOBILE,BASELINE,AUTHORED_NORMAL,Monthly utility payment
2f54b183-0dd1-53b7-9604-c87ddb3632db,82bca62e-b77b-5728-8342-4b72178174bf,50e05f21-6316-57cf-94f7-961b7de09218,26000,KZT,2026-06-15T09:00:00+00:00,sim-device-05,MOBILE,BASELINE,AUTHORED_NORMAL,Household transfer
348dcf89-7e58-56b1-b239-7c666066cf1f,82bca62e-b77b-5728-8342-4b72178174bf,bf8fdf9c-ef99-5ee7-937c-aa12b279599d,33000,KZT,2026-06-15T10:00:00+00:00,sim-device-05,MOBILE,BASELINE,AUTHORED_NORMAL,Grocery purchase
18172ddc-15ad-5094-8fe6-028ae043ee84,82bca62e-b77b-5728-8342-4b72178174bf,45965d16-5031-5bca-8133-5b771a752ad1,29000,KZT,2026-06-16T09:00:00+00:00,sim-device-05,MOBILE,BASELINE,AUTHORED_NORMAL,Monthly utility payment
3d42be8a-b293-58c3-933f-83416a78a5a1,82bca62e-b77b-5728-8342-4b72178174bf,50e05f21-6316-57cf-94f7-961b7de09218,22000,KZT,2026-06-16T10:00:00+00:00,sim-device-05,MOBILE,BASELINE,AUTHORED_NORMAL,Household transfer
2ab56ac8-d409-5305-a958-a37bf09b0e3d,82bca62e-b77b-5728-8342-4b72178174bf,bf8fdf9c-ef99-5ee7-937c-aa12b279599d,31000,KZT,2026-06-17T09:00:00+00:00,sim-device-05,MOBILE,BASELINE,AUTHORED_NORMAL,Grocery purchase
544a40af-fa19-5f2d-84fd-56c23055a561,82bca62e-b77b-5728-8342-4b72178174bf,45965d16-5031-5bca-8133-5b771a752ad1,28000,KZT,2026-06-17T10:00:00+00:00,sim-device-05,MOBILE,BASELINE,AUTHORED_NORMAL,Monthly utility payment
e5e250de-b4d0-51e0-8ae5-afd836cfbcdd,82bca62e-b77b-5728-8342-4b72178174bf,50e05f21-6316-57cf-94f7-961b7de09218,35000,KZT,2026-06-18T09:00:00+00:00,sim-device-05,MOBILE,BASELINE,AUTHORED_NORMAL,Household transfer
b04598f6-fdc4-5325-82ac-bbb635c3be66,82bca62e-b77b-5728-8342-4b72178174bf,bf8fdf9c-ef99-5ee7-937c-aa12b279599d,26000,KZT,2026-06-18T10:00:00+00:00,sim-device-05,MOBILE,BASELINE,AUTHORED_NORMAL,Grocery purchase
923aa954-f7d0-58cc-a528-3180f2ac3bf2,82bca62e-b77b-5728-8342-4b72178174bf,45965d16-5031-5bca-8133-5b771a752ad1,33000,KZT,2026-06-19T09:00:00+00:00,sim-device-05,MOBILE,BASELINE,AUTHORED_NORMAL,Monthly utility payment
c01d15fa-a141-5cec-a44e-42ee82f7a126,82bca62e-b77b-5728-8342-4b72178174bf,50e05f21-6316-57cf-94f7-961b7de09218,29000,KZT,2026-06-19T10:00:00+00:00,sim-device-05,MOBILE,BASELINE,AUTHORED_NORMAL,Household transfer
c9b92649-4acd-59c1-b16e-16e7f3093169,82bca62e-b77b-5728-8342-4b72178174bf,bf8fdf9c-ef99-5ee7-937c-aa12b279599d,22000,KZT,2026-06-20T09:00:00+00:00,sim-device-05,MOBILE,BASELINE,AUTHORED_NORMAL,Grocery purchase
7f913198-2877-5416-a6a8-97726d15380e,82bca62e-b77b-5728-8342-4b72178174bf,45965d16-5031-5bca-8133-5b771a752ad1,31000,KZT,2026-06-20T10:00:00+00:00,sim-device-05,MOBILE,BASELINE,AUTHORED_NORMAL,Monthly utility payment
0eea082f-96b0-5023-a55e-dace6af04191,82bca62e-b77b-5728-8342-4b72178174bf,50e05f21-6316-57cf-94f7-961b7de09218,28000,KZT,2026-06-21T09:00:00+00:00,sim-device-05,MOBILE,BASELINE,AUTHORED_NORMAL,Household transfer
7aa4f4c5-c7da-5a2b-a058-9e6938f18d65,82bca62e-b77b-5728-8342-4b72178174bf,bf8fdf9c-ef99-5ee7-937c-aa12b279599d,35000,KZT,2026-06-21T10:00:00+00:00,sim-device-05,MOBILE,BASELINE,AUTHORED_NORMAL,Grocery purchase
5606114d-a5a7-5ba1-9092-11b59c4c7ca3,82bca62e-b77b-5728-8342-4b72178174bf,45965d16-5031-5bca-8133-5b771a752ad1,26000,KZT,2026-06-22T09:00:00+00:00,sim-device-05,MOBILE,BASELINE,AUTHORED_NORMAL,Monthly utility payment
6f7f07ab-7e33-5b5d-9716-2e72d668ca1a,82bca62e-b77b-5728-8342-4b72178174bf,50e05f21-6316-57cf-94f7-961b7de09218,33000,KZT,2026-06-22T10:00:00+00:00,sim-device-05,MOBILE,BASELINE,AUTHORED_NORMAL,Household transfer
d61b3576-725d-5651-892b-445f35976770,82bca62e-b77b-5728-8342-4b72178174bf,bf8fdf9c-ef99-5ee7-937c-aa12b279599d,29000,KZT,2026-06-23T09:00:00+00:00,sim-device-05,MOBILE,BASELINE,AUTHORED_NORMAL,Grocery purchase
9e8e012a-f7b5-5af8-98c5-d7a0fa679060,82bca62e-b77b-5728-8342-4b72178174bf,45965d16-5031-5bca-8133-5b771a752ad1,22000,KZT,2026-06-23T10:00:00+00:00,sim-device-05,MOBILE,BASELINE,AUTHORED_NORMAL,Monthly utility payment
83e13d29-4c2f-5ac4-bd62-c55c452f2b84,82bca62e-b77b-5728-8342-4b72178174bf,50e05f21-6316-57cf-94f7-961b7de09218,31000,KZT,2026-06-24T09:00:00+00:00,sim-device-05,MOBILE,BASELINE,AUTHORED_NORMAL,Household transfer
cd4ab1e2-7060-59ec-8933-d6535386e226,82bca62e-b77b-5728-8342-4b72178174bf,bf8fdf9c-ef99-5ee7-937c-aa12b279599d,28000,KZT,2026-06-24T10:00:00+00:00,sim-device-05,MOBILE,BASELINE,AUTHORED_NORMAL,Grocery purchase
cca2cd8b-c992-5278-9907-f7336ff0139f,82bca62e-b77b-5728-8342-4b72178174bf,45965d16-5031-5bca-8133-5b771a752ad1,35000,KZT,2026-06-25T09:00:00+00:00,sim-device-05,MOBILE,BASELINE,AUTHORED_NORMAL,Monthly utility payment
b5ce7758-7094-5fd4-9f30-6d0d7ad0c961,82bca62e-b77b-5728-8342-4b72178174bf,50e05f21-6316-57cf-94f7-961b7de09218,26000,KZT,2026-06-25T10:00:00+00:00,sim-device-05,MOBILE,BASELINE,AUTHORED_NORMAL,Household transfer
1d4044a1-f6cc-5bec-bda3-701182d3628d,82bca62e-b77b-5728-8342-4b72178174bf,bf8fdf9c-ef99-5ee7-937c-aa12b279599d,33000,KZT,2026-06-26T09:00:00+00:00,sim-device-05,MOBILE,BASELINE,AUTHORED_NORMAL,Grocery purchase
4fc1262b-96b1-515b-9e02-b89904913ee2,82bca62e-b77b-5728-8342-4b72178174bf,45965d16-5031-5bca-8133-5b771a752ad1,29000,KZT,2026-06-26T10:00:00+00:00,sim-device-05,MOBILE,BASELINE,AUTHORED_NORMAL,Monthly utility payment
24ace5fb-b788-5ade-8c56-4583afd27b4f,82bca62e-b77b-5728-8342-4b72178174bf,50e05f21-6316-57cf-94f7-961b7de09218,22000,KZT,2026-06-27T09:00:00+00:00,sim-device-05,MOBILE,BASELINE,AUTHORED_NORMAL,Household transfer
d9994bd6-d087-55b7-8361-955757bfdfba,82bca62e-b77b-5728-8342-4b72178174bf,bf8fdf9c-ef99-5ee7-937c-aa12b279599d,31000,KZT,2026-06-27T10:00:00+00:00,sim-device-05,MOBILE,BASELINE,AUTHORED_NORMAL,Grocery purchase
eaadf12a-3523-54ea-8542-526336b68e52,82bca62e-b77b-5728-8342-4b72178174bf,45965d16-5031-5bca-8133-5b771a752ad1,28000,KZT,2026-06-28T09:00:00+00:00,sim-device-05,MOBILE,BASELINE,AUTHORED_NORMAL,Monthly utility payment
e922c28b-e530-52c2-aeef-952f5dca98f1,82bca62e-b77b-5728-8342-4b72178174bf,50e05f21-6316-57cf-94f7-961b7de09218,35000,KZT,2026-06-28T10:00:00+00:00,sim-device-05,MOBILE,BASELINE,AUTHORED_NORMAL,Household transfer
44b888b1-8c6d-57cb-98f1-51cfe396d838,82bca62e-b77b-5728-8342-4b72178174bf,bf8fdf9c-ef99-5ee7-937c-aa12b279599d,26000,KZT,2026-06-29T09:00:00+00:00,sim-device-05,MOBILE,BASELINE,AUTHORED_NORMAL,Grocery purchase
a022b1af-da9f-59f3-82d2-bd293a2acee5,82bca62e-b77b-5728-8342-4b72178174bf,45965d16-5031-5bca-8133-5b771a752ad1,33000,KZT,2026-06-29T10:00:00+00:00,sim-device-05,MOBILE,BASELINE,AUTHORED_NORMAL,Monthly utility payment
00ac6319-2572-5454-a2a5-0fd26a929c28,82bca62e-b77b-5728-8342-4b72178174bf,50e05f21-6316-57cf-94f7-961b7de09218,29000,KZT,2026-06-30T09:00:00+00:00,sim-device-05,MOBILE,BASELINE,AUTHORED_NORMAL,Household transfer
06cfae23-c660-52f3-a1b0-e2288f981535,82bca62e-b77b-5728-8342-4b72178174bf,bf8fdf9c-ef99-5ee7-937c-aa12b279599d,22000,KZT,2026-06-30T10:00:00+00:00,sim-device-05,MOBILE,BASELINE,AUTHORED_NORMAL,Grocery purchase
7a16ce9f-7ca4-562a-88d4-89a919bf5959,82bca62e-b77b-5728-8342-4b72178174bf,45965d16-5031-5bca-8133-5b771a752ad1,31000,KZT,2026-07-01T09:00:00+00:00,sim-device-05,MOBILE,BASELINE,AUTHORED_NORMAL,Monthly utility payment
577189b3-37d2-56e6-8936-ea329e307cf0,82bca62e-b77b-5728-8342-4b72178174bf,50e05f21-6316-57cf-94f7-961b7de09218,28000,KZT,2026-07-01T10:00:00+00:00,sim-device-05,MOBILE,BASELINE,AUTHORED_NORMAL,Household transfer
e0756e8f-b77d-50ff-8d59-1a81c96ff3b3,82bca62e-b77b-5728-8342-4b72178174bf,bf8fdf9c-ef99-5ee7-937c-aa12b279599d,35000,KZT,2026-07-02T09:00:00+00:00,sim-device-05,MOBILE,BASELINE,AUTHORED_NORMAL,Grocery purchase
c7477b76-321f-51c1-a1d0-aa7506f58c6a,82bca62e-b77b-5728-8342-4b72178174bf,45965d16-5031-5bca-8133-5b771a752ad1,26000,KZT,2026-07-02T10:00:00+00:00,sim-device-05,MOBILE,BASELINE,AUTHORED_NORMAL,Monthly utility payment
8d0d7e9a-622a-5454-b41e-2f589d1a32e0,82bca62e-b77b-5728-8342-4b72178174bf,50e05f21-6316-57cf-94f7-961b7de09218,33000,KZT,2026-07-03T09:00:00+00:00,sim-device-05,MOBILE,BASELINE,AUTHORED_NORMAL,Household transfer
6d68a63e-37f8-5c86-bf04-d7df7a20f93d,82bca62e-b77b-5728-8342-4b72178174bf,bf8fdf9c-ef99-5ee7-937c-aa12b279599d,29000,KZT,2026-07-03T10:00:00+00:00,sim-device-05,MOBILE,BASELINE,AUTHORED_NORMAL,Grocery purchase
ec731d5b-fa48-5869-b9c4-b0c26fee8835,82bca62e-b77b-5728-8342-4b72178174bf,45965d16-5031-5bca-8133-5b771a752ad1,22000,KZT,2026-07-04T09:00:00+00:00,sim-device-05,MOBILE,BASELINE,AUTHORED_NORMAL,Monthly utility payment
4d0f5297-c5ca-56c3-9bb8-827256612960,82bca62e-b77b-5728-8342-4b72178174bf,50e05f21-6316-57cf-94f7-961b7de09218,31000,KZT,2026-07-04T10:00:00+00:00,sim-device-05,MOBILE,BASELINE,AUTHORED_NORMAL,Household transfer
76a9b752-0a4e-5567-9029-7cf6484d53ae,82bca62e-b77b-5728-8342-4b72178174bf,bf8fdf9c-ef99-5ee7-937c-aa12b279599d,28000,KZT,2026-07-05T09:00:00+00:00,sim-device-05,MOBILE,BASELINE,AUTHORED_NORMAL,Grocery purchase
4874e5db-55a0-5729-80e3-bfff86d84243,82bca62e-b77b-5728-8342-4b72178174bf,45965d16-5031-5bca-8133-5b771a752ad1,35000,KZT,2026-07-05T10:00:00+00:00,sim-device-05,MOBILE,BASELINE,AUTHORED_NORMAL,Monthly utility payment
8dd953be-b801-5ef8-9d79-bf46a5326408,82bca62e-b77b-5728-8342-4b72178174bf,50e05f21-6316-57cf-94f7-961b7de09218,26000,KZT,2026-07-06T09:00:00+00:00,sim-device-05,MOBILE,BASELINE,AUTHORED_NORMAL,Household transfer
6d1dd5bd-8961-5dcc-a438-55298b764fa3,82bca62e-b77b-5728-8342-4b72178174bf,bf8fdf9c-ef99-5ee7-937c-aa12b279599d,33000,KZT,2026-07-06T10:00:00+00:00,sim-device-05,MOBILE,BASELINE,AUTHORED_NORMAL,Grocery purchase
544fab28-0f0f-596d-9d9c-b5c765da87b4,82bca62e-b77b-5728-8342-4b72178174bf,45965d16-5031-5bca-8133-5b771a752ad1,29000,KZT,2026-07-07T09:00:00+00:00,sim-device-05,MOBILE,BASELINE,AUTHORED_NORMAL,Monthly utility payment
18647509-c848-5a12-adc1-cbdb0ccbc1d0,82bca62e-b77b-5728-8342-4b72178174bf,50e05f21-6316-57cf-94f7-961b7de09218,22000,KZT,2026-07-07T10:00:00+00:00,sim-device-05,MOBILE,BASELINE,AUTHORED_NORMAL,Household transfer
e5c42c92-0ab4-5c10-8910-fd0cd418cef7,82bca62e-b77b-5728-8342-4b72178174bf,bf8fdf9c-ef99-5ee7-937c-aa12b279599d,31000,KZT,2026-07-08T09:00:00+00:00,sim-device-05,MOBILE,BASELINE,AUTHORED_NORMAL,Grocery purchase
2c1ec0ea-9669-5032-bde0-762f500611b3,82bca62e-b77b-5728-8342-4b72178174bf,45965d16-5031-5bca-8133-5b771a752ad1,28000,KZT,2026-07-08T10:00:00+00:00,sim-device-05,MOBILE,BASELINE,AUTHORED_NORMAL,Monthly utility payment
8cdf0c62-4c53-5e34-b16b-ea75ad0bd1bb,82bca62e-b77b-5728-8342-4b72178174bf,50e05f21-6316-57cf-94f7-961b7de09218,35000,KZT,2026-07-09T09:00:00+00:00,sim-device-05,MOBILE,BASELINE,AUTHORED_NORMAL,Household transfer
982d80ee-7c48-563c-8627-2a3e4de71807,82bca62e-b77b-5728-8342-4b72178174bf,bf8fdf9c-ef99-5ee7-937c-aa12b279599d,26000,KZT,2026-07-09T10:00:00+00:00,sim-device-05,MOBILE,BASELINE,AUTHORED_NORMAL,Grocery purchase
78895a94-49d8-50d0-8323-58dc42d64beb,82bca62e-b77b-5728-8342-4b72178174bf,45965d16-5031-5bca-8133-5b771a752ad1,33000,KZT,2026-07-10T09:00:00+00:00,sim-device-05,MOBILE,BASELINE,AUTHORED_NORMAL,Monthly utility payment
5fc456ca-7606-5678-8c73-4f0374cd9945,82bca62e-b77b-5728-8342-4b72178174bf,50e05f21-6316-57cf-94f7-961b7de09218,29000,KZT,2026-07-10T10:00:00+00:00,sim-device-05,MOBILE,BASELINE,AUTHORED_NORMAL,Household transfer
304d87c1-263d-5da9-b20c-78f7270a1f20,82bca62e-b77b-5728-8342-4b72178174bf,bf8fdf9c-ef99-5ee7-937c-aa12b279599d,22000,KZT,2026-07-11T09:00:00+00:00,sim-device-05,MOBILE,BASELINE,AUTHORED_NORMAL,Grocery purchase
0c551238-ab76-5cb6-bf12-7d16aff19f4b,82bca62e-b77b-5728-8342-4b72178174bf,45965d16-5031-5bca-8133-5b771a752ad1,31000,KZT,2026-07-11T10:00:00+00:00,sim-device-05,MOBILE,BASELINE,AUTHORED_NORMAL,Monthly utility payment
6154a2b7-fbf4-516f-a292-f3312edb4c5d,82bca62e-b77b-5728-8342-4b72178174bf,50e05f21-6316-57cf-94f7-961b7de09218,28000,KZT,2026-07-12T09:00:00+00:00,sim-device-05,MOBILE,BASELINE,AUTHORED_NORMAL,Household transfer
b4dc7f3a-9797-5c1f-89df-70332d948b1d,82bca62e-b77b-5728-8342-4b72178174bf,bf8fdf9c-ef99-5ee7-937c-aa12b279599d,35000,KZT,2026-07-12T10:00:00+00:00,sim-device-05,MOBILE,BASELINE,AUTHORED_NORMAL,Grocery purchase
4aca18de-d2fb-5b01-a610-1851fafdf6ae,82bca62e-b77b-5728-8342-4b72178174bf,45965d16-5031-5bca-8133-5b771a752ad1,26000,KZT,2026-07-13T09:00:00+00:00,sim-device-05,MOBILE,BASELINE,AUTHORED_NORMAL,Monthly utility payment
f62cd505-6d11-524e-88bf-4e4435369172,82bca62e-b77b-5728-8342-4b72178174bf,50e05f21-6316-57cf-94f7-961b7de09218,33000,KZT,2026-07-13T10:00:00+00:00,sim-device-05,MOBILE,BASELINE,AUTHORED_NORMAL,Household transfer
1d51e6d0-6f8b-5e52-ba0c-e2a9ef1f4859,82bca62e-b77b-5728-8342-4b72178174bf,bf8fdf9c-ef99-5ee7-937c-aa12b279599d,29000,KZT,2026-07-14T09:00:00+00:00,sim-device-05,MOBILE,BASELINE,AUTHORED_NORMAL,Grocery purchase
37c562dc-1051-53ce-9a75-8d92caac86f9,82bca62e-b77b-5728-8342-4b72178174bf,45965d16-5031-5bca-8133-5b771a752ad1,22000,KZT,2026-07-14T10:00:00+00:00,sim-device-05,MOBILE,BASELINE,AUTHORED_NORMAL,Monthly utility payment
ef6589c1-5d93-5f82-ba59-dbbb989592a0,82bca62e-b77b-5728-8342-4b72178174bf,50e05f21-6316-57cf-94f7-961b7de09218,31000,KZT,2026-07-15T09:00:00+00:00,sim-device-05,MOBILE,BASELINE,AUTHORED_NORMAL,Household transfer
4ce8c02a-7490-5908-9454-1b816b20cda5,82bca62e-b77b-5728-8342-4b72178174bf,bf8fdf9c-ef99-5ee7-937c-aa12b279599d,28000,KZT,2026-07-15T10:00:00+00:00,sim-device-05,MOBILE,BASELINE,AUTHORED_NORMAL,Grocery purchase
40a4c475-e3d5-50d9-b9e3-c82df48b475d,82bca62e-b77b-5728-8342-4b72178174bf,45965d16-5031-5bca-8133-5b771a752ad1,35000,KZT,2026-07-16T09:00:00+00:00,sim-device-05,MOBILE,BASELINE,AUTHORED_NORMAL,Monthly utility payment
dbf7240f-d01e-52fc-9c37-a0092d38ea4e,82bca62e-b77b-5728-8342-4b72178174bf,50e05f21-6316-57cf-94f7-961b7de09218,26000,KZT,2026-07-16T10:00:00+00:00,sim-device-05,MOBILE,BASELINE,AUTHORED_NORMAL,Household transfer
bcda712a-bfef-50e4-877f-6d132aaee769,82bca62e-b77b-5728-8342-4b72178174bf,bf8fdf9c-ef99-5ee7-937c-aa12b279599d,33000,KZT,2026-07-17T09:00:00+00:00,sim-device-05,MOBILE,BASELINE,AUTHORED_NORMAL,Grocery purchase
b54ac71c-4291-5543-9498-2109dc0827f3,82bca62e-b77b-5728-8342-4b72178174bf,45965d16-5031-5bca-8133-5b771a752ad1,29000,KZT,2026-07-17T10:00:00+00:00,sim-device-05,MOBILE,BASELINE,AUTHORED_NORMAL,Monthly utility payment
1f84aeae-71c0-59f6-ae14-87ddf34d4aae,82bca62e-b77b-5728-8342-4b72178174bf,50e05f21-6316-57cf-94f7-961b7de09218,22000,KZT,2026-07-18T09:00:00+00:00,sim-device-05,MOBILE,BASELINE,AUTHORED_NORMAL,Household transfer
a452015a-48c6-54d0-b708-ba94edea03db,82bca62e-b77b-5728-8342-4b72178174bf,bf8fdf9c-ef99-5ee7-937c-aa12b279599d,31000,KZT,2026-07-18T10:00:00+00:00,sim-device-05,MOBILE,BASELINE,AUTHORED_NORMAL,Grocery purchase
8d064270-cafd-5849-8c9a-26c955d47bd5,82bca62e-b77b-5728-8342-4b72178174bf,45965d16-5031-5bca-8133-5b771a752ad1,28000,KZT,2026-07-19T09:00:00+00:00,sim-device-05,MOBILE,BASELINE,AUTHORED_NORMAL,Monthly utility payment
dc309fab-ce8b-5938-85b5-878aff6cd6ce,82bca62e-b77b-5728-8342-4b72178174bf,50e05f21-6316-57cf-94f7-961b7de09218,35000,KZT,2026-07-19T10:00:00+00:00,sim-device-05,MOBILE,BASELINE,AUTHORED_NORMAL,Household transfer
790e61fe-67d2-504d-a435-e0d08284621d,82bca62e-b77b-5728-8342-4b72178174bf,bf8fdf9c-ef99-5ee7-937c-aa12b279599d,26000,KZT,2026-07-20T09:00:00+00:00,sim-device-05,MOBILE,BASELINE,AUTHORED_NORMAL,Grocery purchase
c65950d8-e391-5eeb-8b4d-b48646255f06,82bca62e-b77b-5728-8342-4b72178174bf,45965d16-5031-5bca-8133-5b771a752ad1,33000,KZT,2026-07-20T10:00:00+00:00,sim-device-05,MOBILE,BASELINE,AUTHORED_NORMAL,Monthly utility payment
d5c384a8-ab27-5c11-a81e-72c531366485,82bca62e-b77b-5728-8342-4b72178174bf,50e05f21-6316-57cf-94f7-961b7de09218,29000,KZT,2026-07-21T09:00:00+00:00,sim-device-05,MOBILE,BASELINE,AUTHORED_NORMAL,Household transfer
43d5b46a-7f50-55f4-86d8-8b212d412c9a,82bca62e-b77b-5728-8342-4b72178174bf,bf8fdf9c-ef99-5ee7-937c-aa12b279599d,22000,KZT,2026-07-21T10:00:00+00:00,sim-device-05,MOBILE,BASELINE,AUTHORED_NORMAL,Grocery purchase
c74ca9c0-a90e-57dc-886a-b6e785f45b71,82bca62e-b77b-5728-8342-4b72178174bf,45965d16-5031-5bca-8133-5b771a752ad1,31000,KZT,2026-07-22T09:00:00+00:00,sim-device-05,MOBILE,BASELINE,AUTHORED_NORMAL,Monthly utility payment
723c0fb6-9779-5ce0-9b42-5e63073d1f14,82bca62e-b77b-5728-8342-4b72178174bf,50e05f21-6316-57cf-94f7-961b7de09218,28000,KZT,2026-07-22T10:00:00+00:00,sim-device-05,MOBILE,BASELINE,AUTHORED_NORMAL,Household transfer
0bb9c8d7-2934-502e-821c-33e8c8fad47c,82bca62e-b77b-5728-8342-4b72178174bf,bf8fdf9c-ef99-5ee7-937c-aa12b279599d,35000,KZT,2026-07-23T09:00:00+00:00,sim-device-05,MOBILE,BASELINE,AUTHORED_NORMAL,Grocery purchase
418d7c10-231e-5d10-aaf1-f9fff23fc83b,82bca62e-b77b-5728-8342-4b72178174bf,45965d16-5031-5bca-8133-5b771a752ad1,26000,KZT,2026-07-23T10:00:00+00:00,sim-device-05,MOBILE,BASELINE,AUTHORED_NORMAL,Monthly utility payment
ed3f97e7-a429-56fb-bb91-b9e66e92c3df,82bca62e-b77b-5728-8342-4b72178174bf,50e05f21-6316-57cf-94f7-961b7de09218,33000,KZT,2026-07-24T09:00:00+00:00,sim-device-05,MOBILE,BASELINE,AUTHORED_NORMAL,Household transfer
9693e219-f6c9-5f25-8c5d-5df9be87d278,82bca62e-b77b-5728-8342-4b72178174bf,bf8fdf9c-ef99-5ee7-937c-aa12b279599d,29000,KZT,2026-07-24T10:00:00+00:00,sim-device-05,MOBILE,BASELINE,AUTHORED_NORMAL,Grocery purchase
77bdc7a4-ea1b-5bfa-889a-bf98f7995432,82bca62e-b77b-5728-8342-4b72178174bf,45965d16-5031-5bca-8133-5b771a752ad1,22000,KZT,2026-07-25T09:00:00+00:00,sim-device-05,MOBILE,BASELINE,AUTHORED_NORMAL,Monthly utility payment
b256408b-d487-563c-adb8-8b8fd4bfde8e,82bca62e-b77b-5728-8342-4b72178174bf,50e05f21-6316-57cf-94f7-961b7de09218,31000,KZT,2026-07-25T10:00:00+00:00,sim-device-05,MOBILE,BASELINE,AUTHORED_NORMAL,Household transfer
d5f4290e-8557-5adb-a5a7-f18a3ac9a1f9,82bca62e-b77b-5728-8342-4b72178174bf,bf8fdf9c-ef99-5ee7-937c-aa12b279599d,28000,KZT,2026-07-26T09:00:00+00:00,sim-device-05,MOBILE,BASELINE,AUTHORED_NORMAL,Grocery purchase
4513c94c-ecdb-5a9b-be10-b309bea58c8b,82bca62e-b77b-5728-8342-4b72178174bf,45965d16-5031-5bca-8133-5b771a752ad1,35000,KZT,2026-07-26T10:00:00+00:00,sim-device-05,MOBILE,BASELINE,AUTHORED_NORMAL,Monthly utility payment
4d360e00-862e-5e62-b18e-4145d073f8b1,82bca62e-b77b-5728-8342-4b72178174bf,50e05f21-6316-57cf-94f7-961b7de09218,26000,KZT,2026-07-27T09:00:00+00:00,sim-device-05,MOBILE,BASELINE,AUTHORED_NORMAL,Household transfer
2933c865-cf4a-5857-aeeb-134b4029ec04,82bca62e-b77b-5728-8342-4b72178174bf,bf8fdf9c-ef99-5ee7-937c-aa12b279599d,33000,KZT,2026-07-27T10:00:00+00:00,sim-device-05,MOBILE,BASELINE,AUTHORED_NORMAL,Grocery purchase
116b2eca-2447-5b63-80d9-dd26e7e8743a,82bca62e-b77b-5728-8342-4b72178174bf,45965d16-5031-5bca-8133-5b771a752ad1,29000,KZT,2026-07-28T09:00:00+00:00,sim-device-05,MOBILE,BASELINE,AUTHORED_NORMAL,Monthly utility payment
bc36412d-ecf1-5d5c-8444-b1ec8c14fd4b,82bca62e-b77b-5728-8342-4b72178174bf,50e05f21-6316-57cf-94f7-961b7de09218,22000,KZT,2026-07-28T10:00:00+00:00,sim-device-05,MOBILE,BASELINE,AUTHORED_NORMAL,Household transfer
91be257a-55e5-5807-b611-5a7860d606c3,82bca62e-b77b-5728-8342-4b72178174bf,bf8fdf9c-ef99-5ee7-937c-aa12b279599d,31000,KZT,2026-07-29T09:00:00+00:00,sim-device-05,MOBILE,BASELINE,AUTHORED_NORMAL,Grocery purchase
376e7adb-64da-5495-9e69-e32c5eb5114e,82bca62e-b77b-5728-8342-4b72178174bf,45965d16-5031-5bca-8133-5b771a752ad1,28000,KZT,2026-07-29T10:00:00+00:00,sim-device-05,MOBILE,BASELINE,AUTHORED_NORMAL,Monthly utility payment
661aa574-a290-5632-a2d9-e3a27f631651,82bca62e-b77b-5728-8342-4b72178174bf,50e05f21-6316-57cf-94f7-961b7de09218,35000,KZT,2026-07-30T09:00:00+00:00,sim-device-05,MOBILE,BASELINE,AUTHORED_NORMAL,Household transfer
87b3e182-f0e2-5e72-9cd3-3d22da23cdb5,82bca62e-b77b-5728-8342-4b72178174bf,bf8fdf9c-ef99-5ee7-937c-aa12b279599d,26000,KZT,2026-07-30T10:00:00+00:00,sim-device-05,MOBILE,BASELINE,AUTHORED_NORMAL,Grocery purchase
feb28485-81da-5035-a322-9fd20a73a9df,82bca62e-b77b-5728-8342-4b72178174bf,45965d16-5031-5bca-8133-5b771a752ad1,33000,KZT,2026-07-31T09:00:00+00:00,sim-device-05,MOBILE,BASELINE,AUTHORED_NORMAL,Monthly utility payment
d00f7fab-88d5-5618-ba16-a9e5f1d4a1ec,82bca62e-b77b-5728-8342-4b72178174bf,50e05f21-6316-57cf-94f7-961b7de09218,29000,KZT,2026-07-31T10:00:00+00:00,sim-device-05,MOBILE,BASELINE,AUTHORED_NORMAL,Household transfer
c38a39e1-88b9-57b0-9463-0889e62467dc,82bca62e-b77b-5728-8342-4b72178174bf,bf8fdf9c-ef99-5ee7-937c-aa12b279599d,22000,KZT,2026-08-01T09:00:00+00:00,sim-device-05,MOBILE,BASELINE,AUTHORED_NORMAL,Grocery purchase
83ed7d3b-7ab1-5dcc-843d-332c130a15f5,82bca62e-b77b-5728-8342-4b72178174bf,45965d16-5031-5bca-8133-5b771a752ad1,31000,KZT,2026-08-01T10:00:00+00:00,sim-device-05,MOBILE,BASELINE,AUTHORED_NORMAL,Monthly utility payment
cca093cd-4d4e-5b04-8624-04d3d4f59a3b,82bca62e-b77b-5728-8342-4b72178174bf,50e05f21-6316-57cf-94f7-961b7de09218,28000,KZT,2026-08-02T09:00:00+00:00,sim-device-05,MOBILE,BASELINE,AUTHORED_NORMAL,Household transfer
b4bac0f4-76d4-510a-9d64-dc62ce03822e,82bca62e-b77b-5728-8342-4b72178174bf,bf8fdf9c-ef99-5ee7-937c-aa12b279599d,35000,KZT,2026-08-02T10:00:00+00:00,sim-device-05,MOBILE,BASELINE,AUTHORED_NORMAL,Grocery purchase
91df7a39-b41f-5b49-aea4-de42845a05a9,82bca62e-b77b-5728-8342-4b72178174bf,45965d16-5031-5bca-8133-5b771a752ad1,26000,KZT,2026-08-03T09:00:00+00:00,sim-device-05,MOBILE,BASELINE,AUTHORED_NORMAL,Monthly utility payment
b6bbe3f8-92dd-5f0d-acf9-9a73a741ec64,82bca62e-b77b-5728-8342-4b72178174bf,50e05f21-6316-57cf-94f7-961b7de09218,33000,KZT,2026-08-03T10:00:00+00:00,sim-device-05,MOBILE,BASELINE,AUTHORED_NORMAL,Household transfer
30903ea2-05e2-578a-88bb-4fa3b4b86f7b,82bca62e-b77b-5728-8342-4b72178174bf,bf8fdf9c-ef99-5ee7-937c-aa12b279599d,29000,KZT,2026-08-04T09:00:00+00:00,sim-device-05,MOBILE,BASELINE,AUTHORED_NORMAL,Grocery purchase
57a361c6-65ef-5aba-97cd-748fa4cca91c,82bca62e-b77b-5728-8342-4b72178174bf,45965d16-5031-5bca-8133-5b771a752ad1,22000,KZT,2026-08-04T10:00:00+00:00,sim-device-05,MOBILE,BASELINE,AUTHORED_NORMAL,Monthly utility payment
26f4c7ee-7ffb-5b0e-8dde-a84af073eea1,82bca62e-b77b-5728-8342-4b72178174bf,50e05f21-6316-57cf-94f7-961b7de09218,31000,KZT,2026-08-05T09:00:00+00:00,sim-device-05,MOBILE,BASELINE,AUTHORED_NORMAL,Household transfer
b59be411-a293-507d-ab4e-7236631bd472,82bca62e-b77b-5728-8342-4b72178174bf,bf8fdf9c-ef99-5ee7-937c-aa12b279599d,28000,KZT,2026-08-05T10:00:00+00:00,sim-device-05,MOBILE,BASELINE,AUTHORED_NORMAL,Grocery purchase
3a2434c1-73b3-5edb-aa92-5bb3008abc27,82bca62e-b77b-5728-8342-4b72178174bf,45965d16-5031-5bca-8133-5b771a752ad1,35000,KZT,2026-08-06T09:00:00+00:00,sim-device-05,MOBILE,BASELINE,AUTHORED_NORMAL,Monthly utility payment
e7a513fd-f552-5372-9f33-f8427b94b769,82bca62e-b77b-5728-8342-4b72178174bf,50e05f21-6316-57cf-94f7-961b7de09218,26000,KZT,2026-08-06T10:00:00+00:00,sim-device-05,MOBILE,BASELINE,AUTHORED_NORMAL,Household transfer
71a8b9bc-b6dc-5695-aedd-0205165f38eb,82bca62e-b77b-5728-8342-4b72178174bf,bf8fdf9c-ef99-5ee7-937c-aa12b279599d,33000,KZT,2026-08-07T09:00:00+00:00,sim-device-05,MOBILE,BASELINE,AUTHORED_NORMAL,Grocery purchase
611f404d-23c8-5fde-b085-c04a393cc300,82bca62e-b77b-5728-8342-4b72178174bf,45965d16-5031-5bca-8133-5b771a752ad1,29000,KZT,2026-08-07T10:00:00+00:00,sim-device-05,MOBILE,BASELINE,AUTHORED_NORMAL,Monthly utility payment
b9a8bd1d-e44f-5583-9c53-496c2768f4d9,82bca62e-b77b-5728-8342-4b72178174bf,50e05f21-6316-57cf-94f7-961b7de09218,22000,KZT,2026-08-08T09:00:00+00:00,sim-device-05,MOBILE,BASELINE,AUTHORED_NORMAL,Household transfer
aa576ca1-f80d-522a-8c6d-c7f5d9b454cd,82bca62e-b77b-5728-8342-4b72178174bf,bf8fdf9c-ef99-5ee7-937c-aa12b279599d,31000,KZT,2026-08-08T10:00:00+00:00,sim-device-05,MOBILE,BASELINE,AUTHORED_NORMAL,Grocery purchase
b4fbedb5-6f7e-56aa-aa00-468046a771db,82bca62e-b77b-5728-8342-4b72178174bf,45965d16-5031-5bca-8133-5b771a752ad1,28000,KZT,2026-08-09T09:00:00+00:00,sim-device-05,MOBILE,BASELINE,AUTHORED_NORMAL,Monthly utility payment
46f27e18-2c95-5eec-905c-e3a14b360c10,82bca62e-b77b-5728-8342-4b72178174bf,50e05f21-6316-57cf-94f7-961b7de09218,35000,KZT,2026-08-09T10:00:00+00:00,sim-device-05,MOBILE,BASELINE,AUTHORED_NORMAL,Household transfer
f38e5c54-9506-56a7-b4f5-0f05b39441fe,82bca62e-b77b-5728-8342-4b72178174bf,bf8fdf9c-ef99-5ee7-937c-aa12b279599d,26000,KZT,2026-08-10T09:00:00+00:00,sim-device-05,MOBILE,BASELINE,AUTHORED_NORMAL,Grocery purchase
08c28408-5d8c-5b82-957b-ba79dd0a7883,82bca62e-b77b-5728-8342-4b72178174bf,45965d16-5031-5bca-8133-5b771a752ad1,33000,KZT,2026-08-10T10:00:00+00:00,sim-device-05,MOBILE,BASELINE,AUTHORED_NORMAL,Monthly utility payment
cf27e8ca-fd6d-5436-a65e-b9529e9f315b,82bca62e-b77b-5728-8342-4b72178174bf,50e05f21-6316-57cf-94f7-961b7de09218,29000,KZT,2026-08-11T09:00:00+00:00,sim-device-05,MOBILE,BASELINE,AUTHORED_NORMAL,Household transfer
35dad540-46da-563c-bfe8-383343ad4823,82bca62e-b77b-5728-8342-4b72178174bf,bf8fdf9c-ef99-5ee7-937c-aa12b279599d,22000,KZT,2026-08-11T10:00:00+00:00,sim-device-05,MOBILE,BASELINE,AUTHORED_NORMAL,Grocery purchase
90fef6c5-83da-5673-9c20-797761c7758f,82bca62e-b77b-5728-8342-4b72178174bf,45965d16-5031-5bca-8133-5b771a752ad1,31000,KZT,2026-08-12T09:00:00+00:00,sim-device-05,MOBILE,BASELINE,AUTHORED_NORMAL,Monthly utility payment
6a96e50d-789f-58c4-9854-d152f6ae47dc,82bca62e-b77b-5728-8342-4b72178174bf,50e05f21-6316-57cf-94f7-961b7de09218,28000,KZT,2026-08-12T10:00:00+00:00,sim-device-05,MOBILE,BASELINE,AUTHORED_NORMAL,Household transfer
88e6897e-50c7-5796-b067-1e8194547eee,82bca62e-b77b-5728-8342-4b72178174bf,bf8fdf9c-ef99-5ee7-937c-aa12b279599d,35000,KZT,2026-08-13T09:00:00+00:00,sim-device-05,MOBILE,BASELINE,AUTHORED_NORMAL,Grocery purchase
61814c11-16a3-5e47-8e06-dbe4eacdc616,82bca62e-b77b-5728-8342-4b72178174bf,45965d16-5031-5bca-8133-5b771a752ad1,26000,KZT,2026-08-13T10:00:00+00:00,sim-device-05,MOBILE,BASELINE,AUTHORED_NORMAL,Monthly utility payment
29ce36fe-f38b-5b99-884f-7e55aadee439,82bca62e-b77b-5728-8342-4b72178174bf,50e05f21-6316-57cf-94f7-961b7de09218,33000,KZT,2026-08-14T09:00:00+00:00,sim-device-05,MOBILE,BASELINE,AUTHORED_NORMAL,Household transfer
fc3c506b-7b77-5d37-a2f8-b493c7d21faa,82bca62e-b77b-5728-8342-4b72178174bf,bf8fdf9c-ef99-5ee7-937c-aa12b279599d,29000,KZT,2026-08-14T10:00:00+00:00,sim-device-05,MOBILE,BASELINE,AUTHORED_NORMAL,Grocery purchase
456c22ec-8ff3-5bee-bc6e-90602f2dbb74,82bca62e-b77b-5728-8342-4b72178174bf,45965d16-5031-5bca-8133-5b771a752ad1,22000,KZT,2026-08-15T09:00:00+00:00,sim-device-05,MOBILE,BASELINE,AUTHORED_NORMAL,Monthly utility payment
2a95f9dc-fedc-50c4-9b5d-35e1e540c26b,82bca62e-b77b-5728-8342-4b72178174bf,50e05f21-6316-57cf-94f7-961b7de09218,31000,KZT,2026-08-15T10:00:00+00:00,sim-device-05,MOBILE,BASELINE,AUTHORED_NORMAL,Household transfer
f27df5c7-7d3c-504c-b7b0-c3b5acf1a831,82bca62e-b77b-5728-8342-4b72178174bf,bf8fdf9c-ef99-5ee7-937c-aa12b279599d,28000,KZT,2026-08-16T09:00:00+00:00,sim-device-05,MOBILE,BASELINE,AUTHORED_NORMAL,Grocery purchase
697a3b18-119b-588f-b444-179cbb398e47,82bca62e-b77b-5728-8342-4b72178174bf,45965d16-5031-5bca-8133-5b771a752ad1,35000,KZT,2026-08-16T10:00:00+00:00,sim-device-05,MOBILE,BASELINE,AUTHORED_NORMAL,Monthly utility payment
9e9661a4-17f2-5617-b034-2028d5b2d56e,82bca62e-b77b-5728-8342-4b72178174bf,50e05f21-6316-57cf-94f7-961b7de09218,26000,KZT,2026-08-17T09:00:00+00:00,sim-device-05,MOBILE,BASELINE,AUTHORED_NORMAL,Household transfer
25e4073e-7fa3-56f8-bfd3-73e44d51dc67,82bca62e-b77b-5728-8342-4b72178174bf,bf8fdf9c-ef99-5ee7-937c-aa12b279599d,33000,KZT,2026-08-17T10:00:00+00:00,sim-device-05,MOBILE,BASELINE,AUTHORED_NORMAL,Grocery purchase
db587421-3a5d-5543-9de7-43d770f36933,82bca62e-b77b-5728-8342-4b72178174bf,45965d16-5031-5bca-8133-5b771a752ad1,29000,KZT,2026-08-18T09:00:00+00:00,sim-device-05,MOBILE,BASELINE,AUTHORED_NORMAL,Monthly utility payment
d75649a1-a9f1-5b2b-b7b4-e20a0421c93b,82bca62e-b77b-5728-8342-4b72178174bf,50e05f21-6316-57cf-94f7-961b7de09218,22000,KZT,2026-08-18T10:00:00+00:00,sim-device-05,MOBILE,BASELINE,AUTHORED_NORMAL,Household transfer
1bada882-c779-5da3-84b2-1002ec7e4cd4,82bca62e-b77b-5728-8342-4b72178174bf,bf8fdf9c-ef99-5ee7-937c-aa12b279599d,31000,KZT,2026-08-19T09:00:00+00:00,sim-device-05,MOBILE,BASELINE,AUTHORED_NORMAL,Grocery purchase
fd4dce45-5617-5ba7-9309-3b4c1929e17b,82bca62e-b77b-5728-8342-4b72178174bf,45965d16-5031-5bca-8133-5b771a752ad1,28000,KZT,2026-08-19T10:00:00+00:00,sim-device-05,MOBILE,BASELINE,AUTHORED_NORMAL,Monthly utility payment
25a60743-9e98-5f92-a60f-3f6a7fc6333f,82bca62e-b77b-5728-8342-4b72178174bf,50e05f21-6316-57cf-94f7-961b7de09218,35000,KZT,2026-08-20T09:00:00+00:00,sim-device-05,MOBILE,BASELINE,AUTHORED_NORMAL,Household transfer
64521f86-289f-5c51-86a3-24082c1f499a,82bca62e-b77b-5728-8342-4b72178174bf,bf8fdf9c-ef99-5ee7-937c-aa12b279599d,26000,KZT,2026-08-20T10:00:00+00:00,sim-device-05,MOBILE,BASELINE,AUTHORED_NORMAL,Grocery purchase
1de2cad4-01e4-5a4c-b26e-db461f9fdc6e,82bca62e-b77b-5728-8342-4b72178174bf,45965d16-5031-5bca-8133-5b771a752ad1,33000,KZT,2026-08-21T09:00:00+00:00,sim-device-05,MOBILE,BASELINE,AUTHORED_NORMAL,Monthly utility payment
f9c46a45-a9ea-5e1d-9441-0d4bbc0de454,82bca62e-b77b-5728-8342-4b72178174bf,50e05f21-6316-57cf-94f7-961b7de09218,29000,KZT,2026-08-21T10:00:00+00:00,sim-device-05,MOBILE,BASELINE,AUTHORED_NORMAL,Household transfer
8076743c-b5c5-5c5d-8e99-0b3bbd29184b,82bca62e-b77b-5728-8342-4b72178174bf,bf8fdf9c-ef99-5ee7-937c-aa12b279599d,22000,KZT,2026-08-22T09:00:00+00:00,sim-device-05,MOBILE,BASELINE,AUTHORED_NORMAL,Grocery purchase
c68843ba-f950-54c2-81c6-27c8f0b671a4,82bca62e-b77b-5728-8342-4b72178174bf,45965d16-5031-5bca-8133-5b771a752ad1,31000,KZT,2026-08-22T10:00:00+00:00,sim-device-05,MOBILE,BASELINE,AUTHORED_NORMAL,Monthly utility payment
c97066ef-9e26-597e-aca2-02c9ba63477f,82bca62e-b77b-5728-8342-4b72178174bf,50e05f21-6316-57cf-94f7-961b7de09218,28000,KZT,2026-08-23T09:00:00+00:00,sim-device-05,MOBILE,BASELINE,AUTHORED_NORMAL,Household transfer
665c90ce-1309-5ace-b068-62260f135e48,82bca62e-b77b-5728-8342-4b72178174bf,bf8fdf9c-ef99-5ee7-937c-aa12b279599d,35000,KZT,2026-08-23T10:00:00+00:00,sim-device-05,MOBILE,BASELINE,AUTHORED_NORMAL,Grocery purchase
b91e4932-ade3-5894-a912-d2ee8e44a18f,82bca62e-b77b-5728-8342-4b72178174bf,45965d16-5031-5bca-8133-5b771a752ad1,26000,KZT,2026-08-24T09:00:00+00:00,sim-device-05,MOBILE,BASELINE,AUTHORED_NORMAL,Monthly utility payment
130da081-7f61-5d5b-a4df-cf840d3a49cd,82bca62e-b77b-5728-8342-4b72178174bf,50e05f21-6316-57cf-94f7-961b7de09218,33000,KZT,2026-08-24T10:00:00+00:00,sim-device-05,MOBILE,BASELINE,AUTHORED_NORMAL,Household transfer
ac0e5c23-4276-52ec-8a97-87dbaabd6ce5,82bca62e-b77b-5728-8342-4b72178174bf,bf8fdf9c-ef99-5ee7-937c-aa12b279599d,29000,KZT,2026-08-25T09:00:00+00:00,sim-device-05,MOBILE,BASELINE,AUTHORED_NORMAL,Grocery purchase
0eb2fa8a-625c-5a20-8c3f-d433e6e67c3c,82bca62e-b77b-5728-8342-4b72178174bf,45965d16-5031-5bca-8133-5b771a752ad1,22000,KZT,2026-08-25T10:00:00+00:00,sim-device-05,MOBILE,BASELINE,AUTHORED_NORMAL,Monthly utility payment
68e6fca2-64bc-5940-bf25-74184317950d,82bca62e-b77b-5728-8342-4b72178174bf,50e05f21-6316-57cf-94f7-961b7de09218,31000,KZT,2026-08-26T09:00:00+00:00,sim-device-05,MOBILE,BASELINE,AUTHORED_NORMAL,Household transfer
005257a4-e166-59fd-9f0e-f3849fb8cbb5,82bca62e-b77b-5728-8342-4b72178174bf,bf8fdf9c-ef99-5ee7-937c-aa12b279599d,28000,KZT,2026-08-26T10:00:00+00:00,sim-device-05,MOBILE,BASELINE,AUTHORED_NORMAL,Grocery purchase
3aa662d1-7368-5482-b6ff-9d9acd7ac6ad,82bca62e-b77b-5728-8342-4b72178174bf,45965d16-5031-5bca-8133-5b771a752ad1,35000,KZT,2026-08-27T09:00:00+00:00,sim-device-05,MOBILE,BASELINE,AUTHORED_NORMAL,Monthly utility payment
e193271e-f8d9-55e8-91df-f95ff2e93d34,82bca62e-b77b-5728-8342-4b72178174bf,50e05f21-6316-57cf-94f7-961b7de09218,26000,KZT,2026-08-27T10:00:00+00:00,sim-device-05,MOBILE,BASELINE,AUTHORED_NORMAL,Household transfer
be38aae3-4e16-50dc-af4a-d22dcbb175fe,82bca62e-b77b-5728-8342-4b72178174bf,bf8fdf9c-ef99-5ee7-937c-aa12b279599d,33000,KZT,2026-08-28T09:00:00+00:00,sim-device-05,MOBILE,BASELINE,AUTHORED_NORMAL,Grocery purchase
ac6ed5d1-e5d5-5ea9-a9df-3fcdda899465,82bca62e-b77b-5728-8342-4b72178174bf,45965d16-5031-5bca-8133-5b771a752ad1,29000,KZT,2026-08-28T10:00:00+00:00,sim-device-05,MOBILE,BASELINE,AUTHORED_NORMAL,Monthly utility payment
c877a144-3b40-5730-91a5-c95c87842032,82bca62e-b77b-5728-8342-4b72178174bf,50e05f21-6316-57cf-94f7-961b7de09218,22000,KZT,2026-08-29T09:00:00+00:00,sim-device-05,MOBILE,BASELINE,AUTHORED_NORMAL,Household transfer
6f5601d9-e9d7-5ad8-965d-f2153f6dcc4b,82bca62e-b77b-5728-8342-4b72178174bf,bf8fdf9c-ef99-5ee7-937c-aa12b279599d,31000,KZT,2026-08-29T10:00:00+00:00,sim-device-05,MOBILE,BASELINE,AUTHORED_NORMAL,Grocery purchase
04461744-0e90-5dcf-b016-9c68bf8feb80,82bca62e-b77b-5728-8342-4b72178174bf,45965d16-5031-5bca-8133-5b771a752ad1,28000,KZT,2026-08-30T09:00:00+00:00,sim-device-05,MOBILE,BASELINE,AUTHORED_NORMAL,Monthly utility payment
a86dc235-93d4-5842-8786-c2207cb3dd4d,82bca62e-b77b-5728-8342-4b72178174bf,50e05f21-6316-57cf-94f7-961b7de09218,35000,KZT,2026-08-30T10:00:00+00:00,sim-device-05,MOBILE,BASELINE,AUTHORED_NORMAL,Household transfer
44ab6c5b-12f6-54a2-ae71-a2e106114ba4,82bca62e-b77b-5728-8342-4b72178174bf,bf8fdf9c-ef99-5ee7-937c-aa12b279599d,26000,KZT,2026-08-31T09:00:00+00:00,sim-device-05,MOBILE,BASELINE,AUTHORED_NORMAL,Grocery purchase
881f1f8c-ebb6-5d20-a608-f70c964b60a2,82bca62e-b77b-5728-8342-4b72178174bf,45965d16-5031-5bca-8133-5b771a752ad1,33000,KZT,2026-08-31T10:00:00+00:00,sim-device-05,MOBILE,BASELINE,AUTHORED_NORMAL,Monthly utility payment
b2bc29ab-7212-5172-a194-12160e2131c9,82bca62e-b77b-5728-8342-4b72178174bf,50e05f21-6316-57cf-94f7-961b7de09218,29000,KZT,2026-09-01T09:00:00+00:00,sim-device-05,MOBILE,BASELINE,AUTHORED_NORMAL,Household transfer
f9fefd3b-a465-5fad-bf36-31033dc8ea02,82bca62e-b77b-5728-8342-4b72178174bf,bf8fdf9c-ef99-5ee7-937c-aa12b279599d,22000,KZT,2026-09-01T10:00:00+00:00,sim-device-05,MOBILE,BASELINE,AUTHORED_NORMAL,Grocery purchase
79991d97-95fd-5ce5-a66e-5145b3c442c8,82bca62e-b77b-5728-8342-4b72178174bf,45965d16-5031-5bca-8133-5b771a752ad1,31000,KZT,2026-09-02T09:00:00+00:00,sim-device-05,MOBILE,BASELINE,AUTHORED_NORMAL,Monthly utility payment
4aefb0cc-36d1-5b35-bb1c-76bee5cbdc4d,82bca62e-b77b-5728-8342-4b72178174bf,50e05f21-6316-57cf-94f7-961b7de09218,28000,KZT,2026-09-02T10:00:00+00:00,sim-device-05,MOBILE,BASELINE,AUTHORED_NORMAL,Household transfer
126a6bae-ca1d-5c31-86b3-fbd55db4abb7,82bca62e-b77b-5728-8342-4b72178174bf,bf8fdf9c-ef99-5ee7-937c-aa12b279599d,35000,KZT,2026-09-03T09:00:00+00:00,sim-device-05,MOBILE,BASELINE,AUTHORED_NORMAL,Grocery purchase
c4a4c398-4ed2-5fe2-bfe6-0a59d948926b,82bca62e-b77b-5728-8342-4b72178174bf,45965d16-5031-5bca-8133-5b771a752ad1,26000,KZT,2026-09-03T10:00:00+00:00,sim-device-05,MOBILE,BASELINE,AUTHORED_NORMAL,Monthly utility payment
5d3c80be-6f48-5356-a7f9-c68a0d41c4a3,82bca62e-b77b-5728-8342-4b72178174bf,50e05f21-6316-57cf-94f7-961b7de09218,33000,KZT,2026-09-04T09:00:00+00:00,sim-device-05,MOBILE,BASELINE,AUTHORED_NORMAL,Household transfer
715832e3-0f54-5c8f-b031-9280ef96fb3a,82bca62e-b77b-5728-8342-4b72178174bf,bf8fdf9c-ef99-5ee7-937c-aa12b279599d,29000,KZT,2026-09-04T10:00:00+00:00,sim-device-05,MOBILE,BASELINE,AUTHORED_NORMAL,Grocery purchase
bed39025-614a-5d57-93fc-876fb3c507ba,82bca62e-b77b-5728-8342-4b72178174bf,45965d16-5031-5bca-8133-5b771a752ad1,22000,KZT,2026-09-05T09:00:00+00:00,sim-device-05,MOBILE,BASELINE,AUTHORED_NORMAL,Monthly utility payment
dd07af52-f5aa-5d97-b765-64764cb8c3ab,82bca62e-b77b-5728-8342-4b72178174bf,50e05f21-6316-57cf-94f7-961b7de09218,31000,KZT,2026-09-05T10:00:00+00:00,sim-device-05,MOBILE,BASELINE,AUTHORED_NORMAL,Household transfer
0060f148-64f5-5467-afd9-3ef271926c47,82bca62e-b77b-5728-8342-4b72178174bf,bf8fdf9c-ef99-5ee7-937c-aa12b279599d,28000,KZT,2026-09-06T09:00:00+00:00,sim-device-05,MOBILE,BASELINE,AUTHORED_NORMAL,Grocery purchase
9c92f6f4-ed45-57cf-bd6c-e560fb31a3d7,82bca62e-b77b-5728-8342-4b72178174bf,45965d16-5031-5bca-8133-5b771a752ad1,35000,KZT,2026-09-06T10:00:00+00:00,sim-device-05,MOBILE,BASELINE,AUTHORED_NORMAL,Monthly utility payment
4b07bd4c-d582-5525-af67-e89fbea658e8,82bca62e-b77b-5728-8342-4b72178174bf,50e05f21-6316-57cf-94f7-961b7de09218,26000,KZT,2026-09-07T09:00:00+00:00,sim-device-05,MOBILE,BASELINE,AUTHORED_NORMAL,Household transfer
c6de6c2f-10e6-5741-9286-9c87e031b01f,82bca62e-b77b-5728-8342-4b72178174bf,bf8fdf9c-ef99-5ee7-937c-aa12b279599d,33000,KZT,2026-09-07T10:00:00+00:00,sim-device-05,MOBILE,BASELINE,AUTHORED_NORMAL,Grocery purchase
b213774b-73e9-5aa3-97fb-3f7c121e3692,82bca62e-b77b-5728-8342-4b72178174bf,45965d16-5031-5bca-8133-5b771a752ad1,29000,KZT,2026-09-08T09:00:00+00:00,sim-device-05,MOBILE,BASELINE,AUTHORED_NORMAL,Monthly utility payment
c73af886-7f17-5563-bd46-753ef9e9cb7c,82bca62e-b77b-5728-8342-4b72178174bf,50e05f21-6316-57cf-94f7-961b7de09218,22000,KZT,2026-09-08T10:00:00+00:00,sim-device-05,MOBILE,BASELINE,AUTHORED_NORMAL,Household transfer
6183a2c4-b0ad-5424-a0c6-264205dd231b,82bca62e-b77b-5728-8342-4b72178174bf,bf8fdf9c-ef99-5ee7-937c-aa12b279599d,31000,KZT,2026-09-09T09:00:00+00:00,sim-device-05,MOBILE,BASELINE,AUTHORED_NORMAL,Grocery purchase
2f40e204-e2f0-5fb8-9899-291a22ef2069,82bca62e-b77b-5728-8342-4b72178174bf,45965d16-5031-5bca-8133-5b771a752ad1,28000,KZT,2026-09-09T10:00:00+00:00,sim-device-05,MOBILE,BASELINE,AUTHORED_NORMAL,Monthly utility payment
7d444b1d-ad11-5b0b-9df4-fcf742404d87,82bca62e-b77b-5728-8342-4b72178174bf,50e05f21-6316-57cf-94f7-961b7de09218,35000,KZT,2026-09-10T09:00:00+00:00,sim-device-05,MOBILE,BASELINE,AUTHORED_NORMAL,Household transfer
1c797bdd-057e-5b43-8ef8-3af5942124bc,82bca62e-b77b-5728-8342-4b72178174bf,bf8fdf9c-ef99-5ee7-937c-aa12b279599d,26000,KZT,2026-09-10T10:00:00+00:00,sim-device-05,MOBILE,BASELINE,AUTHORED_NORMAL,Grocery purchase
a556dd71-f3a5-53fd-be34-b9eb621acdd7,82bca62e-b77b-5728-8342-4b72178174bf,45965d16-5031-5bca-8133-5b771a752ad1,33000,KZT,2026-09-11T09:00:00+00:00,sim-device-05,MOBILE,BASELINE,AUTHORED_NORMAL,Monthly utility payment
bf8e3ce4-0b9a-5913-83f6-1c7f63c44e1d,82bca62e-b77b-5728-8342-4b72178174bf,50e05f21-6316-57cf-94f7-961b7de09218,29000,KZT,2026-09-11T10:00:00+00:00,sim-device-05,MOBILE,BASELINE,AUTHORED_NORMAL,Household transfer
3911d742-8e60-58fa-8aa1-8753fb949ca2,82bca62e-b77b-5728-8342-4b72178174bf,bf8fdf9c-ef99-5ee7-937c-aa12b279599d,22000,KZT,2026-09-12T09:00:00+00:00,sim-device-05,MOBILE,BASELINE,AUTHORED_NORMAL,Grocery purchase
573a0c48-10f1-5511-b2d4-21421f0ddc1a,82bca62e-b77b-5728-8342-4b72178174bf,45965d16-5031-5bca-8133-5b771a752ad1,31000,KZT,2026-09-12T10:00:00+00:00,sim-device-05,MOBILE,BASELINE,AUTHORED_NORMAL,Monthly utility payment
e1378e43-1d22-583a-ae07-fd406b428dd0,82bca62e-b77b-5728-8342-4b72178174bf,50e05f21-6316-57cf-94f7-961b7de09218,28000,KZT,2026-09-13T09:00:00+00:00,sim-device-05,MOBILE,BASELINE,AUTHORED_NORMAL,Household transfer
1828d33e-48e0-536f-bdd9-18caa894848c,82bca62e-b77b-5728-8342-4b72178174bf,bf8fdf9c-ef99-5ee7-937c-aa12b279599d,35000,KZT,2026-09-13T10:00:00+00:00,sim-device-05,MOBILE,BASELINE,AUTHORED_NORMAL,Grocery purchase
08b8cca3-8560-53de-b129-b6be75a55af6,82bca62e-b77b-5728-8342-4b72178174bf,45965d16-5031-5bca-8133-5b771a752ad1,26000,KZT,2026-09-14T09:00:00+00:00,sim-device-05,MOBILE,BASELINE,AUTHORED_NORMAL,Monthly utility payment
e1f2f754-d0aa-5371-a517-56d458272ed7,82bca62e-b77b-5728-8342-4b72178174bf,50e05f21-6316-57cf-94f7-961b7de09218,33000,KZT,2026-09-14T10:00:00+00:00,sim-device-05,MOBILE,BASELINE,AUTHORED_NORMAL,Household transfer
da9b6423-2705-5727-bf97-38bcfb50a3e8,82bca62e-b77b-5728-8342-4b72178174bf,bf8fdf9c-ef99-5ee7-937c-aa12b279599d,29000,KZT,2026-09-15T09:00:00+00:00,sim-device-05,MOBILE,BASELINE,AUTHORED_NORMAL,Grocery purchase
1a6062b2-e4cf-5773-958e-a0d7a3416c3a,82bca62e-b77b-5728-8342-4b72178174bf,45965d16-5031-5bca-8133-5b771a752ad1,22000,KZT,2026-09-15T10:00:00+00:00,sim-device-05,MOBILE,BASELINE,AUTHORED_NORMAL,Monthly utility payment
0c7af1d3-f0c0-557f-909e-2ad1e92995d0,82bca62e-b77b-5728-8342-4b72178174bf,50e05f21-6316-57cf-94f7-961b7de09218,31000,KZT,2026-09-16T09:00:00+00:00,sim-device-05,MOBILE,BASELINE,AUTHORED_NORMAL,Household transfer
2b441707-c6fa-51fe-b22f-2ddc9e66763f,82bca62e-b77b-5728-8342-4b72178174bf,bf8fdf9c-ef99-5ee7-937c-aa12b279599d,28000,KZT,2026-09-16T10:00:00+00:00,sim-device-05,MOBILE,BASELINE,AUTHORED_NORMAL,Grocery purchase
7e73366a-f272-5561-bce8-9f7f22c84f55,82bca62e-b77b-5728-8342-4b72178174bf,45965d16-5031-5bca-8133-5b771a752ad1,35000,KZT,2026-09-17T09:00:00+00:00,sim-device-05,MOBILE,BASELINE,AUTHORED_NORMAL,Monthly utility payment
5620cc23-9169-55b9-b50f-722bbdfec447,82bca62e-b77b-5728-8342-4b72178174bf,50e05f21-6316-57cf-94f7-961b7de09218,26000,KZT,2026-09-17T10:00:00+00:00,sim-device-05,MOBILE,BASELINE,AUTHORED_NORMAL,Household transfer
a8b6fddc-e7a6-5877-ae80-4a95f2694a50,82bca62e-b77b-5728-8342-4b72178174bf,bf8fdf9c-ef99-5ee7-937c-aa12b279599d,33000,KZT,2026-09-18T09:00:00+00:00,sim-device-05,MOBILE,BASELINE,AUTHORED_NORMAL,Grocery purchase
3dbc4368-cad5-5838-ac4d-0f29cfb68dcb,82bca62e-b77b-5728-8342-4b72178174bf,45965d16-5031-5bca-8133-5b771a752ad1,29000,KZT,2026-09-18T10:00:00+00:00,sim-device-05,MOBILE,BASELINE,AUTHORED_NORMAL,Monthly utility payment
913424d6-1f76-50ce-812a-bcf442be7401,82bca62e-b77b-5728-8342-4b72178174bf,50e05f21-6316-57cf-94f7-961b7de09218,22000,KZT,2026-09-19T09:00:00+00:00,sim-device-05,MOBILE,BASELINE,AUTHORED_NORMAL,Household transfer
986756c4-f7a5-505b-9e70-1cc078a32276,82bca62e-b77b-5728-8342-4b72178174bf,bf8fdf9c-ef99-5ee7-937c-aa12b279599d,31000,KZT,2026-09-19T10:00:00+00:00,sim-device-05,MOBILE,BASELINE,AUTHORED_NORMAL,Grocery purchase
783464d9-2541-5ffb-89af-b253296886df,29c05c2c-19f0-5e72-bb10-5da2034da31d,8ecd23f2-83be-57cd-ae65-fccef975ae31,29000,KZT,2026-06-12T09:00:00+00:00,sim-device-06,MOBILE,BASELINE,AUTHORED_NORMAL,Household transfer
341b3a28-483f-5a93-b5d0-55856e013e8b,29c05c2c-19f0-5e72-bb10-5da2034da31d,3a0193eb-996c-5d2a-a3ae-e623d5e8a144,22000,KZT,2026-06-12T10:00:00+00:00,sim-device-06,MOBILE,BASELINE,AUTHORED_NORMAL,Grocery purchase
74b2742c-fdc9-57f6-b60d-2537154ec305,29c05c2c-19f0-5e72-bb10-5da2034da31d,29e76ee8-a66a-5d08-8a30-6c0f12df49c4,31000,KZT,2026-06-13T09:00:00+00:00,sim-device-06,MOBILE,BASELINE,AUTHORED_NORMAL,Monthly utility payment
d8e69664-8dc4-514b-9ef7-c811ba2f227f,29c05c2c-19f0-5e72-bb10-5da2034da31d,8ecd23f2-83be-57cd-ae65-fccef975ae31,28000,KZT,2026-06-13T10:00:00+00:00,sim-device-06,MOBILE,BASELINE,AUTHORED_NORMAL,Household transfer
5aac2c76-1cfb-55eb-832e-448909985158,29c05c2c-19f0-5e72-bb10-5da2034da31d,3a0193eb-996c-5d2a-a3ae-e623d5e8a144,35000,KZT,2026-06-14T09:00:00+00:00,sim-device-06,MOBILE,BASELINE,AUTHORED_NORMAL,Grocery purchase
bf720468-bff4-5df0-bc80-88a3a02463c4,29c05c2c-19f0-5e72-bb10-5da2034da31d,29e76ee8-a66a-5d08-8a30-6c0f12df49c4,26000,KZT,2026-06-14T10:00:00+00:00,sim-device-06,MOBILE,BASELINE,AUTHORED_NORMAL,Monthly utility payment
fd9b26f2-df93-500f-8ccf-5c9c64b14548,29c05c2c-19f0-5e72-bb10-5da2034da31d,8ecd23f2-83be-57cd-ae65-fccef975ae31,33000,KZT,2026-06-15T09:00:00+00:00,sim-device-06,MOBILE,BASELINE,AUTHORED_NORMAL,Household transfer
2cec754f-a035-57cc-85ff-dec3b6db0b5e,29c05c2c-19f0-5e72-bb10-5da2034da31d,3a0193eb-996c-5d2a-a3ae-e623d5e8a144,29000,KZT,2026-06-15T10:00:00+00:00,sim-device-06,MOBILE,BASELINE,AUTHORED_NORMAL,Grocery purchase
b4eb62a7-eeef-5225-9b50-7d6fd66ec621,29c05c2c-19f0-5e72-bb10-5da2034da31d,29e76ee8-a66a-5d08-8a30-6c0f12df49c4,22000,KZT,2026-06-16T09:00:00+00:00,sim-device-06,MOBILE,BASELINE,AUTHORED_NORMAL,Monthly utility payment
c75dce10-3b02-55f3-8709-28b1e6a07f24,29c05c2c-19f0-5e72-bb10-5da2034da31d,8ecd23f2-83be-57cd-ae65-fccef975ae31,31000,KZT,2026-06-16T10:00:00+00:00,sim-device-06,MOBILE,BASELINE,AUTHORED_NORMAL,Household transfer
e30426c2-62bb-5a4a-b4e9-7c115910948b,29c05c2c-19f0-5e72-bb10-5da2034da31d,3a0193eb-996c-5d2a-a3ae-e623d5e8a144,28000,KZT,2026-06-17T09:00:00+00:00,sim-device-06,MOBILE,BASELINE,AUTHORED_NORMAL,Grocery purchase
f2a9bf89-9f74-5874-bb38-e38727dfb3eb,29c05c2c-19f0-5e72-bb10-5da2034da31d,29e76ee8-a66a-5d08-8a30-6c0f12df49c4,35000,KZT,2026-06-17T10:00:00+00:00,sim-device-06,MOBILE,BASELINE,AUTHORED_NORMAL,Monthly utility payment
677a2523-a99e-5182-b0ae-1ddc82b3a2eb,29c05c2c-19f0-5e72-bb10-5da2034da31d,8ecd23f2-83be-57cd-ae65-fccef975ae31,26000,KZT,2026-06-18T09:00:00+00:00,sim-device-06,MOBILE,BASELINE,AUTHORED_NORMAL,Household transfer
85f716ce-108f-57e0-a3e3-5b92e2ea688c,29c05c2c-19f0-5e72-bb10-5da2034da31d,3a0193eb-996c-5d2a-a3ae-e623d5e8a144,33000,KZT,2026-06-18T10:00:00+00:00,sim-device-06,MOBILE,BASELINE,AUTHORED_NORMAL,Grocery purchase
5786595d-1c07-5d4f-997f-fd7b07ef9f9c,29c05c2c-19f0-5e72-bb10-5da2034da31d,29e76ee8-a66a-5d08-8a30-6c0f12df49c4,29000,KZT,2026-06-19T09:00:00+00:00,sim-device-06,MOBILE,BASELINE,AUTHORED_NORMAL,Monthly utility payment
15d1eb6c-0fda-51ec-bd59-c51b130b317d,29c05c2c-19f0-5e72-bb10-5da2034da31d,8ecd23f2-83be-57cd-ae65-fccef975ae31,22000,KZT,2026-06-19T10:00:00+00:00,sim-device-06,MOBILE,BASELINE,AUTHORED_NORMAL,Household transfer
63be7017-9b56-5e40-881f-04c5e89b118a,29c05c2c-19f0-5e72-bb10-5da2034da31d,3a0193eb-996c-5d2a-a3ae-e623d5e8a144,31000,KZT,2026-06-20T09:00:00+00:00,sim-device-06,MOBILE,BASELINE,AUTHORED_NORMAL,Grocery purchase
030a0978-30a6-5f22-a3fe-f8456de13335,29c05c2c-19f0-5e72-bb10-5da2034da31d,29e76ee8-a66a-5d08-8a30-6c0f12df49c4,28000,KZT,2026-06-20T10:00:00+00:00,sim-device-06,MOBILE,BASELINE,AUTHORED_NORMAL,Monthly utility payment
64aff7a5-3b87-50d7-be7f-b7812338be28,29c05c2c-19f0-5e72-bb10-5da2034da31d,8ecd23f2-83be-57cd-ae65-fccef975ae31,35000,KZT,2026-06-21T09:00:00+00:00,sim-device-06,MOBILE,BASELINE,AUTHORED_NORMAL,Household transfer
4f8ca7e7-625f-5f5c-a7c7-8ab20144a26a,29c05c2c-19f0-5e72-bb10-5da2034da31d,3a0193eb-996c-5d2a-a3ae-e623d5e8a144,26000,KZT,2026-06-21T10:00:00+00:00,sim-device-06,MOBILE,BASELINE,AUTHORED_NORMAL,Grocery purchase
28c85046-b986-5de0-84aa-abaa563cd238,29c05c2c-19f0-5e72-bb10-5da2034da31d,29e76ee8-a66a-5d08-8a30-6c0f12df49c4,33000,KZT,2026-06-22T09:00:00+00:00,sim-device-06,MOBILE,BASELINE,AUTHORED_NORMAL,Monthly utility payment
b54ad08a-da52-504b-9ff8-04f4da01aaf8,29c05c2c-19f0-5e72-bb10-5da2034da31d,8ecd23f2-83be-57cd-ae65-fccef975ae31,29000,KZT,2026-06-22T10:00:00+00:00,sim-device-06,MOBILE,BASELINE,AUTHORED_NORMAL,Household transfer
8ed20a6d-180d-55a1-8ad2-b31629513055,29c05c2c-19f0-5e72-bb10-5da2034da31d,3a0193eb-996c-5d2a-a3ae-e623d5e8a144,22000,KZT,2026-06-23T09:00:00+00:00,sim-device-06,MOBILE,BASELINE,AUTHORED_NORMAL,Grocery purchase
52ba9356-057d-5d95-a8bf-2ae93b25c1e5,29c05c2c-19f0-5e72-bb10-5da2034da31d,29e76ee8-a66a-5d08-8a30-6c0f12df49c4,31000,KZT,2026-06-23T10:00:00+00:00,sim-device-06,MOBILE,BASELINE,AUTHORED_NORMAL,Monthly utility payment
f7c9836c-8dab-5e14-9fff-6e1947219801,29c05c2c-19f0-5e72-bb10-5da2034da31d,8ecd23f2-83be-57cd-ae65-fccef975ae31,28000,KZT,2026-06-24T09:00:00+00:00,sim-device-06,MOBILE,BASELINE,AUTHORED_NORMAL,Household transfer
dc413cf7-1fed-5460-af88-d11b1123ad0f,29c05c2c-19f0-5e72-bb10-5da2034da31d,3a0193eb-996c-5d2a-a3ae-e623d5e8a144,35000,KZT,2026-06-24T10:00:00+00:00,sim-device-06,MOBILE,BASELINE,AUTHORED_NORMAL,Grocery purchase
b4bc8ba3-8943-503e-a344-7c6e12f3fb65,29c05c2c-19f0-5e72-bb10-5da2034da31d,29e76ee8-a66a-5d08-8a30-6c0f12df49c4,26000,KZT,2026-06-25T09:00:00+00:00,sim-device-06,MOBILE,BASELINE,AUTHORED_NORMAL,Monthly utility payment
d8bdcac4-b1a2-5e82-9a7e-48555dc87c36,29c05c2c-19f0-5e72-bb10-5da2034da31d,8ecd23f2-83be-57cd-ae65-fccef975ae31,33000,KZT,2026-06-25T10:00:00+00:00,sim-device-06,MOBILE,BASELINE,AUTHORED_NORMAL,Household transfer
a1fbda0a-e4c0-5965-b2bd-6460d793eaf1,29c05c2c-19f0-5e72-bb10-5da2034da31d,3a0193eb-996c-5d2a-a3ae-e623d5e8a144,29000,KZT,2026-06-26T09:00:00+00:00,sim-device-06,MOBILE,BASELINE,AUTHORED_NORMAL,Grocery purchase
e3728039-e77a-5c51-8ff2-9abae629ef1a,29c05c2c-19f0-5e72-bb10-5da2034da31d,29e76ee8-a66a-5d08-8a30-6c0f12df49c4,22000,KZT,2026-06-26T10:00:00+00:00,sim-device-06,MOBILE,BASELINE,AUTHORED_NORMAL,Monthly utility payment
65f35609-41c3-5df4-ae53-1d1dd5e2db96,29c05c2c-19f0-5e72-bb10-5da2034da31d,8ecd23f2-83be-57cd-ae65-fccef975ae31,31000,KZT,2026-06-27T09:00:00+00:00,sim-device-06,MOBILE,BASELINE,AUTHORED_NORMAL,Household transfer
f975e56b-9913-5fff-a312-340fdf473e20,29c05c2c-19f0-5e72-bb10-5da2034da31d,3a0193eb-996c-5d2a-a3ae-e623d5e8a144,28000,KZT,2026-06-27T10:00:00+00:00,sim-device-06,MOBILE,BASELINE,AUTHORED_NORMAL,Grocery purchase
1484bcb6-5d46-5544-ae44-c14be4867592,29c05c2c-19f0-5e72-bb10-5da2034da31d,29e76ee8-a66a-5d08-8a30-6c0f12df49c4,35000,KZT,2026-06-28T09:00:00+00:00,sim-device-06,MOBILE,BASELINE,AUTHORED_NORMAL,Monthly utility payment
3e5084d9-aeea-5565-8d26-2ff978d4cdef,29c05c2c-19f0-5e72-bb10-5da2034da31d,8ecd23f2-83be-57cd-ae65-fccef975ae31,26000,KZT,2026-06-28T10:00:00+00:00,sim-device-06,MOBILE,BASELINE,AUTHORED_NORMAL,Household transfer
02574e39-4a11-5a60-b770-b1ac3459cd71,29c05c2c-19f0-5e72-bb10-5da2034da31d,3a0193eb-996c-5d2a-a3ae-e623d5e8a144,33000,KZT,2026-06-29T09:00:00+00:00,sim-device-06,MOBILE,BASELINE,AUTHORED_NORMAL,Grocery purchase
c5321066-eeb7-5f24-a23d-fde9f9f59ead,29c05c2c-19f0-5e72-bb10-5da2034da31d,29e76ee8-a66a-5d08-8a30-6c0f12df49c4,29000,KZT,2026-06-29T10:00:00+00:00,sim-device-06,MOBILE,BASELINE,AUTHORED_NORMAL,Monthly utility payment
be538864-c464-544e-af31-afa10fe83d1d,29c05c2c-19f0-5e72-bb10-5da2034da31d,8ecd23f2-83be-57cd-ae65-fccef975ae31,22000,KZT,2026-06-30T09:00:00+00:00,sim-device-06,MOBILE,BASELINE,AUTHORED_NORMAL,Household transfer
2813c87c-12f4-5764-ae6d-6affdd637c43,29c05c2c-19f0-5e72-bb10-5da2034da31d,3a0193eb-996c-5d2a-a3ae-e623d5e8a144,31000,KZT,2026-06-30T10:00:00+00:00,sim-device-06,MOBILE,BASELINE,AUTHORED_NORMAL,Grocery purchase
5a33a15b-751b-552f-8075-8dca439e031b,29c05c2c-19f0-5e72-bb10-5da2034da31d,29e76ee8-a66a-5d08-8a30-6c0f12df49c4,28000,KZT,2026-07-01T09:00:00+00:00,sim-device-06,MOBILE,BASELINE,AUTHORED_NORMAL,Monthly utility payment
b4bf788a-a5ba-5b52-8c65-5e6faca407d8,29c05c2c-19f0-5e72-bb10-5da2034da31d,8ecd23f2-83be-57cd-ae65-fccef975ae31,35000,KZT,2026-07-01T10:00:00+00:00,sim-device-06,MOBILE,BASELINE,AUTHORED_NORMAL,Household transfer
06cdf010-ff39-5e95-8457-52e9f068e41a,29c05c2c-19f0-5e72-bb10-5da2034da31d,3a0193eb-996c-5d2a-a3ae-e623d5e8a144,26000,KZT,2026-07-02T09:00:00+00:00,sim-device-06,MOBILE,BASELINE,AUTHORED_NORMAL,Grocery purchase
21516a88-eeb7-5bed-ace7-8b3623f08195,29c05c2c-19f0-5e72-bb10-5da2034da31d,29e76ee8-a66a-5d08-8a30-6c0f12df49c4,33000,KZT,2026-07-02T10:00:00+00:00,sim-device-06,MOBILE,BASELINE,AUTHORED_NORMAL,Monthly utility payment
8c82e21f-a5c2-5d66-9238-a27e95bb1025,29c05c2c-19f0-5e72-bb10-5da2034da31d,8ecd23f2-83be-57cd-ae65-fccef975ae31,29000,KZT,2026-07-03T09:00:00+00:00,sim-device-06,MOBILE,BASELINE,AUTHORED_NORMAL,Household transfer
1a344076-0234-59de-ace9-98c4ddf0f44c,29c05c2c-19f0-5e72-bb10-5da2034da31d,3a0193eb-996c-5d2a-a3ae-e623d5e8a144,22000,KZT,2026-07-03T10:00:00+00:00,sim-device-06,MOBILE,BASELINE,AUTHORED_NORMAL,Grocery purchase
27510e6b-d00d-5faa-bcbc-d816aaefed09,29c05c2c-19f0-5e72-bb10-5da2034da31d,29e76ee8-a66a-5d08-8a30-6c0f12df49c4,31000,KZT,2026-07-04T09:00:00+00:00,sim-device-06,MOBILE,BASELINE,AUTHORED_NORMAL,Monthly utility payment
91aadf5c-2f4d-5aa9-856e-56861501b198,29c05c2c-19f0-5e72-bb10-5da2034da31d,8ecd23f2-83be-57cd-ae65-fccef975ae31,28000,KZT,2026-07-04T10:00:00+00:00,sim-device-06,MOBILE,BASELINE,AUTHORED_NORMAL,Household transfer
f5fd3ed1-1bc2-5bdb-83fc-938365fc2426,29c05c2c-19f0-5e72-bb10-5da2034da31d,3a0193eb-996c-5d2a-a3ae-e623d5e8a144,35000,KZT,2026-07-05T09:00:00+00:00,sim-device-06,MOBILE,BASELINE,AUTHORED_NORMAL,Grocery purchase
7f80c197-359f-5e30-baaf-555f5bb60903,29c05c2c-19f0-5e72-bb10-5da2034da31d,29e76ee8-a66a-5d08-8a30-6c0f12df49c4,26000,KZT,2026-07-05T10:00:00+00:00,sim-device-06,MOBILE,BASELINE,AUTHORED_NORMAL,Monthly utility payment
82074e4c-5fce-506b-bb88-901ef063ea0b,29c05c2c-19f0-5e72-bb10-5da2034da31d,8ecd23f2-83be-57cd-ae65-fccef975ae31,33000,KZT,2026-07-06T09:00:00+00:00,sim-device-06,MOBILE,BASELINE,AUTHORED_NORMAL,Household transfer
56517f0f-d1ed-51bc-a04d-f498d1dcce48,29c05c2c-19f0-5e72-bb10-5da2034da31d,3a0193eb-996c-5d2a-a3ae-e623d5e8a144,29000,KZT,2026-07-06T10:00:00+00:00,sim-device-06,MOBILE,BASELINE,AUTHORED_NORMAL,Grocery purchase
0d629268-1a3b-59ef-81bf-5d98dd1a0214,29c05c2c-19f0-5e72-bb10-5da2034da31d,29e76ee8-a66a-5d08-8a30-6c0f12df49c4,22000,KZT,2026-07-07T09:00:00+00:00,sim-device-06,MOBILE,BASELINE,AUTHORED_NORMAL,Monthly utility payment
9bf27fff-0559-5814-bfc6-cdab730646e1,29c05c2c-19f0-5e72-bb10-5da2034da31d,8ecd23f2-83be-57cd-ae65-fccef975ae31,31000,KZT,2026-07-07T10:00:00+00:00,sim-device-06,MOBILE,BASELINE,AUTHORED_NORMAL,Household transfer
fc37c2f6-8999-591e-969d-3bc80f366b47,29c05c2c-19f0-5e72-bb10-5da2034da31d,3a0193eb-996c-5d2a-a3ae-e623d5e8a144,28000,KZT,2026-07-08T09:00:00+00:00,sim-device-06,MOBILE,BASELINE,AUTHORED_NORMAL,Grocery purchase
eac644f5-6cf1-5153-a11f-e4feb1264bfb,29c05c2c-19f0-5e72-bb10-5da2034da31d,29e76ee8-a66a-5d08-8a30-6c0f12df49c4,35000,KZT,2026-07-08T10:00:00+00:00,sim-device-06,MOBILE,BASELINE,AUTHORED_NORMAL,Monthly utility payment
d53812cd-736f-50c3-a3e5-53c3b9aad796,29c05c2c-19f0-5e72-bb10-5da2034da31d,8ecd23f2-83be-57cd-ae65-fccef975ae31,26000,KZT,2026-07-09T09:00:00+00:00,sim-device-06,MOBILE,BASELINE,AUTHORED_NORMAL,Household transfer
f4c66a42-9a14-54a5-ad30-ea42481f68fa,29c05c2c-19f0-5e72-bb10-5da2034da31d,3a0193eb-996c-5d2a-a3ae-e623d5e8a144,33000,KZT,2026-07-09T10:00:00+00:00,sim-device-06,MOBILE,BASELINE,AUTHORED_NORMAL,Grocery purchase
69e6fc64-0637-5844-8c05-3abc8bc456a9,29c05c2c-19f0-5e72-bb10-5da2034da31d,29e76ee8-a66a-5d08-8a30-6c0f12df49c4,29000,KZT,2026-07-10T09:00:00+00:00,sim-device-06,MOBILE,BASELINE,AUTHORED_NORMAL,Monthly utility payment
bf7644b1-3e58-533e-843c-49dbe13849a9,29c05c2c-19f0-5e72-bb10-5da2034da31d,8ecd23f2-83be-57cd-ae65-fccef975ae31,22000,KZT,2026-07-10T10:00:00+00:00,sim-device-06,MOBILE,BASELINE,AUTHORED_NORMAL,Household transfer
74489e89-8f75-5d84-9481-f6e26516d837,29c05c2c-19f0-5e72-bb10-5da2034da31d,3a0193eb-996c-5d2a-a3ae-e623d5e8a144,31000,KZT,2026-07-11T09:00:00+00:00,sim-device-06,MOBILE,BASELINE,AUTHORED_NORMAL,Grocery purchase
e1c0d4ea-4845-5c9a-8496-0fd278ed2471,29c05c2c-19f0-5e72-bb10-5da2034da31d,29e76ee8-a66a-5d08-8a30-6c0f12df49c4,28000,KZT,2026-07-11T10:00:00+00:00,sim-device-06,MOBILE,BASELINE,AUTHORED_NORMAL,Monthly utility payment
78e135b5-688c-55e5-bbda-789cd06cd623,29c05c2c-19f0-5e72-bb10-5da2034da31d,8ecd23f2-83be-57cd-ae65-fccef975ae31,35000,KZT,2026-07-12T09:00:00+00:00,sim-device-06,MOBILE,BASELINE,AUTHORED_NORMAL,Household transfer
d0a13866-6e4b-5dca-8caa-7cded2938814,29c05c2c-19f0-5e72-bb10-5da2034da31d,3a0193eb-996c-5d2a-a3ae-e623d5e8a144,26000,KZT,2026-07-12T10:00:00+00:00,sim-device-06,MOBILE,BASELINE,AUTHORED_NORMAL,Grocery purchase
47178271-468b-56af-97aa-f360ac6f620b,29c05c2c-19f0-5e72-bb10-5da2034da31d,29e76ee8-a66a-5d08-8a30-6c0f12df49c4,33000,KZT,2026-07-13T09:00:00+00:00,sim-device-06,MOBILE,BASELINE,AUTHORED_NORMAL,Monthly utility payment
930cdc30-6507-5aad-aad7-c75c909721b7,29c05c2c-19f0-5e72-bb10-5da2034da31d,8ecd23f2-83be-57cd-ae65-fccef975ae31,29000,KZT,2026-07-13T10:00:00+00:00,sim-device-06,MOBILE,BASELINE,AUTHORED_NORMAL,Household transfer
5c83bd97-7e8e-57d5-b280-0d156350431b,29c05c2c-19f0-5e72-bb10-5da2034da31d,3a0193eb-996c-5d2a-a3ae-e623d5e8a144,22000,KZT,2026-07-14T09:00:00+00:00,sim-device-06,MOBILE,BASELINE,AUTHORED_NORMAL,Grocery purchase
4b1993f4-07db-5737-b4d0-1fe9f162aefe,29c05c2c-19f0-5e72-bb10-5da2034da31d,29e76ee8-a66a-5d08-8a30-6c0f12df49c4,31000,KZT,2026-07-14T10:00:00+00:00,sim-device-06,MOBILE,BASELINE,AUTHORED_NORMAL,Monthly utility payment
c3760273-70f7-52c6-9d49-65fe421b8247,29c05c2c-19f0-5e72-bb10-5da2034da31d,8ecd23f2-83be-57cd-ae65-fccef975ae31,28000,KZT,2026-07-15T09:00:00+00:00,sim-device-06,MOBILE,BASELINE,AUTHORED_NORMAL,Household transfer
52d578a0-e692-5a13-84af-f9865f1838de,29c05c2c-19f0-5e72-bb10-5da2034da31d,3a0193eb-996c-5d2a-a3ae-e623d5e8a144,35000,KZT,2026-07-15T10:00:00+00:00,sim-device-06,MOBILE,BASELINE,AUTHORED_NORMAL,Grocery purchase
5dd25a80-c9d9-5bdf-b2c2-746ff5964120,29c05c2c-19f0-5e72-bb10-5da2034da31d,29e76ee8-a66a-5d08-8a30-6c0f12df49c4,26000,KZT,2026-07-16T09:00:00+00:00,sim-device-06,MOBILE,BASELINE,AUTHORED_NORMAL,Monthly utility payment
e81bb91a-d4e9-5bbf-890f-291e60be2010,29c05c2c-19f0-5e72-bb10-5da2034da31d,8ecd23f2-83be-57cd-ae65-fccef975ae31,33000,KZT,2026-07-16T10:00:00+00:00,sim-device-06,MOBILE,BASELINE,AUTHORED_NORMAL,Household transfer
321ed037-cc52-594b-8fc9-e17e009a3366,29c05c2c-19f0-5e72-bb10-5da2034da31d,3a0193eb-996c-5d2a-a3ae-e623d5e8a144,29000,KZT,2026-07-17T09:00:00+00:00,sim-device-06,MOBILE,BASELINE,AUTHORED_NORMAL,Grocery purchase
04dd2dcd-46c7-5c43-8038-21644a3d56c8,29c05c2c-19f0-5e72-bb10-5da2034da31d,29e76ee8-a66a-5d08-8a30-6c0f12df49c4,22000,KZT,2026-07-17T10:00:00+00:00,sim-device-06,MOBILE,BASELINE,AUTHORED_NORMAL,Monthly utility payment
610d4528-c321-5359-b8e6-2a5d1674c52e,29c05c2c-19f0-5e72-bb10-5da2034da31d,8ecd23f2-83be-57cd-ae65-fccef975ae31,31000,KZT,2026-07-18T09:00:00+00:00,sim-device-06,MOBILE,BASELINE,AUTHORED_NORMAL,Household transfer
40d0a1e1-70bf-58aa-8c36-52903e3c4866,29c05c2c-19f0-5e72-bb10-5da2034da31d,3a0193eb-996c-5d2a-a3ae-e623d5e8a144,28000,KZT,2026-07-18T10:00:00+00:00,sim-device-06,MOBILE,BASELINE,AUTHORED_NORMAL,Grocery purchase
8d8398c6-0a32-51e7-8a5c-facc736af7b5,29c05c2c-19f0-5e72-bb10-5da2034da31d,29e76ee8-a66a-5d08-8a30-6c0f12df49c4,35000,KZT,2026-07-19T09:00:00+00:00,sim-device-06,MOBILE,BASELINE,AUTHORED_NORMAL,Monthly utility payment
b4a9309d-8797-57ce-aa4a-2531c924dd76,29c05c2c-19f0-5e72-bb10-5da2034da31d,8ecd23f2-83be-57cd-ae65-fccef975ae31,26000,KZT,2026-07-19T10:00:00+00:00,sim-device-06,MOBILE,BASELINE,AUTHORED_NORMAL,Household transfer
97b00c40-9bad-521a-bf62-f45136f89940,29c05c2c-19f0-5e72-bb10-5da2034da31d,3a0193eb-996c-5d2a-a3ae-e623d5e8a144,33000,KZT,2026-07-20T09:00:00+00:00,sim-device-06,MOBILE,BASELINE,AUTHORED_NORMAL,Grocery purchase
11796dc5-eb6a-5d80-9dbf-f0a0f8e1e84c,29c05c2c-19f0-5e72-bb10-5da2034da31d,29e76ee8-a66a-5d08-8a30-6c0f12df49c4,29000,KZT,2026-07-20T10:00:00+00:00,sim-device-06,MOBILE,BASELINE,AUTHORED_NORMAL,Monthly utility payment
1521c90b-54d3-5662-ad6a-a9277820ca3a,29c05c2c-19f0-5e72-bb10-5da2034da31d,8ecd23f2-83be-57cd-ae65-fccef975ae31,22000,KZT,2026-07-21T09:00:00+00:00,sim-device-06,MOBILE,BASELINE,AUTHORED_NORMAL,Household transfer
e4a36287-1a7a-5597-bb71-a0c5bac0669b,29c05c2c-19f0-5e72-bb10-5da2034da31d,3a0193eb-996c-5d2a-a3ae-e623d5e8a144,31000,KZT,2026-07-21T10:00:00+00:00,sim-device-06,MOBILE,BASELINE,AUTHORED_NORMAL,Grocery purchase
4a866453-f9b2-5b09-a603-fbefbe5390bd,29c05c2c-19f0-5e72-bb10-5da2034da31d,29e76ee8-a66a-5d08-8a30-6c0f12df49c4,28000,KZT,2026-07-22T09:00:00+00:00,sim-device-06,MOBILE,BASELINE,AUTHORED_NORMAL,Monthly utility payment
76fb2ea7-ea3c-5cd7-9645-93c087644a50,29c05c2c-19f0-5e72-bb10-5da2034da31d,8ecd23f2-83be-57cd-ae65-fccef975ae31,35000,KZT,2026-07-22T10:00:00+00:00,sim-device-06,MOBILE,BASELINE,AUTHORED_NORMAL,Household transfer
3ff36c23-f8ce-52c6-936b-0fa210b48d78,29c05c2c-19f0-5e72-bb10-5da2034da31d,3a0193eb-996c-5d2a-a3ae-e623d5e8a144,26000,KZT,2026-07-23T09:00:00+00:00,sim-device-06,MOBILE,BASELINE,AUTHORED_NORMAL,Grocery purchase
e855f02b-e720-5803-8c73-8262eb705454,29c05c2c-19f0-5e72-bb10-5da2034da31d,29e76ee8-a66a-5d08-8a30-6c0f12df49c4,33000,KZT,2026-07-23T10:00:00+00:00,sim-device-06,MOBILE,BASELINE,AUTHORED_NORMAL,Monthly utility payment
3e521b0d-c0df-50c1-b2a0-e49b0e5e0e89,29c05c2c-19f0-5e72-bb10-5da2034da31d,8ecd23f2-83be-57cd-ae65-fccef975ae31,29000,KZT,2026-07-24T09:00:00+00:00,sim-device-06,MOBILE,BASELINE,AUTHORED_NORMAL,Household transfer
5e066b59-1ad9-5047-9349-996e3049a790,29c05c2c-19f0-5e72-bb10-5da2034da31d,3a0193eb-996c-5d2a-a3ae-e623d5e8a144,22000,KZT,2026-07-24T10:00:00+00:00,sim-device-06,MOBILE,BASELINE,AUTHORED_NORMAL,Grocery purchase
e4be940d-a67f-5208-9b77-42209a66d840,29c05c2c-19f0-5e72-bb10-5da2034da31d,29e76ee8-a66a-5d08-8a30-6c0f12df49c4,31000,KZT,2026-07-25T09:00:00+00:00,sim-device-06,MOBILE,BASELINE,AUTHORED_NORMAL,Monthly utility payment
55f9880a-ef20-5261-82c9-f4e4b03e504d,29c05c2c-19f0-5e72-bb10-5da2034da31d,8ecd23f2-83be-57cd-ae65-fccef975ae31,28000,KZT,2026-07-25T10:00:00+00:00,sim-device-06,MOBILE,BASELINE,AUTHORED_NORMAL,Household transfer
b7b8b574-efc7-520b-9bed-437be86b703e,29c05c2c-19f0-5e72-bb10-5da2034da31d,3a0193eb-996c-5d2a-a3ae-e623d5e8a144,35000,KZT,2026-07-26T09:00:00+00:00,sim-device-06,MOBILE,BASELINE,AUTHORED_NORMAL,Grocery purchase
13eeb74d-6c97-53a7-b605-18eb461722a3,29c05c2c-19f0-5e72-bb10-5da2034da31d,29e76ee8-a66a-5d08-8a30-6c0f12df49c4,26000,KZT,2026-07-26T10:00:00+00:00,sim-device-06,MOBILE,BASELINE,AUTHORED_NORMAL,Monthly utility payment
331d663b-5a14-5d49-9094-3a54ecbd48c3,29c05c2c-19f0-5e72-bb10-5da2034da31d,8ecd23f2-83be-57cd-ae65-fccef975ae31,33000,KZT,2026-07-27T09:00:00+00:00,sim-device-06,MOBILE,BASELINE,AUTHORED_NORMAL,Household transfer
c351e27a-7441-5ffa-a78e-49733754f1fd,29c05c2c-19f0-5e72-bb10-5da2034da31d,3a0193eb-996c-5d2a-a3ae-e623d5e8a144,29000,KZT,2026-07-27T10:00:00+00:00,sim-device-06,MOBILE,BASELINE,AUTHORED_NORMAL,Grocery purchase
fce93395-eb9c-5ba3-8532-adfed17dfdfd,29c05c2c-19f0-5e72-bb10-5da2034da31d,29e76ee8-a66a-5d08-8a30-6c0f12df49c4,22000,KZT,2026-07-28T09:00:00+00:00,sim-device-06,MOBILE,BASELINE,AUTHORED_NORMAL,Monthly utility payment
fc3fb112-a1dc-50fa-aa76-072506925ec3,29c05c2c-19f0-5e72-bb10-5da2034da31d,8ecd23f2-83be-57cd-ae65-fccef975ae31,31000,KZT,2026-07-28T10:00:00+00:00,sim-device-06,MOBILE,BASELINE,AUTHORED_NORMAL,Household transfer
b1229c03-4da3-5888-a50b-1558e2a8f9fc,29c05c2c-19f0-5e72-bb10-5da2034da31d,3a0193eb-996c-5d2a-a3ae-e623d5e8a144,28000,KZT,2026-07-29T09:00:00+00:00,sim-device-06,MOBILE,BASELINE,AUTHORED_NORMAL,Grocery purchase
4b53ccd7-1592-5e8d-9880-d22817bcc6d8,29c05c2c-19f0-5e72-bb10-5da2034da31d,29e76ee8-a66a-5d08-8a30-6c0f12df49c4,35000,KZT,2026-07-29T10:00:00+00:00,sim-device-06,MOBILE,BASELINE,AUTHORED_NORMAL,Monthly utility payment
6f143911-36ed-5312-bff3-a61d884f16be,29c05c2c-19f0-5e72-bb10-5da2034da31d,8ecd23f2-83be-57cd-ae65-fccef975ae31,26000,KZT,2026-07-30T09:00:00+00:00,sim-device-06,MOBILE,BASELINE,AUTHORED_NORMAL,Household transfer
aae61ae1-bd08-5f10-89fc-7bbf54137d06,29c05c2c-19f0-5e72-bb10-5da2034da31d,3a0193eb-996c-5d2a-a3ae-e623d5e8a144,33000,KZT,2026-07-30T10:00:00+00:00,sim-device-06,MOBILE,BASELINE,AUTHORED_NORMAL,Grocery purchase
13327623-0869-5bb5-a37c-3d726a19c3ca,29c05c2c-19f0-5e72-bb10-5da2034da31d,29e76ee8-a66a-5d08-8a30-6c0f12df49c4,29000,KZT,2026-07-31T09:00:00+00:00,sim-device-06,MOBILE,BASELINE,AUTHORED_NORMAL,Monthly utility payment
84afa351-be83-51a5-bfc6-274dac70db8b,29c05c2c-19f0-5e72-bb10-5da2034da31d,8ecd23f2-83be-57cd-ae65-fccef975ae31,22000,KZT,2026-07-31T10:00:00+00:00,sim-device-06,MOBILE,BASELINE,AUTHORED_NORMAL,Household transfer
57a33def-6490-5b25-8531-51545c7e806e,29c05c2c-19f0-5e72-bb10-5da2034da31d,3a0193eb-996c-5d2a-a3ae-e623d5e8a144,31000,KZT,2026-08-01T09:00:00+00:00,sim-device-06,MOBILE,BASELINE,AUTHORED_NORMAL,Grocery purchase
8be432c7-ca33-5ee9-85c9-af682eba30c3,29c05c2c-19f0-5e72-bb10-5da2034da31d,29e76ee8-a66a-5d08-8a30-6c0f12df49c4,28000,KZT,2026-08-01T10:00:00+00:00,sim-device-06,MOBILE,BASELINE,AUTHORED_NORMAL,Monthly utility payment
0d289998-bb7d-52b9-9009-a6213632072f,29c05c2c-19f0-5e72-bb10-5da2034da31d,8ecd23f2-83be-57cd-ae65-fccef975ae31,35000,KZT,2026-08-02T09:00:00+00:00,sim-device-06,MOBILE,BASELINE,AUTHORED_NORMAL,Household transfer
d311ce08-6238-561e-bcc2-e5f03219247a,29c05c2c-19f0-5e72-bb10-5da2034da31d,3a0193eb-996c-5d2a-a3ae-e623d5e8a144,26000,KZT,2026-08-02T10:00:00+00:00,sim-device-06,MOBILE,BASELINE,AUTHORED_NORMAL,Grocery purchase
d61e859b-5477-5209-aa75-139f5700f7a2,29c05c2c-19f0-5e72-bb10-5da2034da31d,29e76ee8-a66a-5d08-8a30-6c0f12df49c4,33000,KZT,2026-08-03T09:00:00+00:00,sim-device-06,MOBILE,BASELINE,AUTHORED_NORMAL,Monthly utility payment
7f4ab27c-1590-5a24-abf1-dc35b8fa0818,29c05c2c-19f0-5e72-bb10-5da2034da31d,8ecd23f2-83be-57cd-ae65-fccef975ae31,29000,KZT,2026-08-03T10:00:00+00:00,sim-device-06,MOBILE,BASELINE,AUTHORED_NORMAL,Household transfer
1a912b15-b6d4-5051-82f5-e531ac725d72,29c05c2c-19f0-5e72-bb10-5da2034da31d,3a0193eb-996c-5d2a-a3ae-e623d5e8a144,22000,KZT,2026-08-04T09:00:00+00:00,sim-device-06,MOBILE,BASELINE,AUTHORED_NORMAL,Grocery purchase
41ee2640-ebf2-5783-bc6d-54b5125e36de,29c05c2c-19f0-5e72-bb10-5da2034da31d,29e76ee8-a66a-5d08-8a30-6c0f12df49c4,31000,KZT,2026-08-04T10:00:00+00:00,sim-device-06,MOBILE,BASELINE,AUTHORED_NORMAL,Monthly utility payment
e954bf76-2841-5e6f-9e72-3d5685b81836,29c05c2c-19f0-5e72-bb10-5da2034da31d,8ecd23f2-83be-57cd-ae65-fccef975ae31,28000,KZT,2026-08-05T09:00:00+00:00,sim-device-06,MOBILE,BASELINE,AUTHORED_NORMAL,Household transfer
9608ce6e-7fe5-5d70-a38f-be8dcfcc523d,29c05c2c-19f0-5e72-bb10-5da2034da31d,3a0193eb-996c-5d2a-a3ae-e623d5e8a144,35000,KZT,2026-08-05T10:00:00+00:00,sim-device-06,MOBILE,BASELINE,AUTHORED_NORMAL,Grocery purchase
4b8d0efe-7344-5464-b5b0-81c74bf7cd85,29c05c2c-19f0-5e72-bb10-5da2034da31d,29e76ee8-a66a-5d08-8a30-6c0f12df49c4,26000,KZT,2026-08-06T09:00:00+00:00,sim-device-06,MOBILE,BASELINE,AUTHORED_NORMAL,Monthly utility payment
2163d176-abb7-5168-aba7-7bb1ba15fdb6,29c05c2c-19f0-5e72-bb10-5da2034da31d,8ecd23f2-83be-57cd-ae65-fccef975ae31,33000,KZT,2026-08-06T10:00:00+00:00,sim-device-06,MOBILE,BASELINE,AUTHORED_NORMAL,Household transfer
37ce30a1-035a-5268-988b-1528785c13e4,29c05c2c-19f0-5e72-bb10-5da2034da31d,3a0193eb-996c-5d2a-a3ae-e623d5e8a144,29000,KZT,2026-08-07T09:00:00+00:00,sim-device-06,MOBILE,BASELINE,AUTHORED_NORMAL,Grocery purchase
948a668c-7bd4-5ff5-a41e-a8bda3a5b225,29c05c2c-19f0-5e72-bb10-5da2034da31d,29e76ee8-a66a-5d08-8a30-6c0f12df49c4,22000,KZT,2026-08-07T10:00:00+00:00,sim-device-06,MOBILE,BASELINE,AUTHORED_NORMAL,Monthly utility payment
deacbb1d-51ac-5d09-8440-80e327e0c49d,29c05c2c-19f0-5e72-bb10-5da2034da31d,8ecd23f2-83be-57cd-ae65-fccef975ae31,31000,KZT,2026-08-08T09:00:00+00:00,sim-device-06,MOBILE,BASELINE,AUTHORED_NORMAL,Household transfer
32bee6b6-6dbf-52fa-b366-8aa07efe661f,29c05c2c-19f0-5e72-bb10-5da2034da31d,3a0193eb-996c-5d2a-a3ae-e623d5e8a144,28000,KZT,2026-08-08T10:00:00+00:00,sim-device-06,MOBILE,BASELINE,AUTHORED_NORMAL,Grocery purchase
bcfc9d08-9008-5155-aefa-5004c181ef89,29c05c2c-19f0-5e72-bb10-5da2034da31d,29e76ee8-a66a-5d08-8a30-6c0f12df49c4,35000,KZT,2026-08-09T09:00:00+00:00,sim-device-06,MOBILE,BASELINE,AUTHORED_NORMAL,Monthly utility payment
913e7121-9ef0-5a6b-becc-44aedf9cf572,29c05c2c-19f0-5e72-bb10-5da2034da31d,8ecd23f2-83be-57cd-ae65-fccef975ae31,26000,KZT,2026-08-09T10:00:00+00:00,sim-device-06,MOBILE,BASELINE,AUTHORED_NORMAL,Household transfer
f247dde7-2df3-565b-b06d-2eb87adc828c,29c05c2c-19f0-5e72-bb10-5da2034da31d,3a0193eb-996c-5d2a-a3ae-e623d5e8a144,33000,KZT,2026-08-10T09:00:00+00:00,sim-device-06,MOBILE,BASELINE,AUTHORED_NORMAL,Grocery purchase
9c9ea556-e568-5701-a515-386c6176e4de,29c05c2c-19f0-5e72-bb10-5da2034da31d,29e76ee8-a66a-5d08-8a30-6c0f12df49c4,29000,KZT,2026-08-10T10:00:00+00:00,sim-device-06,MOBILE,BASELINE,AUTHORED_NORMAL,Monthly utility payment
c4cf9ea7-23c3-5a33-a649-30d4cf6bdcab,29c05c2c-19f0-5e72-bb10-5da2034da31d,8ecd23f2-83be-57cd-ae65-fccef975ae31,22000,KZT,2026-08-11T09:00:00+00:00,sim-device-06,MOBILE,BASELINE,AUTHORED_NORMAL,Household transfer
b8d39fbf-102e-5706-bc49-e02c2d168f18,29c05c2c-19f0-5e72-bb10-5da2034da31d,3a0193eb-996c-5d2a-a3ae-e623d5e8a144,31000,KZT,2026-08-11T10:00:00+00:00,sim-device-06,MOBILE,BASELINE,AUTHORED_NORMAL,Grocery purchase
f69a7e81-bd9b-5594-8102-669f5369a7cf,29c05c2c-19f0-5e72-bb10-5da2034da31d,29e76ee8-a66a-5d08-8a30-6c0f12df49c4,28000,KZT,2026-08-12T09:00:00+00:00,sim-device-06,MOBILE,BASELINE,AUTHORED_NORMAL,Monthly utility payment
ae274f8b-bdec-5b96-95c0-75ed62299dff,29c05c2c-19f0-5e72-bb10-5da2034da31d,8ecd23f2-83be-57cd-ae65-fccef975ae31,35000,KZT,2026-08-12T10:00:00+00:00,sim-device-06,MOBILE,BASELINE,AUTHORED_NORMAL,Household transfer
833a25f1-7c7b-5363-97b3-799a1ec0d7d3,29c05c2c-19f0-5e72-bb10-5da2034da31d,3a0193eb-996c-5d2a-a3ae-e623d5e8a144,26000,KZT,2026-08-13T09:00:00+00:00,sim-device-06,MOBILE,BASELINE,AUTHORED_NORMAL,Grocery purchase
7055039f-ae3b-56a4-847e-37f0dfe039d9,29c05c2c-19f0-5e72-bb10-5da2034da31d,29e76ee8-a66a-5d08-8a30-6c0f12df49c4,33000,KZT,2026-08-13T10:00:00+00:00,sim-device-06,MOBILE,BASELINE,AUTHORED_NORMAL,Monthly utility payment
1d3bc1b2-515a-5495-889d-da8ab44f1980,29c05c2c-19f0-5e72-bb10-5da2034da31d,8ecd23f2-83be-57cd-ae65-fccef975ae31,29000,KZT,2026-08-14T09:00:00+00:00,sim-device-06,MOBILE,BASELINE,AUTHORED_NORMAL,Household transfer
20339bb4-b62c-5fa2-8735-61785be3dbd1,29c05c2c-19f0-5e72-bb10-5da2034da31d,3a0193eb-996c-5d2a-a3ae-e623d5e8a144,22000,KZT,2026-08-14T10:00:00+00:00,sim-device-06,MOBILE,BASELINE,AUTHORED_NORMAL,Grocery purchase
8750fea5-482d-53ca-afb1-c910a1a1fe2a,29c05c2c-19f0-5e72-bb10-5da2034da31d,29e76ee8-a66a-5d08-8a30-6c0f12df49c4,31000,KZT,2026-08-15T09:00:00+00:00,sim-device-06,MOBILE,BASELINE,AUTHORED_NORMAL,Monthly utility payment
847e5d74-9c0a-571d-b2de-f21fa809e922,29c05c2c-19f0-5e72-bb10-5da2034da31d,8ecd23f2-83be-57cd-ae65-fccef975ae31,28000,KZT,2026-08-15T10:00:00+00:00,sim-device-06,MOBILE,BASELINE,AUTHORED_NORMAL,Household transfer
61aae968-01cb-5499-8b4c-1a9b8a0d5c6a,29c05c2c-19f0-5e72-bb10-5da2034da31d,3a0193eb-996c-5d2a-a3ae-e623d5e8a144,35000,KZT,2026-08-16T09:00:00+00:00,sim-device-06,MOBILE,BASELINE,AUTHORED_NORMAL,Grocery purchase
95b8a9b1-8bb6-574d-8c13-81b20aec52d6,29c05c2c-19f0-5e72-bb10-5da2034da31d,29e76ee8-a66a-5d08-8a30-6c0f12df49c4,26000,KZT,2026-08-16T10:00:00+00:00,sim-device-06,MOBILE,BASELINE,AUTHORED_NORMAL,Monthly utility payment
b0a3d4d1-8ff5-51f7-832e-af7bf7627f51,29c05c2c-19f0-5e72-bb10-5da2034da31d,8ecd23f2-83be-57cd-ae65-fccef975ae31,33000,KZT,2026-08-17T09:00:00+00:00,sim-device-06,MOBILE,BASELINE,AUTHORED_NORMAL,Household transfer
9668fd78-0bd7-5177-8a84-2087d04a43e6,29c05c2c-19f0-5e72-bb10-5da2034da31d,3a0193eb-996c-5d2a-a3ae-e623d5e8a144,29000,KZT,2026-08-17T10:00:00+00:00,sim-device-06,MOBILE,BASELINE,AUTHORED_NORMAL,Grocery purchase
31f01204-e2b2-5d92-b5cc-6a75138d181a,29c05c2c-19f0-5e72-bb10-5da2034da31d,29e76ee8-a66a-5d08-8a30-6c0f12df49c4,22000,KZT,2026-08-18T09:00:00+00:00,sim-device-06,MOBILE,BASELINE,AUTHORED_NORMAL,Monthly utility payment
34cc1632-762f-5056-8853-45f971132b8a,29c05c2c-19f0-5e72-bb10-5da2034da31d,8ecd23f2-83be-57cd-ae65-fccef975ae31,31000,KZT,2026-08-18T10:00:00+00:00,sim-device-06,MOBILE,BASELINE,AUTHORED_NORMAL,Household transfer
edec53f7-94e3-5db0-95ba-89ec9f6988b2,29c05c2c-19f0-5e72-bb10-5da2034da31d,3a0193eb-996c-5d2a-a3ae-e623d5e8a144,28000,KZT,2026-08-19T09:00:00+00:00,sim-device-06,MOBILE,BASELINE,AUTHORED_NORMAL,Grocery purchase
0a81e2b2-d904-5275-8dde-1ea234937ae6,29c05c2c-19f0-5e72-bb10-5da2034da31d,29e76ee8-a66a-5d08-8a30-6c0f12df49c4,35000,KZT,2026-08-19T10:00:00+00:00,sim-device-06,MOBILE,BASELINE,AUTHORED_NORMAL,Monthly utility payment
e2ad55e3-aba4-5432-af03-96fd0e68d1c3,29c05c2c-19f0-5e72-bb10-5da2034da31d,8ecd23f2-83be-57cd-ae65-fccef975ae31,26000,KZT,2026-08-20T09:00:00+00:00,sim-device-06,MOBILE,BASELINE,AUTHORED_NORMAL,Household transfer
6da7c1b9-f605-55eb-8fab-c3060edce306,29c05c2c-19f0-5e72-bb10-5da2034da31d,3a0193eb-996c-5d2a-a3ae-e623d5e8a144,33000,KZT,2026-08-20T10:00:00+00:00,sim-device-06,MOBILE,BASELINE,AUTHORED_NORMAL,Grocery purchase
1b1fd0bb-b060-5a4d-aee6-0125ac828c02,29c05c2c-19f0-5e72-bb10-5da2034da31d,29e76ee8-a66a-5d08-8a30-6c0f12df49c4,29000,KZT,2026-08-21T09:00:00+00:00,sim-device-06,MOBILE,BASELINE,AUTHORED_NORMAL,Monthly utility payment
aecb50d1-086e-5e9d-b638-0db74eb42731,29c05c2c-19f0-5e72-bb10-5da2034da31d,8ecd23f2-83be-57cd-ae65-fccef975ae31,22000,KZT,2026-08-21T10:00:00+00:00,sim-device-06,MOBILE,BASELINE,AUTHORED_NORMAL,Household transfer
93ca5796-e15c-57bd-bceb-45511f335941,29c05c2c-19f0-5e72-bb10-5da2034da31d,3a0193eb-996c-5d2a-a3ae-e623d5e8a144,31000,KZT,2026-08-22T09:00:00+00:00,sim-device-06,MOBILE,BASELINE,AUTHORED_NORMAL,Grocery purchase
c4fb4d17-4fcf-59af-b417-58aea022c70d,29c05c2c-19f0-5e72-bb10-5da2034da31d,29e76ee8-a66a-5d08-8a30-6c0f12df49c4,28000,KZT,2026-08-22T10:00:00+00:00,sim-device-06,MOBILE,BASELINE,AUTHORED_NORMAL,Monthly utility payment
4668460e-f3a8-548d-a2d5-fd360ce423d2,29c05c2c-19f0-5e72-bb10-5da2034da31d,8ecd23f2-83be-57cd-ae65-fccef975ae31,35000,KZT,2026-08-23T09:00:00+00:00,sim-device-06,MOBILE,BASELINE,AUTHORED_NORMAL,Household transfer
889f474b-6807-5cf3-9766-8a7a497cd99e,29c05c2c-19f0-5e72-bb10-5da2034da31d,3a0193eb-996c-5d2a-a3ae-e623d5e8a144,26000,KZT,2026-08-23T10:00:00+00:00,sim-device-06,MOBILE,BASELINE,AUTHORED_NORMAL,Grocery purchase
75681bda-9947-5c43-b0e6-5ad20de22064,29c05c2c-19f0-5e72-bb10-5da2034da31d,29e76ee8-a66a-5d08-8a30-6c0f12df49c4,33000,KZT,2026-08-24T09:00:00+00:00,sim-device-06,MOBILE,BASELINE,AUTHORED_NORMAL,Monthly utility payment
ba73f808-ef44-5769-a7ba-93617c883748,29c05c2c-19f0-5e72-bb10-5da2034da31d,8ecd23f2-83be-57cd-ae65-fccef975ae31,29000,KZT,2026-08-24T10:00:00+00:00,sim-device-06,MOBILE,BASELINE,AUTHORED_NORMAL,Household transfer
87c56b5a-13b2-5f8e-b270-9f4bd8548b06,29c05c2c-19f0-5e72-bb10-5da2034da31d,3a0193eb-996c-5d2a-a3ae-e623d5e8a144,22000,KZT,2026-08-25T09:00:00+00:00,sim-device-06,MOBILE,BASELINE,AUTHORED_NORMAL,Grocery purchase
1b070a9a-dde3-58d1-a09a-c0ec39e5726e,29c05c2c-19f0-5e72-bb10-5da2034da31d,29e76ee8-a66a-5d08-8a30-6c0f12df49c4,31000,KZT,2026-08-25T10:00:00+00:00,sim-device-06,MOBILE,BASELINE,AUTHORED_NORMAL,Monthly utility payment
ccfc6028-dbc0-5656-9de6-ecb7efe633fd,29c05c2c-19f0-5e72-bb10-5da2034da31d,8ecd23f2-83be-57cd-ae65-fccef975ae31,28000,KZT,2026-08-26T09:00:00+00:00,sim-device-06,MOBILE,BASELINE,AUTHORED_NORMAL,Household transfer
853fb6ea-1962-5e73-afe8-32f506fd77bb,29c05c2c-19f0-5e72-bb10-5da2034da31d,3a0193eb-996c-5d2a-a3ae-e623d5e8a144,35000,KZT,2026-08-26T10:00:00+00:00,sim-device-06,MOBILE,BASELINE,AUTHORED_NORMAL,Grocery purchase
56b9d7e9-79a0-5d69-bad5-d2e3d4716b40,29c05c2c-19f0-5e72-bb10-5da2034da31d,29e76ee8-a66a-5d08-8a30-6c0f12df49c4,26000,KZT,2026-08-27T09:00:00+00:00,sim-device-06,MOBILE,BASELINE,AUTHORED_NORMAL,Monthly utility payment
7fb45a55-8e69-591b-9593-2607eda03b0c,29c05c2c-19f0-5e72-bb10-5da2034da31d,8ecd23f2-83be-57cd-ae65-fccef975ae31,33000,KZT,2026-08-27T10:00:00+00:00,sim-device-06,MOBILE,BASELINE,AUTHORED_NORMAL,Household transfer
aa36242e-b124-5337-ac22-818521986e5d,29c05c2c-19f0-5e72-bb10-5da2034da31d,3a0193eb-996c-5d2a-a3ae-e623d5e8a144,29000,KZT,2026-08-28T09:00:00+00:00,sim-device-06,MOBILE,BASELINE,AUTHORED_NORMAL,Grocery purchase
2449f97a-6216-53c2-894f-c90a352bbbb1,29c05c2c-19f0-5e72-bb10-5da2034da31d,29e76ee8-a66a-5d08-8a30-6c0f12df49c4,22000,KZT,2026-08-28T10:00:00+00:00,sim-device-06,MOBILE,BASELINE,AUTHORED_NORMAL,Monthly utility payment
92bdcd86-4a0d-5794-9d08-58093108b44f,29c05c2c-19f0-5e72-bb10-5da2034da31d,8ecd23f2-83be-57cd-ae65-fccef975ae31,31000,KZT,2026-08-29T09:00:00+00:00,sim-device-06,MOBILE,BASELINE,AUTHORED_NORMAL,Household transfer
a1b07011-f104-5955-a2f7-0e0f561f6a35,29c05c2c-19f0-5e72-bb10-5da2034da31d,3a0193eb-996c-5d2a-a3ae-e623d5e8a144,28000,KZT,2026-08-29T10:00:00+00:00,sim-device-06,MOBILE,BASELINE,AUTHORED_NORMAL,Grocery purchase
0694c6b9-2189-5704-bd0e-4d93d9929a9d,29c05c2c-19f0-5e72-bb10-5da2034da31d,29e76ee8-a66a-5d08-8a30-6c0f12df49c4,35000,KZT,2026-08-30T09:00:00+00:00,sim-device-06,MOBILE,BASELINE,AUTHORED_NORMAL,Monthly utility payment
c88bc7e1-e595-5f3b-914e-72c5282f4373,29c05c2c-19f0-5e72-bb10-5da2034da31d,8ecd23f2-83be-57cd-ae65-fccef975ae31,26000,KZT,2026-08-30T10:00:00+00:00,sim-device-06,MOBILE,BASELINE,AUTHORED_NORMAL,Household transfer
9f2dc132-e4e1-5fdd-8c83-94cf3ac084ec,29c05c2c-19f0-5e72-bb10-5da2034da31d,3a0193eb-996c-5d2a-a3ae-e623d5e8a144,33000,KZT,2026-08-31T09:00:00+00:00,sim-device-06,MOBILE,BASELINE,AUTHORED_NORMAL,Grocery purchase
26cf2f64-ebcb-522a-b910-252240bdae12,29c05c2c-19f0-5e72-bb10-5da2034da31d,29e76ee8-a66a-5d08-8a30-6c0f12df49c4,29000,KZT,2026-08-31T10:00:00+00:00,sim-device-06,MOBILE,BASELINE,AUTHORED_NORMAL,Monthly utility payment
45cd8b1a-8b5c-5805-8b34-2baf5f1b8504,29c05c2c-19f0-5e72-bb10-5da2034da31d,8ecd23f2-83be-57cd-ae65-fccef975ae31,22000,KZT,2026-09-01T09:00:00+00:00,sim-device-06,MOBILE,BASELINE,AUTHORED_NORMAL,Household transfer
b2ee793d-9187-5ad1-aa59-e83e239cbe52,29c05c2c-19f0-5e72-bb10-5da2034da31d,3a0193eb-996c-5d2a-a3ae-e623d5e8a144,31000,KZT,2026-09-01T10:00:00+00:00,sim-device-06,MOBILE,BASELINE,AUTHORED_NORMAL,Grocery purchase
1c26a583-0aee-5c0a-8af1-855dabf1c8f7,29c05c2c-19f0-5e72-bb10-5da2034da31d,29e76ee8-a66a-5d08-8a30-6c0f12df49c4,28000,KZT,2026-09-02T09:00:00+00:00,sim-device-06,MOBILE,BASELINE,AUTHORED_NORMAL,Monthly utility payment
4ce284dd-3cf6-5a8d-9970-784e13669ca0,29c05c2c-19f0-5e72-bb10-5da2034da31d,8ecd23f2-83be-57cd-ae65-fccef975ae31,35000,KZT,2026-09-02T10:00:00+00:00,sim-device-06,MOBILE,BASELINE,AUTHORED_NORMAL,Household transfer
0a62db8e-5db8-584b-8950-9cbe8e4a2dfa,29c05c2c-19f0-5e72-bb10-5da2034da31d,3a0193eb-996c-5d2a-a3ae-e623d5e8a144,26000,KZT,2026-09-03T09:00:00+00:00,sim-device-06,MOBILE,BASELINE,AUTHORED_NORMAL,Grocery purchase
898da986-595f-5de9-a9f1-eb883798645f,29c05c2c-19f0-5e72-bb10-5da2034da31d,29e76ee8-a66a-5d08-8a30-6c0f12df49c4,33000,KZT,2026-09-03T10:00:00+00:00,sim-device-06,MOBILE,BASELINE,AUTHORED_NORMAL,Monthly utility payment
7fa932f9-60bd-5bb7-ab91-1b118e674e9a,29c05c2c-19f0-5e72-bb10-5da2034da31d,8ecd23f2-83be-57cd-ae65-fccef975ae31,29000,KZT,2026-09-04T09:00:00+00:00,sim-device-06,MOBILE,BASELINE,AUTHORED_NORMAL,Household transfer
8adef2b9-9194-5419-b7a3-422e0c3d078d,29c05c2c-19f0-5e72-bb10-5da2034da31d,3a0193eb-996c-5d2a-a3ae-e623d5e8a144,22000,KZT,2026-09-04T10:00:00+00:00,sim-device-06,MOBILE,BASELINE,AUTHORED_NORMAL,Grocery purchase
4a7e76f0-5fc6-5cc2-b615-581d4ea35879,29c05c2c-19f0-5e72-bb10-5da2034da31d,29e76ee8-a66a-5d08-8a30-6c0f12df49c4,31000,KZT,2026-09-05T09:00:00+00:00,sim-device-06,MOBILE,BASELINE,AUTHORED_NORMAL,Monthly utility payment
78492c45-6e07-57f4-82f6-9bcf80f21c5a,29c05c2c-19f0-5e72-bb10-5da2034da31d,8ecd23f2-83be-57cd-ae65-fccef975ae31,28000,KZT,2026-09-05T10:00:00+00:00,sim-device-06,MOBILE,BASELINE,AUTHORED_NORMAL,Household transfer
a33f96b6-aa5c-5ccb-8bdf-1ef4828a690b,29c05c2c-19f0-5e72-bb10-5da2034da31d,3a0193eb-996c-5d2a-a3ae-e623d5e8a144,35000,KZT,2026-09-06T09:00:00+00:00,sim-device-06,MOBILE,BASELINE,AUTHORED_NORMAL,Grocery purchase
03682b1a-21d6-5a1c-a4fa-76ea1acdbf26,29c05c2c-19f0-5e72-bb10-5da2034da31d,29e76ee8-a66a-5d08-8a30-6c0f12df49c4,26000,KZT,2026-09-06T10:00:00+00:00,sim-device-06,MOBILE,BASELINE,AUTHORED_NORMAL,Monthly utility payment
399257ed-40bb-5ccb-90c2-c025ccf6b559,29c05c2c-19f0-5e72-bb10-5da2034da31d,8ecd23f2-83be-57cd-ae65-fccef975ae31,33000,KZT,2026-09-07T09:00:00+00:00,sim-device-06,MOBILE,BASELINE,AUTHORED_NORMAL,Household transfer
17b593e0-56ea-5520-bd84-1c0848ffddf9,29c05c2c-19f0-5e72-bb10-5da2034da31d,3a0193eb-996c-5d2a-a3ae-e623d5e8a144,29000,KZT,2026-09-07T10:00:00+00:00,sim-device-06,MOBILE,BASELINE,AUTHORED_NORMAL,Grocery purchase
df62c662-e39f-52c2-a148-f4e87f5511ec,29c05c2c-19f0-5e72-bb10-5da2034da31d,29e76ee8-a66a-5d08-8a30-6c0f12df49c4,22000,KZT,2026-09-08T09:00:00+00:00,sim-device-06,MOBILE,BASELINE,AUTHORED_NORMAL,Monthly utility payment
42cf56d7-5cdb-5f73-9461-1d1c381109d6,29c05c2c-19f0-5e72-bb10-5da2034da31d,8ecd23f2-83be-57cd-ae65-fccef975ae31,31000,KZT,2026-09-08T10:00:00+00:00,sim-device-06,MOBILE,BASELINE,AUTHORED_NORMAL,Household transfer
0fe9e94f-3179-51a4-a14c-f00d3af4f5e4,29c05c2c-19f0-5e72-bb10-5da2034da31d,3a0193eb-996c-5d2a-a3ae-e623d5e8a144,28000,KZT,2026-09-09T09:00:00+00:00,sim-device-06,MOBILE,BASELINE,AUTHORED_NORMAL,Grocery purchase
f08dab53-3110-519f-a85a-d85e32c48934,29c05c2c-19f0-5e72-bb10-5da2034da31d,29e76ee8-a66a-5d08-8a30-6c0f12df49c4,35000,KZT,2026-09-09T10:00:00+00:00,sim-device-06,MOBILE,BASELINE,AUTHORED_NORMAL,Monthly utility payment
15ae2d2e-1d6c-5531-b5f6-374239f6892c,29c05c2c-19f0-5e72-bb10-5da2034da31d,8ecd23f2-83be-57cd-ae65-fccef975ae31,26000,KZT,2026-09-10T09:00:00+00:00,sim-device-06,MOBILE,BASELINE,AUTHORED_NORMAL,Household transfer
f2dbf306-7f51-51d1-b42b-1b5096004030,29c05c2c-19f0-5e72-bb10-5da2034da31d,3a0193eb-996c-5d2a-a3ae-e623d5e8a144,33000,KZT,2026-09-10T10:00:00+00:00,sim-device-06,MOBILE,BASELINE,AUTHORED_NORMAL,Grocery purchase
ef222636-097b-5474-a532-a8abb19abde8,29c05c2c-19f0-5e72-bb10-5da2034da31d,29e76ee8-a66a-5d08-8a30-6c0f12df49c4,29000,KZT,2026-09-11T09:00:00+00:00,sim-device-06,MOBILE,BASELINE,AUTHORED_NORMAL,Monthly utility payment
cc085b4f-4523-505a-8b42-4b61aedeb778,29c05c2c-19f0-5e72-bb10-5da2034da31d,8ecd23f2-83be-57cd-ae65-fccef975ae31,22000,KZT,2026-09-11T10:00:00+00:00,sim-device-06,MOBILE,BASELINE,AUTHORED_NORMAL,Household transfer
c183b529-7320-5b4e-b45e-34461fa05755,29c05c2c-19f0-5e72-bb10-5da2034da31d,3a0193eb-996c-5d2a-a3ae-e623d5e8a144,31000,KZT,2026-09-12T09:00:00+00:00,sim-device-06,MOBILE,BASELINE,AUTHORED_NORMAL,Grocery purchase
83c005db-f01e-5a9f-a54c-cb6b9e16a323,29c05c2c-19f0-5e72-bb10-5da2034da31d,29e76ee8-a66a-5d08-8a30-6c0f12df49c4,28000,KZT,2026-09-12T10:00:00+00:00,sim-device-06,MOBILE,BASELINE,AUTHORED_NORMAL,Monthly utility payment
27d9f3d9-d450-5dc4-884e-b2a8258108f5,29c05c2c-19f0-5e72-bb10-5da2034da31d,8ecd23f2-83be-57cd-ae65-fccef975ae31,35000,KZT,2026-09-13T09:00:00+00:00,sim-device-06,MOBILE,BASELINE,AUTHORED_NORMAL,Household transfer
b91d1961-136d-59d3-a3ac-666416d5d93d,29c05c2c-19f0-5e72-bb10-5da2034da31d,3a0193eb-996c-5d2a-a3ae-e623d5e8a144,26000,KZT,2026-09-13T10:00:00+00:00,sim-device-06,MOBILE,BASELINE,AUTHORED_NORMAL,Grocery purchase
c1e10878-5cba-5994-a840-10622b79260f,29c05c2c-19f0-5e72-bb10-5da2034da31d,29e76ee8-a66a-5d08-8a30-6c0f12df49c4,33000,KZT,2026-09-14T09:00:00+00:00,sim-device-06,MOBILE,BASELINE,AUTHORED_NORMAL,Monthly utility payment
4f486c0e-dd3e-5e13-81cd-2b692b634c57,29c05c2c-19f0-5e72-bb10-5da2034da31d,8ecd23f2-83be-57cd-ae65-fccef975ae31,29000,KZT,2026-09-14T10:00:00+00:00,sim-device-06,MOBILE,BASELINE,AUTHORED_NORMAL,Household transfer
12b227af-5cd9-5b7f-aba8-425d7fd7ff2b,29c05c2c-19f0-5e72-bb10-5da2034da31d,3a0193eb-996c-5d2a-a3ae-e623d5e8a144,22000,KZT,2026-09-15T09:00:00+00:00,sim-device-06,MOBILE,BASELINE,AUTHORED_NORMAL,Grocery purchase
a8a64707-20a7-5e6d-ad0f-9895219ed7fc,29c05c2c-19f0-5e72-bb10-5da2034da31d,29e76ee8-a66a-5d08-8a30-6c0f12df49c4,31000,KZT,2026-09-15T10:00:00+00:00,sim-device-06,MOBILE,BASELINE,AUTHORED_NORMAL,Monthly utility payment
5ce60d01-ca03-5936-b052-3ea93cb4a462,29c05c2c-19f0-5e72-bb10-5da2034da31d,8ecd23f2-83be-57cd-ae65-fccef975ae31,28000,KZT,2026-09-16T09:00:00+00:00,sim-device-06,MOBILE,BASELINE,AUTHORED_NORMAL,Household transfer
abc493fc-7ee1-50f8-b4bd-7b4e21204ea3,29c05c2c-19f0-5e72-bb10-5da2034da31d,3a0193eb-996c-5d2a-a3ae-e623d5e8a144,35000,KZT,2026-09-16T10:00:00+00:00,sim-device-06,MOBILE,BASELINE,AUTHORED_NORMAL,Grocery purchase
92bdfbda-cc6a-5c55-a8ce-3cdaa341150f,29c05c2c-19f0-5e72-bb10-5da2034da31d,29e76ee8-a66a-5d08-8a30-6c0f12df49c4,26000,KZT,2026-09-17T09:00:00+00:00,sim-device-06,MOBILE,BASELINE,AUTHORED_NORMAL,Monthly utility payment
a2722603-7383-51e6-8567-5b6a122ce0e8,29c05c2c-19f0-5e72-bb10-5da2034da31d,8ecd23f2-83be-57cd-ae65-fccef975ae31,33000,KZT,2026-09-17T10:00:00+00:00,sim-device-06,MOBILE,BASELINE,AUTHORED_NORMAL,Household transfer
323612d7-2d27-522b-a4a7-689b259e3112,29c05c2c-19f0-5e72-bb10-5da2034da31d,3a0193eb-996c-5d2a-a3ae-e623d5e8a144,29000,KZT,2026-09-18T09:00:00+00:00,sim-device-06,MOBILE,BASELINE,AUTHORED_NORMAL,Grocery purchase
40037bba-dfa0-5d0d-ad5b-f1e67e3e62e0,29c05c2c-19f0-5e72-bb10-5da2034da31d,29e76ee8-a66a-5d08-8a30-6c0f12df49c4,22000,KZT,2026-09-18T10:00:00+00:00,sim-device-06,MOBILE,BASELINE,AUTHORED_NORMAL,Monthly utility payment
8dcdbeb6-c466-560a-9a60-774b5be2cca1,29c05c2c-19f0-5e72-bb10-5da2034da31d,8ecd23f2-83be-57cd-ae65-fccef975ae31,31000,KZT,2026-09-19T09:00:00+00:00,sim-device-06,MOBILE,BASELINE,AUTHORED_NORMAL,Household transfer
1aa8d8c1-d6d4-533b-ba47-f82abeea8e37,29c05c2c-19f0-5e72-bb10-5da2034da31d,3a0193eb-996c-5d2a-a3ae-e623d5e8a144,28000,KZT,2026-09-19T10:00:00+00:00,sim-device-06,MOBILE,BASELINE,AUTHORED_NORMAL,Grocery purchase
8093fa56-fea3-521e-9c34-662f72dd0cc0,84c8c81d-2d57-5ca4-9b9d-13c09cbdd6ca,e9c75e2a-f1a5-54c1-bbed-91f3aa8528c6,22000,KZT,2026-06-12T09:00:00+00:00,sim-device-07,MOBILE,BASELINE,AUTHORED_NORMAL,Household transfer
8261c084-bb09-56de-b8dd-aadd917d8f19,84c8c81d-2d57-5ca4-9b9d-13c09cbdd6ca,7b4d3ad2-d76c-57bd-8b03-b7e82e69f0a4,31000,KZT,2026-06-12T10:00:00+00:00,sim-device-07,MOBILE,BASELINE,AUTHORED_NORMAL,Grocery purchase
eb39a05c-9048-5cd8-92bb-e25fdf1d1141,84c8c81d-2d57-5ca4-9b9d-13c09cbdd6ca,a6ed3789-3e00-58f9-8796-548dc7e25355,28000,KZT,2026-06-13T09:00:00+00:00,sim-device-07,MOBILE,BASELINE,AUTHORED_NORMAL,Monthly utility payment
09b93667-ec10-5d42-be82-566953bf5674,84c8c81d-2d57-5ca4-9b9d-13c09cbdd6ca,e9c75e2a-f1a5-54c1-bbed-91f3aa8528c6,35000,KZT,2026-06-13T10:00:00+00:00,sim-device-07,MOBILE,BASELINE,AUTHORED_NORMAL,Household transfer
346d3bef-499f-5004-aff5-58206b20deef,84c8c81d-2d57-5ca4-9b9d-13c09cbdd6ca,7b4d3ad2-d76c-57bd-8b03-b7e82e69f0a4,26000,KZT,2026-06-14T09:00:00+00:00,sim-device-07,MOBILE,BASELINE,AUTHORED_NORMAL,Grocery purchase
61e73065-00cd-5515-b56f-82aa2647854c,84c8c81d-2d57-5ca4-9b9d-13c09cbdd6ca,a6ed3789-3e00-58f9-8796-548dc7e25355,33000,KZT,2026-06-14T10:00:00+00:00,sim-device-07,MOBILE,BASELINE,AUTHORED_NORMAL,Monthly utility payment
575c01f8-9a85-5da6-9472-2fa93fc80a92,84c8c81d-2d57-5ca4-9b9d-13c09cbdd6ca,e9c75e2a-f1a5-54c1-bbed-91f3aa8528c6,29000,KZT,2026-06-15T09:00:00+00:00,sim-device-07,MOBILE,BASELINE,AUTHORED_NORMAL,Household transfer
de2b270c-8ebe-53b2-80ef-f0b2662034da,84c8c81d-2d57-5ca4-9b9d-13c09cbdd6ca,7b4d3ad2-d76c-57bd-8b03-b7e82e69f0a4,22000,KZT,2026-06-15T10:00:00+00:00,sim-device-07,MOBILE,BASELINE,AUTHORED_NORMAL,Grocery purchase
7ffceb37-6dcb-583c-afa2-e9f4a2327a7a,84c8c81d-2d57-5ca4-9b9d-13c09cbdd6ca,a6ed3789-3e00-58f9-8796-548dc7e25355,31000,KZT,2026-06-16T09:00:00+00:00,sim-device-07,MOBILE,BASELINE,AUTHORED_NORMAL,Monthly utility payment
f50bfbd0-ecf4-5477-aafa-b72354882738,84c8c81d-2d57-5ca4-9b9d-13c09cbdd6ca,e9c75e2a-f1a5-54c1-bbed-91f3aa8528c6,28000,KZT,2026-06-16T10:00:00+00:00,sim-device-07,MOBILE,BASELINE,AUTHORED_NORMAL,Household transfer
6e1a78a2-9680-5356-9d64-e06858ee98b6,84c8c81d-2d57-5ca4-9b9d-13c09cbdd6ca,7b4d3ad2-d76c-57bd-8b03-b7e82e69f0a4,35000,KZT,2026-06-17T09:00:00+00:00,sim-device-07,MOBILE,BASELINE,AUTHORED_NORMAL,Grocery purchase
a104045b-c6b6-5d9a-89fb-55b0a32f55cf,84c8c81d-2d57-5ca4-9b9d-13c09cbdd6ca,a6ed3789-3e00-58f9-8796-548dc7e25355,26000,KZT,2026-06-17T10:00:00+00:00,sim-device-07,MOBILE,BASELINE,AUTHORED_NORMAL,Monthly utility payment
ba8f5386-2814-5cab-937a-5612102940d9,84c8c81d-2d57-5ca4-9b9d-13c09cbdd6ca,e9c75e2a-f1a5-54c1-bbed-91f3aa8528c6,33000,KZT,2026-06-18T09:00:00+00:00,sim-device-07,MOBILE,BASELINE,AUTHORED_NORMAL,Household transfer
809a33a0-d8d8-5f12-a4bf-5b058316b390,84c8c81d-2d57-5ca4-9b9d-13c09cbdd6ca,7b4d3ad2-d76c-57bd-8b03-b7e82e69f0a4,29000,KZT,2026-06-18T10:00:00+00:00,sim-device-07,MOBILE,BASELINE,AUTHORED_NORMAL,Grocery purchase
e8a3b18b-a947-592f-89f7-8773e136dd69,84c8c81d-2d57-5ca4-9b9d-13c09cbdd6ca,a6ed3789-3e00-58f9-8796-548dc7e25355,22000,KZT,2026-06-19T09:00:00+00:00,sim-device-07,MOBILE,BASELINE,AUTHORED_NORMAL,Monthly utility payment
4389d497-8264-53cd-af8c-48491a6cb0ab,84c8c81d-2d57-5ca4-9b9d-13c09cbdd6ca,e9c75e2a-f1a5-54c1-bbed-91f3aa8528c6,31000,KZT,2026-06-19T10:00:00+00:00,sim-device-07,MOBILE,BASELINE,AUTHORED_NORMAL,Household transfer
5aa4d6d3-d5bf-568f-abfe-08d455b9cff5,84c8c81d-2d57-5ca4-9b9d-13c09cbdd6ca,7b4d3ad2-d76c-57bd-8b03-b7e82e69f0a4,28000,KZT,2026-06-20T09:00:00+00:00,sim-device-07,MOBILE,BASELINE,AUTHORED_NORMAL,Grocery purchase
cb6f722f-b7fd-5b56-8375-fd6255197b69,84c8c81d-2d57-5ca4-9b9d-13c09cbdd6ca,a6ed3789-3e00-58f9-8796-548dc7e25355,35000,KZT,2026-06-20T10:00:00+00:00,sim-device-07,MOBILE,BASELINE,AUTHORED_NORMAL,Monthly utility payment
420d2208-0959-5817-b616-77286a6788e0,84c8c81d-2d57-5ca4-9b9d-13c09cbdd6ca,e9c75e2a-f1a5-54c1-bbed-91f3aa8528c6,26000,KZT,2026-06-21T09:00:00+00:00,sim-device-07,MOBILE,BASELINE,AUTHORED_NORMAL,Household transfer
64d5d17d-b448-5acf-94bd-dcce06c0bdc1,84c8c81d-2d57-5ca4-9b9d-13c09cbdd6ca,7b4d3ad2-d76c-57bd-8b03-b7e82e69f0a4,33000,KZT,2026-06-21T10:00:00+00:00,sim-device-07,MOBILE,BASELINE,AUTHORED_NORMAL,Grocery purchase
72458998-e462-578f-8a75-2ea71b99cb1c,84c8c81d-2d57-5ca4-9b9d-13c09cbdd6ca,a6ed3789-3e00-58f9-8796-548dc7e25355,29000,KZT,2026-06-22T09:00:00+00:00,sim-device-07,MOBILE,BASELINE,AUTHORED_NORMAL,Monthly utility payment
e2c698c4-0081-54d2-8cc3-ed70541dcc81,84c8c81d-2d57-5ca4-9b9d-13c09cbdd6ca,e9c75e2a-f1a5-54c1-bbed-91f3aa8528c6,22000,KZT,2026-06-22T10:00:00+00:00,sim-device-07,MOBILE,BASELINE,AUTHORED_NORMAL,Household transfer
c8b5c9a1-ca37-5c8a-a7ac-61332ccfb725,84c8c81d-2d57-5ca4-9b9d-13c09cbdd6ca,7b4d3ad2-d76c-57bd-8b03-b7e82e69f0a4,31000,KZT,2026-06-23T09:00:00+00:00,sim-device-07,MOBILE,BASELINE,AUTHORED_NORMAL,Grocery purchase
7900f523-6096-54f7-a93e-4280ee4dd31e,84c8c81d-2d57-5ca4-9b9d-13c09cbdd6ca,a6ed3789-3e00-58f9-8796-548dc7e25355,28000,KZT,2026-06-23T10:00:00+00:00,sim-device-07,MOBILE,BASELINE,AUTHORED_NORMAL,Monthly utility payment
5d3ae597-4441-5a7a-a5ce-8bf5ca5daf2e,84c8c81d-2d57-5ca4-9b9d-13c09cbdd6ca,e9c75e2a-f1a5-54c1-bbed-91f3aa8528c6,35000,KZT,2026-06-24T09:00:00+00:00,sim-device-07,MOBILE,BASELINE,AUTHORED_NORMAL,Household transfer
699bc268-5faa-53f5-a1b2-d8bf5ef2ae92,84c8c81d-2d57-5ca4-9b9d-13c09cbdd6ca,7b4d3ad2-d76c-57bd-8b03-b7e82e69f0a4,26000,KZT,2026-06-24T10:00:00+00:00,sim-device-07,MOBILE,BASELINE,AUTHORED_NORMAL,Grocery purchase
fb7c619d-67e8-5662-bf2c-7e25238299d0,84c8c81d-2d57-5ca4-9b9d-13c09cbdd6ca,a6ed3789-3e00-58f9-8796-548dc7e25355,33000,KZT,2026-06-25T09:00:00+00:00,sim-device-07,MOBILE,BASELINE,AUTHORED_NORMAL,Monthly utility payment
44b168d0-0131-54fb-90e4-4096ddb12a7e,84c8c81d-2d57-5ca4-9b9d-13c09cbdd6ca,e9c75e2a-f1a5-54c1-bbed-91f3aa8528c6,29000,KZT,2026-06-25T10:00:00+00:00,sim-device-07,MOBILE,BASELINE,AUTHORED_NORMAL,Household transfer
e6e61611-39ec-5eff-82b4-7035b93d38ff,84c8c81d-2d57-5ca4-9b9d-13c09cbdd6ca,7b4d3ad2-d76c-57bd-8b03-b7e82e69f0a4,22000,KZT,2026-06-26T09:00:00+00:00,sim-device-07,MOBILE,BASELINE,AUTHORED_NORMAL,Grocery purchase
fdb06a76-8319-57b8-a8d0-b93d20d5d404,84c8c81d-2d57-5ca4-9b9d-13c09cbdd6ca,a6ed3789-3e00-58f9-8796-548dc7e25355,31000,KZT,2026-06-26T10:00:00+00:00,sim-device-07,MOBILE,BASELINE,AUTHORED_NORMAL,Monthly utility payment
931fe21e-9057-576b-9238-be86ea1d5d9e,84c8c81d-2d57-5ca4-9b9d-13c09cbdd6ca,e9c75e2a-f1a5-54c1-bbed-91f3aa8528c6,28000,KZT,2026-06-27T09:00:00+00:00,sim-device-07,MOBILE,BASELINE,AUTHORED_NORMAL,Household transfer
c3db9d37-d076-5f2d-8147-7193d59df6e4,84c8c81d-2d57-5ca4-9b9d-13c09cbdd6ca,7b4d3ad2-d76c-57bd-8b03-b7e82e69f0a4,35000,KZT,2026-06-27T10:00:00+00:00,sim-device-07,MOBILE,BASELINE,AUTHORED_NORMAL,Grocery purchase
c8ff8ae2-866d-52ee-b251-25283100ae79,84c8c81d-2d57-5ca4-9b9d-13c09cbdd6ca,a6ed3789-3e00-58f9-8796-548dc7e25355,26000,KZT,2026-06-28T09:00:00+00:00,sim-device-07,MOBILE,BASELINE,AUTHORED_NORMAL,Monthly utility payment
f2a9bc54-8854-5555-afb4-f0dae3771067,84c8c81d-2d57-5ca4-9b9d-13c09cbdd6ca,e9c75e2a-f1a5-54c1-bbed-91f3aa8528c6,33000,KZT,2026-06-28T10:00:00+00:00,sim-device-07,MOBILE,BASELINE,AUTHORED_NORMAL,Household transfer
aa897598-7cf9-5fbe-a315-b6d36ea21817,84c8c81d-2d57-5ca4-9b9d-13c09cbdd6ca,7b4d3ad2-d76c-57bd-8b03-b7e82e69f0a4,29000,KZT,2026-06-29T09:00:00+00:00,sim-device-07,MOBILE,BASELINE,AUTHORED_NORMAL,Grocery purchase
8c2457a6-faa2-562f-8a7a-af05670c9d88,84c8c81d-2d57-5ca4-9b9d-13c09cbdd6ca,a6ed3789-3e00-58f9-8796-548dc7e25355,22000,KZT,2026-06-29T10:00:00+00:00,sim-device-07,MOBILE,BASELINE,AUTHORED_NORMAL,Monthly utility payment
75154317-c320-57c1-9890-2d86e5cec386,84c8c81d-2d57-5ca4-9b9d-13c09cbdd6ca,e9c75e2a-f1a5-54c1-bbed-91f3aa8528c6,31000,KZT,2026-06-30T09:00:00+00:00,sim-device-07,MOBILE,BASELINE,AUTHORED_NORMAL,Household transfer
3e3b906c-6d41-5920-97a7-e8df096b5bcf,84c8c81d-2d57-5ca4-9b9d-13c09cbdd6ca,7b4d3ad2-d76c-57bd-8b03-b7e82e69f0a4,28000,KZT,2026-06-30T10:00:00+00:00,sim-device-07,MOBILE,BASELINE,AUTHORED_NORMAL,Grocery purchase
db46283d-dbd1-595d-834a-53160f9753f4,84c8c81d-2d57-5ca4-9b9d-13c09cbdd6ca,a6ed3789-3e00-58f9-8796-548dc7e25355,35000,KZT,2026-07-01T09:00:00+00:00,sim-device-07,MOBILE,BASELINE,AUTHORED_NORMAL,Monthly utility payment
b9e8073f-61b7-5873-94c1-ffb1117d39c0,84c8c81d-2d57-5ca4-9b9d-13c09cbdd6ca,e9c75e2a-f1a5-54c1-bbed-91f3aa8528c6,26000,KZT,2026-07-01T10:00:00+00:00,sim-device-07,MOBILE,BASELINE,AUTHORED_NORMAL,Household transfer
21bcebad-2fe0-54c6-a690-c2f2d0bf1887,84c8c81d-2d57-5ca4-9b9d-13c09cbdd6ca,7b4d3ad2-d76c-57bd-8b03-b7e82e69f0a4,33000,KZT,2026-07-02T09:00:00+00:00,sim-device-07,MOBILE,BASELINE,AUTHORED_NORMAL,Grocery purchase
2ccead2f-be2e-5553-ac65-47a85c21b874,84c8c81d-2d57-5ca4-9b9d-13c09cbdd6ca,a6ed3789-3e00-58f9-8796-548dc7e25355,29000,KZT,2026-07-02T10:00:00+00:00,sim-device-07,MOBILE,BASELINE,AUTHORED_NORMAL,Monthly utility payment
e67ff515-c4a3-5ac6-a971-1f415a72205b,84c8c81d-2d57-5ca4-9b9d-13c09cbdd6ca,e9c75e2a-f1a5-54c1-bbed-91f3aa8528c6,22000,KZT,2026-07-03T09:00:00+00:00,sim-device-07,MOBILE,BASELINE,AUTHORED_NORMAL,Household transfer
ef0182ae-2612-5a2e-9962-18034bd5ccbf,84c8c81d-2d57-5ca4-9b9d-13c09cbdd6ca,7b4d3ad2-d76c-57bd-8b03-b7e82e69f0a4,31000,KZT,2026-07-03T10:00:00+00:00,sim-device-07,MOBILE,BASELINE,AUTHORED_NORMAL,Grocery purchase
6d80f43c-4752-556d-be41-415ebe9c49a4,84c8c81d-2d57-5ca4-9b9d-13c09cbdd6ca,a6ed3789-3e00-58f9-8796-548dc7e25355,28000,KZT,2026-07-04T09:00:00+00:00,sim-device-07,MOBILE,BASELINE,AUTHORED_NORMAL,Monthly utility payment
8a00da10-7250-5dff-b790-79b72916d0a9,84c8c81d-2d57-5ca4-9b9d-13c09cbdd6ca,e9c75e2a-f1a5-54c1-bbed-91f3aa8528c6,35000,KZT,2026-07-04T10:00:00+00:00,sim-device-07,MOBILE,BASELINE,AUTHORED_NORMAL,Household transfer
25d39532-19f1-5951-a549-018f6acaec79,84c8c81d-2d57-5ca4-9b9d-13c09cbdd6ca,7b4d3ad2-d76c-57bd-8b03-b7e82e69f0a4,26000,KZT,2026-07-05T09:00:00+00:00,sim-device-07,MOBILE,BASELINE,AUTHORED_NORMAL,Grocery purchase
5f6fc7cf-7c52-5e55-9ed8-53bce21548b7,84c8c81d-2d57-5ca4-9b9d-13c09cbdd6ca,a6ed3789-3e00-58f9-8796-548dc7e25355,33000,KZT,2026-07-05T10:00:00+00:00,sim-device-07,MOBILE,BASELINE,AUTHORED_NORMAL,Monthly utility payment
7bd009d7-fd52-5632-963f-955a0ff8b38c,84c8c81d-2d57-5ca4-9b9d-13c09cbdd6ca,e9c75e2a-f1a5-54c1-bbed-91f3aa8528c6,29000,KZT,2026-07-06T09:00:00+00:00,sim-device-07,MOBILE,BASELINE,AUTHORED_NORMAL,Household transfer
4bfa8ef0-83ee-5423-9382-9825af04b3a3,84c8c81d-2d57-5ca4-9b9d-13c09cbdd6ca,7b4d3ad2-d76c-57bd-8b03-b7e82e69f0a4,22000,KZT,2026-07-06T10:00:00+00:00,sim-device-07,MOBILE,BASELINE,AUTHORED_NORMAL,Grocery purchase
86e23fe1-26da-5e1a-ad30-e08eb39beb38,84c8c81d-2d57-5ca4-9b9d-13c09cbdd6ca,a6ed3789-3e00-58f9-8796-548dc7e25355,31000,KZT,2026-07-07T09:00:00+00:00,sim-device-07,MOBILE,BASELINE,AUTHORED_NORMAL,Monthly utility payment
bff02366-bf01-5dff-a5df-1b8c640efbe4,84c8c81d-2d57-5ca4-9b9d-13c09cbdd6ca,e9c75e2a-f1a5-54c1-bbed-91f3aa8528c6,28000,KZT,2026-07-07T10:00:00+00:00,sim-device-07,MOBILE,BASELINE,AUTHORED_NORMAL,Household transfer
0beec530-638f-5bd6-9557-888dff9a0d00,84c8c81d-2d57-5ca4-9b9d-13c09cbdd6ca,7b4d3ad2-d76c-57bd-8b03-b7e82e69f0a4,35000,KZT,2026-07-08T09:00:00+00:00,sim-device-07,MOBILE,BASELINE,AUTHORED_NORMAL,Grocery purchase
05080b22-d8e4-54f1-ad14-a53334b247e8,84c8c81d-2d57-5ca4-9b9d-13c09cbdd6ca,a6ed3789-3e00-58f9-8796-548dc7e25355,26000,KZT,2026-07-08T10:00:00+00:00,sim-device-07,MOBILE,BASELINE,AUTHORED_NORMAL,Monthly utility payment
12cf4310-4158-5abe-95cf-86b71ddf2894,84c8c81d-2d57-5ca4-9b9d-13c09cbdd6ca,e9c75e2a-f1a5-54c1-bbed-91f3aa8528c6,33000,KZT,2026-07-09T09:00:00+00:00,sim-device-07,MOBILE,BASELINE,AUTHORED_NORMAL,Household transfer
a4e7cc9f-08e2-5dd5-a4a2-d6123ebe6b0a,84c8c81d-2d57-5ca4-9b9d-13c09cbdd6ca,7b4d3ad2-d76c-57bd-8b03-b7e82e69f0a4,29000,KZT,2026-07-09T10:00:00+00:00,sim-device-07,MOBILE,BASELINE,AUTHORED_NORMAL,Grocery purchase
7e2a004d-e198-54cf-b272-c48a9d2857fb,84c8c81d-2d57-5ca4-9b9d-13c09cbdd6ca,a6ed3789-3e00-58f9-8796-548dc7e25355,22000,KZT,2026-07-10T09:00:00+00:00,sim-device-07,MOBILE,BASELINE,AUTHORED_NORMAL,Monthly utility payment
1e8b9481-b99d-567e-8f76-05d67b9ba082,84c8c81d-2d57-5ca4-9b9d-13c09cbdd6ca,e9c75e2a-f1a5-54c1-bbed-91f3aa8528c6,31000,KZT,2026-07-10T10:00:00+00:00,sim-device-07,MOBILE,BASELINE,AUTHORED_NORMAL,Household transfer
72357ba7-93a0-5d76-a22f-e9c238d2a5a2,84c8c81d-2d57-5ca4-9b9d-13c09cbdd6ca,7b4d3ad2-d76c-57bd-8b03-b7e82e69f0a4,28000,KZT,2026-07-11T09:00:00+00:00,sim-device-07,MOBILE,BASELINE,AUTHORED_NORMAL,Grocery purchase
5f52965e-b63f-52c9-b519-f6a28c3af570,84c8c81d-2d57-5ca4-9b9d-13c09cbdd6ca,a6ed3789-3e00-58f9-8796-548dc7e25355,35000,KZT,2026-07-11T10:00:00+00:00,sim-device-07,MOBILE,BASELINE,AUTHORED_NORMAL,Monthly utility payment
63d14bf3-9c3e-5b02-899e-ad7994e35471,84c8c81d-2d57-5ca4-9b9d-13c09cbdd6ca,e9c75e2a-f1a5-54c1-bbed-91f3aa8528c6,26000,KZT,2026-07-12T09:00:00+00:00,sim-device-07,MOBILE,BASELINE,AUTHORED_NORMAL,Household transfer
466ca699-b4cc-5f33-a5e0-e7964a3a2819,84c8c81d-2d57-5ca4-9b9d-13c09cbdd6ca,7b4d3ad2-d76c-57bd-8b03-b7e82e69f0a4,33000,KZT,2026-07-12T10:00:00+00:00,sim-device-07,MOBILE,BASELINE,AUTHORED_NORMAL,Grocery purchase
85198252-9a4a-5464-8469-984827166033,84c8c81d-2d57-5ca4-9b9d-13c09cbdd6ca,a6ed3789-3e00-58f9-8796-548dc7e25355,29000,KZT,2026-07-13T09:00:00+00:00,sim-device-07,MOBILE,BASELINE,AUTHORED_NORMAL,Monthly utility payment
18f1cc37-2370-5ea4-af71-9d8402e8ada5,84c8c81d-2d57-5ca4-9b9d-13c09cbdd6ca,e9c75e2a-f1a5-54c1-bbed-91f3aa8528c6,22000,KZT,2026-07-13T10:00:00+00:00,sim-device-07,MOBILE,BASELINE,AUTHORED_NORMAL,Household transfer
5e810331-32f9-57a5-9092-ff9f1d88ee5c,84c8c81d-2d57-5ca4-9b9d-13c09cbdd6ca,7b4d3ad2-d76c-57bd-8b03-b7e82e69f0a4,31000,KZT,2026-07-14T09:00:00+00:00,sim-device-07,MOBILE,BASELINE,AUTHORED_NORMAL,Grocery purchase
7c820079-70d8-5a37-a48e-fde812d694d8,84c8c81d-2d57-5ca4-9b9d-13c09cbdd6ca,a6ed3789-3e00-58f9-8796-548dc7e25355,28000,KZT,2026-07-14T10:00:00+00:00,sim-device-07,MOBILE,BASELINE,AUTHORED_NORMAL,Monthly utility payment
0e484c4c-5043-5cfb-984d-118665c306d0,84c8c81d-2d57-5ca4-9b9d-13c09cbdd6ca,e9c75e2a-f1a5-54c1-bbed-91f3aa8528c6,35000,KZT,2026-07-15T09:00:00+00:00,sim-device-07,MOBILE,BASELINE,AUTHORED_NORMAL,Household transfer
ac3d6d0f-66e0-5157-80e8-e3a5de296d6f,84c8c81d-2d57-5ca4-9b9d-13c09cbdd6ca,7b4d3ad2-d76c-57bd-8b03-b7e82e69f0a4,26000,KZT,2026-07-15T10:00:00+00:00,sim-device-07,MOBILE,BASELINE,AUTHORED_NORMAL,Grocery purchase
5817e813-6405-5a9b-8475-f72d7de3c9b5,84c8c81d-2d57-5ca4-9b9d-13c09cbdd6ca,a6ed3789-3e00-58f9-8796-548dc7e25355,33000,KZT,2026-07-16T09:00:00+00:00,sim-device-07,MOBILE,BASELINE,AUTHORED_NORMAL,Monthly utility payment
9fbf0cea-6ad2-524a-afd0-8f48337fa135,84c8c81d-2d57-5ca4-9b9d-13c09cbdd6ca,e9c75e2a-f1a5-54c1-bbed-91f3aa8528c6,29000,KZT,2026-07-16T10:00:00+00:00,sim-device-07,MOBILE,BASELINE,AUTHORED_NORMAL,Household transfer
8c998685-aaa3-5b3b-99dd-83495ca9af4e,84c8c81d-2d57-5ca4-9b9d-13c09cbdd6ca,7b4d3ad2-d76c-57bd-8b03-b7e82e69f0a4,22000,KZT,2026-07-17T09:00:00+00:00,sim-device-07,MOBILE,BASELINE,AUTHORED_NORMAL,Grocery purchase
d3b1aad2-78fe-5bb8-952d-5b8b15958caf,84c8c81d-2d57-5ca4-9b9d-13c09cbdd6ca,a6ed3789-3e00-58f9-8796-548dc7e25355,31000,KZT,2026-07-17T10:00:00+00:00,sim-device-07,MOBILE,BASELINE,AUTHORED_NORMAL,Monthly utility payment
6e2ac91c-30dc-57b1-ab64-70a32552e256,84c8c81d-2d57-5ca4-9b9d-13c09cbdd6ca,e9c75e2a-f1a5-54c1-bbed-91f3aa8528c6,28000,KZT,2026-07-18T09:00:00+00:00,sim-device-07,MOBILE,BASELINE,AUTHORED_NORMAL,Household transfer
c4060dea-cefa-5602-8742-e28e4f95c8d1,84c8c81d-2d57-5ca4-9b9d-13c09cbdd6ca,7b4d3ad2-d76c-57bd-8b03-b7e82e69f0a4,35000,KZT,2026-07-18T10:00:00+00:00,sim-device-07,MOBILE,BASELINE,AUTHORED_NORMAL,Grocery purchase
e5f456a3-e0cc-5a50-983a-a9be6acbc2b2,84c8c81d-2d57-5ca4-9b9d-13c09cbdd6ca,a6ed3789-3e00-58f9-8796-548dc7e25355,26000,KZT,2026-07-19T09:00:00+00:00,sim-device-07,MOBILE,BASELINE,AUTHORED_NORMAL,Monthly utility payment
3ab5ea86-9248-5736-b797-e45fe385bcb3,84c8c81d-2d57-5ca4-9b9d-13c09cbdd6ca,e9c75e2a-f1a5-54c1-bbed-91f3aa8528c6,33000,KZT,2026-07-19T10:00:00+00:00,sim-device-07,MOBILE,BASELINE,AUTHORED_NORMAL,Household transfer
0f791313-7d35-5957-8ca7-17565947603e,84c8c81d-2d57-5ca4-9b9d-13c09cbdd6ca,7b4d3ad2-d76c-57bd-8b03-b7e82e69f0a4,29000,KZT,2026-07-20T09:00:00+00:00,sim-device-07,MOBILE,BASELINE,AUTHORED_NORMAL,Grocery purchase
d60bbd42-d2f6-5770-a27b-fd06a54ed423,84c8c81d-2d57-5ca4-9b9d-13c09cbdd6ca,a6ed3789-3e00-58f9-8796-548dc7e25355,22000,KZT,2026-07-20T10:00:00+00:00,sim-device-07,MOBILE,BASELINE,AUTHORED_NORMAL,Monthly utility payment
b18e5aa3-72a5-5ecd-9332-cb8f67e406a3,84c8c81d-2d57-5ca4-9b9d-13c09cbdd6ca,e9c75e2a-f1a5-54c1-bbed-91f3aa8528c6,31000,KZT,2026-07-21T09:00:00+00:00,sim-device-07,MOBILE,BASELINE,AUTHORED_NORMAL,Household transfer
1b7bd0dc-fd9e-5172-8d6f-9a388dfdb0de,84c8c81d-2d57-5ca4-9b9d-13c09cbdd6ca,7b4d3ad2-d76c-57bd-8b03-b7e82e69f0a4,28000,KZT,2026-07-21T10:00:00+00:00,sim-device-07,MOBILE,BASELINE,AUTHORED_NORMAL,Grocery purchase
5f0a865d-0383-537c-adcb-7d0dd95e4ea4,84c8c81d-2d57-5ca4-9b9d-13c09cbdd6ca,a6ed3789-3e00-58f9-8796-548dc7e25355,35000,KZT,2026-07-22T09:00:00+00:00,sim-device-07,MOBILE,BASELINE,AUTHORED_NORMAL,Monthly utility payment
cd6237fe-7370-578e-bb28-e46eaac19f9f,84c8c81d-2d57-5ca4-9b9d-13c09cbdd6ca,e9c75e2a-f1a5-54c1-bbed-91f3aa8528c6,26000,KZT,2026-07-22T10:00:00+00:00,sim-device-07,MOBILE,BASELINE,AUTHORED_NORMAL,Household transfer
d9d8ea39-498e-55f4-9038-5f1ab2ffc752,84c8c81d-2d57-5ca4-9b9d-13c09cbdd6ca,7b4d3ad2-d76c-57bd-8b03-b7e82e69f0a4,33000,KZT,2026-07-23T09:00:00+00:00,sim-device-07,MOBILE,BASELINE,AUTHORED_NORMAL,Grocery purchase
b2630dfa-42ab-5c02-a655-464d06d5b019,84c8c81d-2d57-5ca4-9b9d-13c09cbdd6ca,a6ed3789-3e00-58f9-8796-548dc7e25355,29000,KZT,2026-07-23T10:00:00+00:00,sim-device-07,MOBILE,BASELINE,AUTHORED_NORMAL,Monthly utility payment
98f9c99a-fb95-5216-a23a-de9fecf3803c,84c8c81d-2d57-5ca4-9b9d-13c09cbdd6ca,e9c75e2a-f1a5-54c1-bbed-91f3aa8528c6,22000,KZT,2026-07-24T09:00:00+00:00,sim-device-07,MOBILE,BASELINE,AUTHORED_NORMAL,Household transfer
f4e91c83-1783-5c29-ac81-d2cc3acc50a1,84c8c81d-2d57-5ca4-9b9d-13c09cbdd6ca,7b4d3ad2-d76c-57bd-8b03-b7e82e69f0a4,31000,KZT,2026-07-24T10:00:00+00:00,sim-device-07,MOBILE,BASELINE,AUTHORED_NORMAL,Grocery purchase
de605385-d608-58f7-abb3-afb98be1a1fc,84c8c81d-2d57-5ca4-9b9d-13c09cbdd6ca,a6ed3789-3e00-58f9-8796-548dc7e25355,28000,KZT,2026-07-25T09:00:00+00:00,sim-device-07,MOBILE,BASELINE,AUTHORED_NORMAL,Monthly utility payment
cc6ae37b-448d-5953-bc90-bddcec4ff240,84c8c81d-2d57-5ca4-9b9d-13c09cbdd6ca,e9c75e2a-f1a5-54c1-bbed-91f3aa8528c6,35000,KZT,2026-07-25T10:00:00+00:00,sim-device-07,MOBILE,BASELINE,AUTHORED_NORMAL,Household transfer
fe6485df-8d17-5a7f-b531-566040daea08,84c8c81d-2d57-5ca4-9b9d-13c09cbdd6ca,7b4d3ad2-d76c-57bd-8b03-b7e82e69f0a4,26000,KZT,2026-07-26T09:00:00+00:00,sim-device-07,MOBILE,BASELINE,AUTHORED_NORMAL,Grocery purchase
973838f1-c6ce-5598-865b-b864fff35215,84c8c81d-2d57-5ca4-9b9d-13c09cbdd6ca,a6ed3789-3e00-58f9-8796-548dc7e25355,33000,KZT,2026-07-26T10:00:00+00:00,sim-device-07,MOBILE,BASELINE,AUTHORED_NORMAL,Monthly utility payment
dd60978f-1bc2-500e-b659-a8408d46324b,84c8c81d-2d57-5ca4-9b9d-13c09cbdd6ca,e9c75e2a-f1a5-54c1-bbed-91f3aa8528c6,29000,KZT,2026-07-27T09:00:00+00:00,sim-device-07,MOBILE,BASELINE,AUTHORED_NORMAL,Household transfer
2e9609d1-010b-5a6d-9292-028bceb2cda0,84c8c81d-2d57-5ca4-9b9d-13c09cbdd6ca,7b4d3ad2-d76c-57bd-8b03-b7e82e69f0a4,22000,KZT,2026-07-27T10:00:00+00:00,sim-device-07,MOBILE,BASELINE,AUTHORED_NORMAL,Grocery purchase
b7f27e5e-e6d0-5c60-ae97-26f4e214e696,84c8c81d-2d57-5ca4-9b9d-13c09cbdd6ca,a6ed3789-3e00-58f9-8796-548dc7e25355,31000,KZT,2026-07-28T09:00:00+00:00,sim-device-07,MOBILE,BASELINE,AUTHORED_NORMAL,Monthly utility payment
860cf794-160b-5941-992c-0e5488e78d20,84c8c81d-2d57-5ca4-9b9d-13c09cbdd6ca,e9c75e2a-f1a5-54c1-bbed-91f3aa8528c6,28000,KZT,2026-07-28T10:00:00+00:00,sim-device-07,MOBILE,BASELINE,AUTHORED_NORMAL,Household transfer
a17f7da3-cfd6-53ee-8d58-a0621b9f6ed9,84c8c81d-2d57-5ca4-9b9d-13c09cbdd6ca,7b4d3ad2-d76c-57bd-8b03-b7e82e69f0a4,35000,KZT,2026-07-29T09:00:00+00:00,sim-device-07,MOBILE,BASELINE,AUTHORED_NORMAL,Grocery purchase
fc3d7d64-9369-574b-9bfa-1097e923cbf6,84c8c81d-2d57-5ca4-9b9d-13c09cbdd6ca,a6ed3789-3e00-58f9-8796-548dc7e25355,26000,KZT,2026-07-29T10:00:00+00:00,sim-device-07,MOBILE,BASELINE,AUTHORED_NORMAL,Monthly utility payment
40facc2a-c439-5d40-b5eb-3605a29fe97b,84c8c81d-2d57-5ca4-9b9d-13c09cbdd6ca,e9c75e2a-f1a5-54c1-bbed-91f3aa8528c6,33000,KZT,2026-07-30T09:00:00+00:00,sim-device-07,MOBILE,BASELINE,AUTHORED_NORMAL,Household transfer
bef3c5a3-e2a4-5425-a778-a8ec10a2b9e5,84c8c81d-2d57-5ca4-9b9d-13c09cbdd6ca,7b4d3ad2-d76c-57bd-8b03-b7e82e69f0a4,29000,KZT,2026-07-30T10:00:00+00:00,sim-device-07,MOBILE,BASELINE,AUTHORED_NORMAL,Grocery purchase
f4a3657e-a2ae-5b0e-ab4a-f5e203daa9ed,84c8c81d-2d57-5ca4-9b9d-13c09cbdd6ca,a6ed3789-3e00-58f9-8796-548dc7e25355,22000,KZT,2026-07-31T09:00:00+00:00,sim-device-07,MOBILE,BASELINE,AUTHORED_NORMAL,Monthly utility payment
0ecb67fe-e9a7-5adf-96d9-a5f29fcc34e9,84c8c81d-2d57-5ca4-9b9d-13c09cbdd6ca,e9c75e2a-f1a5-54c1-bbed-91f3aa8528c6,31000,KZT,2026-07-31T10:00:00+00:00,sim-device-07,MOBILE,BASELINE,AUTHORED_NORMAL,Household transfer
6c939cc0-205a-5e26-b982-24d7687ed17f,84c8c81d-2d57-5ca4-9b9d-13c09cbdd6ca,7b4d3ad2-d76c-57bd-8b03-b7e82e69f0a4,28000,KZT,2026-08-01T09:00:00+00:00,sim-device-07,MOBILE,BASELINE,AUTHORED_NORMAL,Grocery purchase
8b05de5d-4e08-5aba-bc61-1828ca8eff0e,84c8c81d-2d57-5ca4-9b9d-13c09cbdd6ca,a6ed3789-3e00-58f9-8796-548dc7e25355,35000,KZT,2026-08-01T10:00:00+00:00,sim-device-07,MOBILE,BASELINE,AUTHORED_NORMAL,Monthly utility payment
b94d6758-df8f-58c9-8377-14d40a3bfe60,84c8c81d-2d57-5ca4-9b9d-13c09cbdd6ca,e9c75e2a-f1a5-54c1-bbed-91f3aa8528c6,26000,KZT,2026-08-02T09:00:00+00:00,sim-device-07,MOBILE,BASELINE,AUTHORED_NORMAL,Household transfer
52838ba1-fee5-5b8f-874a-690f197a2e3a,84c8c81d-2d57-5ca4-9b9d-13c09cbdd6ca,7b4d3ad2-d76c-57bd-8b03-b7e82e69f0a4,33000,KZT,2026-08-02T10:00:00+00:00,sim-device-07,MOBILE,BASELINE,AUTHORED_NORMAL,Grocery purchase
7f0b82bc-0914-5bb1-9654-126ef66fd400,84c8c81d-2d57-5ca4-9b9d-13c09cbdd6ca,a6ed3789-3e00-58f9-8796-548dc7e25355,29000,KZT,2026-08-03T09:00:00+00:00,sim-device-07,MOBILE,BASELINE,AUTHORED_NORMAL,Monthly utility payment
87a7cb56-8d8e-5217-82fd-5a966b1d57ce,84c8c81d-2d57-5ca4-9b9d-13c09cbdd6ca,e9c75e2a-f1a5-54c1-bbed-91f3aa8528c6,22000,KZT,2026-08-03T10:00:00+00:00,sim-device-07,MOBILE,BASELINE,AUTHORED_NORMAL,Household transfer
7ea58c81-81c9-5dc0-b2f9-304bd1e5dab7,84c8c81d-2d57-5ca4-9b9d-13c09cbdd6ca,7b4d3ad2-d76c-57bd-8b03-b7e82e69f0a4,31000,KZT,2026-08-04T09:00:00+00:00,sim-device-07,MOBILE,BASELINE,AUTHORED_NORMAL,Grocery purchase
8b237571-202d-52fc-949a-1250d01aaf37,84c8c81d-2d57-5ca4-9b9d-13c09cbdd6ca,a6ed3789-3e00-58f9-8796-548dc7e25355,28000,KZT,2026-08-04T10:00:00+00:00,sim-device-07,MOBILE,BASELINE,AUTHORED_NORMAL,Monthly utility payment
2e34265d-39aa-525a-905e-20487c40f628,84c8c81d-2d57-5ca4-9b9d-13c09cbdd6ca,e9c75e2a-f1a5-54c1-bbed-91f3aa8528c6,35000,KZT,2026-08-05T09:00:00+00:00,sim-device-07,MOBILE,BASELINE,AUTHORED_NORMAL,Household transfer
b3540e2c-0927-5003-95d9-90d3d1a483f8,84c8c81d-2d57-5ca4-9b9d-13c09cbdd6ca,7b4d3ad2-d76c-57bd-8b03-b7e82e69f0a4,26000,KZT,2026-08-05T10:00:00+00:00,sim-device-07,MOBILE,BASELINE,AUTHORED_NORMAL,Grocery purchase
ea3c4977-b24d-574e-b907-8a9e80440bd6,84c8c81d-2d57-5ca4-9b9d-13c09cbdd6ca,a6ed3789-3e00-58f9-8796-548dc7e25355,33000,KZT,2026-08-06T09:00:00+00:00,sim-device-07,MOBILE,BASELINE,AUTHORED_NORMAL,Monthly utility payment
240a67b0-bb8a-5e07-b0c3-7ba7a879c9f6,84c8c81d-2d57-5ca4-9b9d-13c09cbdd6ca,e9c75e2a-f1a5-54c1-bbed-91f3aa8528c6,29000,KZT,2026-08-06T10:00:00+00:00,sim-device-07,MOBILE,BASELINE,AUTHORED_NORMAL,Household transfer
53c5e4fb-a3d6-50bd-9967-a6f0e606edd2,84c8c81d-2d57-5ca4-9b9d-13c09cbdd6ca,7b4d3ad2-d76c-57bd-8b03-b7e82e69f0a4,22000,KZT,2026-08-07T09:00:00+00:00,sim-device-07,MOBILE,BASELINE,AUTHORED_NORMAL,Grocery purchase
21640f64-6af1-5826-88a8-cc79a6a6a1fe,84c8c81d-2d57-5ca4-9b9d-13c09cbdd6ca,a6ed3789-3e00-58f9-8796-548dc7e25355,31000,KZT,2026-08-07T10:00:00+00:00,sim-device-07,MOBILE,BASELINE,AUTHORED_NORMAL,Monthly utility payment
9c5c9932-5c62-50a7-8418-b9ada80a3fc4,84c8c81d-2d57-5ca4-9b9d-13c09cbdd6ca,e9c75e2a-f1a5-54c1-bbed-91f3aa8528c6,28000,KZT,2026-08-08T09:00:00+00:00,sim-device-07,MOBILE,BASELINE,AUTHORED_NORMAL,Household transfer
2f2b1bc0-cea3-5e2d-8903-3710edd01d65,84c8c81d-2d57-5ca4-9b9d-13c09cbdd6ca,7b4d3ad2-d76c-57bd-8b03-b7e82e69f0a4,35000,KZT,2026-08-08T10:00:00+00:00,sim-device-07,MOBILE,BASELINE,AUTHORED_NORMAL,Grocery purchase
6e1d731e-babc-5b88-929a-ae96c4ca22d2,84c8c81d-2d57-5ca4-9b9d-13c09cbdd6ca,a6ed3789-3e00-58f9-8796-548dc7e25355,26000,KZT,2026-08-09T09:00:00+00:00,sim-device-07,MOBILE,BASELINE,AUTHORED_NORMAL,Monthly utility payment
cc6c3b17-334d-5e75-8298-5ab2c928603e,84c8c81d-2d57-5ca4-9b9d-13c09cbdd6ca,e9c75e2a-f1a5-54c1-bbed-91f3aa8528c6,33000,KZT,2026-08-09T10:00:00+00:00,sim-device-07,MOBILE,BASELINE,AUTHORED_NORMAL,Household transfer
05dd8ee5-312d-51e7-bccd-ab895a55b583,84c8c81d-2d57-5ca4-9b9d-13c09cbdd6ca,7b4d3ad2-d76c-57bd-8b03-b7e82e69f0a4,29000,KZT,2026-08-10T09:00:00+00:00,sim-device-07,MOBILE,BASELINE,AUTHORED_NORMAL,Grocery purchase
9cd49f48-196a-519c-8e3a-edf61329460e,84c8c81d-2d57-5ca4-9b9d-13c09cbdd6ca,a6ed3789-3e00-58f9-8796-548dc7e25355,22000,KZT,2026-08-10T10:00:00+00:00,sim-device-07,MOBILE,BASELINE,AUTHORED_NORMAL,Monthly utility payment
f2301d6d-50eb-563e-bc95-561355157341,84c8c81d-2d57-5ca4-9b9d-13c09cbdd6ca,e9c75e2a-f1a5-54c1-bbed-91f3aa8528c6,31000,KZT,2026-08-11T09:00:00+00:00,sim-device-07,MOBILE,BASELINE,AUTHORED_NORMAL,Household transfer
8b8ecf7e-2a4c-5a0e-a68c-77ad86e5df42,84c8c81d-2d57-5ca4-9b9d-13c09cbdd6ca,7b4d3ad2-d76c-57bd-8b03-b7e82e69f0a4,28000,KZT,2026-08-11T10:00:00+00:00,sim-device-07,MOBILE,BASELINE,AUTHORED_NORMAL,Grocery purchase
42360c6e-3cf0-5c6c-8420-55fdf4eda060,84c8c81d-2d57-5ca4-9b9d-13c09cbdd6ca,a6ed3789-3e00-58f9-8796-548dc7e25355,35000,KZT,2026-08-12T09:00:00+00:00,sim-device-07,MOBILE,BASELINE,AUTHORED_NORMAL,Monthly utility payment
766c274f-4783-5ad1-94a0-f60e7b14634f,84c8c81d-2d57-5ca4-9b9d-13c09cbdd6ca,e9c75e2a-f1a5-54c1-bbed-91f3aa8528c6,26000,KZT,2026-08-12T10:00:00+00:00,sim-device-07,MOBILE,BASELINE,AUTHORED_NORMAL,Household transfer
9891bc07-0451-56dc-b4f4-ab44f53fd674,84c8c81d-2d57-5ca4-9b9d-13c09cbdd6ca,7b4d3ad2-d76c-57bd-8b03-b7e82e69f0a4,33000,KZT,2026-08-13T09:00:00+00:00,sim-device-07,MOBILE,BASELINE,AUTHORED_NORMAL,Grocery purchase
79aca86c-ab6e-5833-bb58-157d74eea069,84c8c81d-2d57-5ca4-9b9d-13c09cbdd6ca,a6ed3789-3e00-58f9-8796-548dc7e25355,29000,KZT,2026-08-13T10:00:00+00:00,sim-device-07,MOBILE,BASELINE,AUTHORED_NORMAL,Monthly utility payment
d4ca7791-03d7-5129-ac29-c33369e16cf0,84c8c81d-2d57-5ca4-9b9d-13c09cbdd6ca,e9c75e2a-f1a5-54c1-bbed-91f3aa8528c6,22000,KZT,2026-08-14T09:00:00+00:00,sim-device-07,MOBILE,BASELINE,AUTHORED_NORMAL,Household transfer
3f68e8bb-bf8f-5bb8-851a-4c840e1eba21,84c8c81d-2d57-5ca4-9b9d-13c09cbdd6ca,7b4d3ad2-d76c-57bd-8b03-b7e82e69f0a4,31000,KZT,2026-08-14T10:00:00+00:00,sim-device-07,MOBILE,BASELINE,AUTHORED_NORMAL,Grocery purchase
0c3f808f-4632-5592-8a2e-26b4e5861611,84c8c81d-2d57-5ca4-9b9d-13c09cbdd6ca,a6ed3789-3e00-58f9-8796-548dc7e25355,28000,KZT,2026-08-15T09:00:00+00:00,sim-device-07,MOBILE,BASELINE,AUTHORED_NORMAL,Monthly utility payment
5d1404d9-02e4-556a-81cd-1dc24143c7b6,84c8c81d-2d57-5ca4-9b9d-13c09cbdd6ca,e9c75e2a-f1a5-54c1-bbed-91f3aa8528c6,35000,KZT,2026-08-15T10:00:00+00:00,sim-device-07,MOBILE,BASELINE,AUTHORED_NORMAL,Household transfer
e64b7f1d-b94b-5a68-bb72-53d689edfe80,84c8c81d-2d57-5ca4-9b9d-13c09cbdd6ca,7b4d3ad2-d76c-57bd-8b03-b7e82e69f0a4,26000,KZT,2026-08-16T09:00:00+00:00,sim-device-07,MOBILE,BASELINE,AUTHORED_NORMAL,Grocery purchase
786d2301-c389-5877-990b-07b1b9051352,84c8c81d-2d57-5ca4-9b9d-13c09cbdd6ca,a6ed3789-3e00-58f9-8796-548dc7e25355,33000,KZT,2026-08-16T10:00:00+00:00,sim-device-07,MOBILE,BASELINE,AUTHORED_NORMAL,Monthly utility payment
604002bb-4620-555d-ba8c-af22bf75fc68,84c8c81d-2d57-5ca4-9b9d-13c09cbdd6ca,e9c75e2a-f1a5-54c1-bbed-91f3aa8528c6,29000,KZT,2026-08-17T09:00:00+00:00,sim-device-07,MOBILE,BASELINE,AUTHORED_NORMAL,Household transfer
20eaf552-b2e4-5e31-8b6d-0363c5931323,84c8c81d-2d57-5ca4-9b9d-13c09cbdd6ca,7b4d3ad2-d76c-57bd-8b03-b7e82e69f0a4,22000,KZT,2026-08-17T10:00:00+00:00,sim-device-07,MOBILE,BASELINE,AUTHORED_NORMAL,Grocery purchase
068cb484-36c5-598c-8a7b-f0b2fd6201d3,84c8c81d-2d57-5ca4-9b9d-13c09cbdd6ca,a6ed3789-3e00-58f9-8796-548dc7e25355,31000,KZT,2026-08-18T09:00:00+00:00,sim-device-07,MOBILE,BASELINE,AUTHORED_NORMAL,Monthly utility payment
277e3fbe-6bcc-500f-85f5-a1833e1766a1,84c8c81d-2d57-5ca4-9b9d-13c09cbdd6ca,e9c75e2a-f1a5-54c1-bbed-91f3aa8528c6,28000,KZT,2026-08-18T10:00:00+00:00,sim-device-07,MOBILE,BASELINE,AUTHORED_NORMAL,Household transfer
77dcc830-b577-55a8-890e-5adf0aa2ad64,84c8c81d-2d57-5ca4-9b9d-13c09cbdd6ca,7b4d3ad2-d76c-57bd-8b03-b7e82e69f0a4,35000,KZT,2026-08-19T09:00:00+00:00,sim-device-07,MOBILE,BASELINE,AUTHORED_NORMAL,Grocery purchase
45da27f0-03a3-57ac-b28f-eea92c0958c2,84c8c81d-2d57-5ca4-9b9d-13c09cbdd6ca,a6ed3789-3e00-58f9-8796-548dc7e25355,26000,KZT,2026-08-19T10:00:00+00:00,sim-device-07,MOBILE,BASELINE,AUTHORED_NORMAL,Monthly utility payment
5a966b48-74c5-5f70-8ef1-c996dc39aa3b,84c8c81d-2d57-5ca4-9b9d-13c09cbdd6ca,e9c75e2a-f1a5-54c1-bbed-91f3aa8528c6,33000,KZT,2026-08-20T09:00:00+00:00,sim-device-07,MOBILE,BASELINE,AUTHORED_NORMAL,Household transfer
193ed113-4b70-5a28-a81e-78406a2fb3b0,84c8c81d-2d57-5ca4-9b9d-13c09cbdd6ca,7b4d3ad2-d76c-57bd-8b03-b7e82e69f0a4,29000,KZT,2026-08-20T10:00:00+00:00,sim-device-07,MOBILE,BASELINE,AUTHORED_NORMAL,Grocery purchase
8c05900c-eed9-58a1-a150-9e4fbf0fee8c,84c8c81d-2d57-5ca4-9b9d-13c09cbdd6ca,a6ed3789-3e00-58f9-8796-548dc7e25355,22000,KZT,2026-08-21T09:00:00+00:00,sim-device-07,MOBILE,BASELINE,AUTHORED_NORMAL,Monthly utility payment
4cb213ff-1330-56f4-8b00-9e226f942b0d,84c8c81d-2d57-5ca4-9b9d-13c09cbdd6ca,e9c75e2a-f1a5-54c1-bbed-91f3aa8528c6,31000,KZT,2026-08-21T10:00:00+00:00,sim-device-07,MOBILE,BASELINE,AUTHORED_NORMAL,Household transfer
2db5c633-4c88-55e1-8bd6-115976ceffdc,84c8c81d-2d57-5ca4-9b9d-13c09cbdd6ca,7b4d3ad2-d76c-57bd-8b03-b7e82e69f0a4,28000,KZT,2026-08-22T09:00:00+00:00,sim-device-07,MOBILE,BASELINE,AUTHORED_NORMAL,Grocery purchase
72a3118b-85c2-5589-a73c-1739a63f3138,84c8c81d-2d57-5ca4-9b9d-13c09cbdd6ca,a6ed3789-3e00-58f9-8796-548dc7e25355,35000,KZT,2026-08-22T10:00:00+00:00,sim-device-07,MOBILE,BASELINE,AUTHORED_NORMAL,Monthly utility payment
14651597-c65d-5fcc-b003-3a563f293857,84c8c81d-2d57-5ca4-9b9d-13c09cbdd6ca,e9c75e2a-f1a5-54c1-bbed-91f3aa8528c6,26000,KZT,2026-08-23T09:00:00+00:00,sim-device-07,MOBILE,BASELINE,AUTHORED_NORMAL,Household transfer
f5e3914d-7e09-5996-8069-414b8c8e15f8,84c8c81d-2d57-5ca4-9b9d-13c09cbdd6ca,7b4d3ad2-d76c-57bd-8b03-b7e82e69f0a4,33000,KZT,2026-08-23T10:00:00+00:00,sim-device-07,MOBILE,BASELINE,AUTHORED_NORMAL,Grocery purchase
f4735bf7-7733-5f8b-9a1c-ca4a601cd370,84c8c81d-2d57-5ca4-9b9d-13c09cbdd6ca,a6ed3789-3e00-58f9-8796-548dc7e25355,29000,KZT,2026-08-24T09:00:00+00:00,sim-device-07,MOBILE,BASELINE,AUTHORED_NORMAL,Monthly utility payment
aa0440b4-368c-5106-8cf8-905ba76403a9,84c8c81d-2d57-5ca4-9b9d-13c09cbdd6ca,e9c75e2a-f1a5-54c1-bbed-91f3aa8528c6,22000,KZT,2026-08-24T10:00:00+00:00,sim-device-07,MOBILE,BASELINE,AUTHORED_NORMAL,Household transfer
9aff4c75-5e5a-549b-bf8a-7a69a895541d,84c8c81d-2d57-5ca4-9b9d-13c09cbdd6ca,7b4d3ad2-d76c-57bd-8b03-b7e82e69f0a4,31000,KZT,2026-08-25T09:00:00+00:00,sim-device-07,MOBILE,BASELINE,AUTHORED_NORMAL,Grocery purchase
6e9448e8-43d2-542a-8f62-3c6e47a6b761,84c8c81d-2d57-5ca4-9b9d-13c09cbdd6ca,a6ed3789-3e00-58f9-8796-548dc7e25355,28000,KZT,2026-08-25T10:00:00+00:00,sim-device-07,MOBILE,BASELINE,AUTHORED_NORMAL,Monthly utility payment
1eab587e-06d3-5d2d-ad82-e0036c5002fc,84c8c81d-2d57-5ca4-9b9d-13c09cbdd6ca,e9c75e2a-f1a5-54c1-bbed-91f3aa8528c6,35000,KZT,2026-08-26T09:00:00+00:00,sim-device-07,MOBILE,BASELINE,AUTHORED_NORMAL,Household transfer
bd79ad5c-7149-57d5-847b-94ca2c0c2ff9,84c8c81d-2d57-5ca4-9b9d-13c09cbdd6ca,7b4d3ad2-d76c-57bd-8b03-b7e82e69f0a4,26000,KZT,2026-08-26T10:00:00+00:00,sim-device-07,MOBILE,BASELINE,AUTHORED_NORMAL,Grocery purchase
2bad5fb2-f373-5335-978d-b1f63b8bd79f,84c8c81d-2d57-5ca4-9b9d-13c09cbdd6ca,a6ed3789-3e00-58f9-8796-548dc7e25355,33000,KZT,2026-08-27T09:00:00+00:00,sim-device-07,MOBILE,BASELINE,AUTHORED_NORMAL,Monthly utility payment
91adb555-0ab2-5265-b5fc-83849e778cb3,84c8c81d-2d57-5ca4-9b9d-13c09cbdd6ca,e9c75e2a-f1a5-54c1-bbed-91f3aa8528c6,29000,KZT,2026-08-27T10:00:00+00:00,sim-device-07,MOBILE,BASELINE,AUTHORED_NORMAL,Household transfer
38afd1f1-9afe-5597-b5b7-9a4fe0609852,84c8c81d-2d57-5ca4-9b9d-13c09cbdd6ca,7b4d3ad2-d76c-57bd-8b03-b7e82e69f0a4,22000,KZT,2026-08-28T09:00:00+00:00,sim-device-07,MOBILE,BASELINE,AUTHORED_NORMAL,Grocery purchase
265b5b97-b1fe-5692-b7ae-1b5b999bf5bb,84c8c81d-2d57-5ca4-9b9d-13c09cbdd6ca,a6ed3789-3e00-58f9-8796-548dc7e25355,31000,KZT,2026-08-28T10:00:00+00:00,sim-device-07,MOBILE,BASELINE,AUTHORED_NORMAL,Monthly utility payment
b6d6be33-3390-5759-8893-86d4df595616,84c8c81d-2d57-5ca4-9b9d-13c09cbdd6ca,e9c75e2a-f1a5-54c1-bbed-91f3aa8528c6,28000,KZT,2026-08-29T09:00:00+00:00,sim-device-07,MOBILE,BASELINE,AUTHORED_NORMAL,Household transfer
6830cad1-7759-5655-bb6a-a9f584f6b893,84c8c81d-2d57-5ca4-9b9d-13c09cbdd6ca,7b4d3ad2-d76c-57bd-8b03-b7e82e69f0a4,35000,KZT,2026-08-29T10:00:00+00:00,sim-device-07,MOBILE,BASELINE,AUTHORED_NORMAL,Grocery purchase
36816456-3339-56c4-a774-22f9640fa5f9,84c8c81d-2d57-5ca4-9b9d-13c09cbdd6ca,a6ed3789-3e00-58f9-8796-548dc7e25355,26000,KZT,2026-08-30T09:00:00+00:00,sim-device-07,MOBILE,BASELINE,AUTHORED_NORMAL,Monthly utility payment
e513d282-a3a2-5bbe-9aa4-664f08b2e78f,84c8c81d-2d57-5ca4-9b9d-13c09cbdd6ca,e9c75e2a-f1a5-54c1-bbed-91f3aa8528c6,33000,KZT,2026-08-30T10:00:00+00:00,sim-device-07,MOBILE,BASELINE,AUTHORED_NORMAL,Household transfer
a9cd5f7c-f286-51c6-b17f-9d64bc45cbe6,84c8c81d-2d57-5ca4-9b9d-13c09cbdd6ca,7b4d3ad2-d76c-57bd-8b03-b7e82e69f0a4,29000,KZT,2026-08-31T09:00:00+00:00,sim-device-07,MOBILE,BASELINE,AUTHORED_NORMAL,Grocery purchase
22fd632f-1d1f-533a-a888-8288ce64c572,84c8c81d-2d57-5ca4-9b9d-13c09cbdd6ca,a6ed3789-3e00-58f9-8796-548dc7e25355,22000,KZT,2026-08-31T10:00:00+00:00,sim-device-07,MOBILE,BASELINE,AUTHORED_NORMAL,Monthly utility payment
5ec89a82-9799-568d-8b40-468cc5631b39,84c8c81d-2d57-5ca4-9b9d-13c09cbdd6ca,e9c75e2a-f1a5-54c1-bbed-91f3aa8528c6,31000,KZT,2026-09-01T09:00:00+00:00,sim-device-07,MOBILE,BASELINE,AUTHORED_NORMAL,Household transfer
ac0422f8-21b8-5e79-8eec-387c86f160ee,84c8c81d-2d57-5ca4-9b9d-13c09cbdd6ca,7b4d3ad2-d76c-57bd-8b03-b7e82e69f0a4,28000,KZT,2026-09-01T10:00:00+00:00,sim-device-07,MOBILE,BASELINE,AUTHORED_NORMAL,Grocery purchase
6831fd6b-8496-570f-b593-0aaaba5d148d,84c8c81d-2d57-5ca4-9b9d-13c09cbdd6ca,a6ed3789-3e00-58f9-8796-548dc7e25355,35000,KZT,2026-09-02T09:00:00+00:00,sim-device-07,MOBILE,BASELINE,AUTHORED_NORMAL,Monthly utility payment
cd7e2eb9-c8d3-589d-b956-76d9a734fce8,84c8c81d-2d57-5ca4-9b9d-13c09cbdd6ca,e9c75e2a-f1a5-54c1-bbed-91f3aa8528c6,26000,KZT,2026-09-02T10:00:00+00:00,sim-device-07,MOBILE,BASELINE,AUTHORED_NORMAL,Household transfer
d344fc32-069a-58a3-92d4-e22b83aa6524,84c8c81d-2d57-5ca4-9b9d-13c09cbdd6ca,7b4d3ad2-d76c-57bd-8b03-b7e82e69f0a4,33000,KZT,2026-09-03T09:00:00+00:00,sim-device-07,MOBILE,BASELINE,AUTHORED_NORMAL,Grocery purchase
46ad3efd-13fa-55c7-b8f0-b9e111beb6a2,84c8c81d-2d57-5ca4-9b9d-13c09cbdd6ca,a6ed3789-3e00-58f9-8796-548dc7e25355,29000,KZT,2026-09-03T10:00:00+00:00,sim-device-07,MOBILE,BASELINE,AUTHORED_NORMAL,Monthly utility payment
03681293-ccbb-5a03-9e3b-017fb133f919,84c8c81d-2d57-5ca4-9b9d-13c09cbdd6ca,e9c75e2a-f1a5-54c1-bbed-91f3aa8528c6,22000,KZT,2026-09-04T09:00:00+00:00,sim-device-07,MOBILE,BASELINE,AUTHORED_NORMAL,Household transfer
c6fcafd7-fc9b-5377-be68-203194407836,84c8c81d-2d57-5ca4-9b9d-13c09cbdd6ca,7b4d3ad2-d76c-57bd-8b03-b7e82e69f0a4,31000,KZT,2026-09-04T10:00:00+00:00,sim-device-07,MOBILE,BASELINE,AUTHORED_NORMAL,Grocery purchase
4f743a60-ab62-5403-a259-9e40e3dedd0f,84c8c81d-2d57-5ca4-9b9d-13c09cbdd6ca,a6ed3789-3e00-58f9-8796-548dc7e25355,28000,KZT,2026-09-05T09:00:00+00:00,sim-device-07,MOBILE,BASELINE,AUTHORED_NORMAL,Monthly utility payment
e69b83b8-0c32-515e-8f5d-fa88c6155e31,84c8c81d-2d57-5ca4-9b9d-13c09cbdd6ca,e9c75e2a-f1a5-54c1-bbed-91f3aa8528c6,35000,KZT,2026-09-05T10:00:00+00:00,sim-device-07,MOBILE,BASELINE,AUTHORED_NORMAL,Household transfer
26fa7881-4a06-5b20-ad60-f37d3ac8c348,84c8c81d-2d57-5ca4-9b9d-13c09cbdd6ca,7b4d3ad2-d76c-57bd-8b03-b7e82e69f0a4,26000,KZT,2026-09-06T09:00:00+00:00,sim-device-07,MOBILE,BASELINE,AUTHORED_NORMAL,Grocery purchase
a0e0c3fb-84dc-5e9c-8676-06d3cef85b6d,84c8c81d-2d57-5ca4-9b9d-13c09cbdd6ca,a6ed3789-3e00-58f9-8796-548dc7e25355,33000,KZT,2026-09-06T10:00:00+00:00,sim-device-07,MOBILE,BASELINE,AUTHORED_NORMAL,Monthly utility payment
02d9cf30-f019-5656-a09a-2b4acc3cb33c,84c8c81d-2d57-5ca4-9b9d-13c09cbdd6ca,e9c75e2a-f1a5-54c1-bbed-91f3aa8528c6,29000,KZT,2026-09-07T09:00:00+00:00,sim-device-07,MOBILE,BASELINE,AUTHORED_NORMAL,Household transfer
c68eed51-c4ff-54cb-96f4-8aa4d60ebf0f,84c8c81d-2d57-5ca4-9b9d-13c09cbdd6ca,7b4d3ad2-d76c-57bd-8b03-b7e82e69f0a4,22000,KZT,2026-09-07T10:00:00+00:00,sim-device-07,MOBILE,BASELINE,AUTHORED_NORMAL,Grocery purchase
1be12bb9-0ac7-59a7-9870-d117117bb656,84c8c81d-2d57-5ca4-9b9d-13c09cbdd6ca,a6ed3789-3e00-58f9-8796-548dc7e25355,31000,KZT,2026-09-08T09:00:00+00:00,sim-device-07,MOBILE,BASELINE,AUTHORED_NORMAL,Monthly utility payment
7f7e3578-40e2-5209-b90c-6bb6f01ee096,84c8c81d-2d57-5ca4-9b9d-13c09cbdd6ca,e9c75e2a-f1a5-54c1-bbed-91f3aa8528c6,28000,KZT,2026-09-08T10:00:00+00:00,sim-device-07,MOBILE,BASELINE,AUTHORED_NORMAL,Household transfer
5b908a03-9f1b-505b-92e8-3fa2e6016285,84c8c81d-2d57-5ca4-9b9d-13c09cbdd6ca,7b4d3ad2-d76c-57bd-8b03-b7e82e69f0a4,35000,KZT,2026-09-09T09:00:00+00:00,sim-device-07,MOBILE,BASELINE,AUTHORED_NORMAL,Grocery purchase
1c4f2109-9384-59dc-92fa-f3fcac154115,84c8c81d-2d57-5ca4-9b9d-13c09cbdd6ca,a6ed3789-3e00-58f9-8796-548dc7e25355,26000,KZT,2026-09-09T10:00:00+00:00,sim-device-07,MOBILE,BASELINE,AUTHORED_NORMAL,Monthly utility payment
74b99e0b-bf2b-5d0e-940d-0d4ee99ab13a,84c8c81d-2d57-5ca4-9b9d-13c09cbdd6ca,e9c75e2a-f1a5-54c1-bbed-91f3aa8528c6,33000,KZT,2026-09-10T09:00:00+00:00,sim-device-07,MOBILE,BASELINE,AUTHORED_NORMAL,Household transfer
394f91fd-66d8-5f2b-a2dd-17a334ee2a02,84c8c81d-2d57-5ca4-9b9d-13c09cbdd6ca,7b4d3ad2-d76c-57bd-8b03-b7e82e69f0a4,29000,KZT,2026-09-10T10:00:00+00:00,sim-device-07,MOBILE,BASELINE,AUTHORED_NORMAL,Grocery purchase
5c94ed6b-8652-53dc-9253-079dfe6cdab3,84c8c81d-2d57-5ca4-9b9d-13c09cbdd6ca,a6ed3789-3e00-58f9-8796-548dc7e25355,22000,KZT,2026-09-11T09:00:00+00:00,sim-device-07,MOBILE,BASELINE,AUTHORED_NORMAL,Monthly utility payment
5ff053a5-bf3b-5e98-9c85-a9a46094f647,84c8c81d-2d57-5ca4-9b9d-13c09cbdd6ca,e9c75e2a-f1a5-54c1-bbed-91f3aa8528c6,31000,KZT,2026-09-11T10:00:00+00:00,sim-device-07,MOBILE,BASELINE,AUTHORED_NORMAL,Household transfer
08c075be-295c-5a5b-86e2-6cf48f1e4967,84c8c81d-2d57-5ca4-9b9d-13c09cbdd6ca,7b4d3ad2-d76c-57bd-8b03-b7e82e69f0a4,28000,KZT,2026-09-12T09:00:00+00:00,sim-device-07,MOBILE,BASELINE,AUTHORED_NORMAL,Grocery purchase
1580835e-1b5b-516b-9b53-eaca2f3c0159,84c8c81d-2d57-5ca4-9b9d-13c09cbdd6ca,a6ed3789-3e00-58f9-8796-548dc7e25355,35000,KZT,2026-09-12T10:00:00+00:00,sim-device-07,MOBILE,BASELINE,AUTHORED_NORMAL,Monthly utility payment
920d9d8d-56dd-58df-94c7-0cd43741382e,84c8c81d-2d57-5ca4-9b9d-13c09cbdd6ca,e9c75e2a-f1a5-54c1-bbed-91f3aa8528c6,26000,KZT,2026-09-13T09:00:00+00:00,sim-device-07,MOBILE,BASELINE,AUTHORED_NORMAL,Household transfer
aa406548-a817-5828-80a8-e3a6af728acd,84c8c81d-2d57-5ca4-9b9d-13c09cbdd6ca,7b4d3ad2-d76c-57bd-8b03-b7e82e69f0a4,33000,KZT,2026-09-13T10:00:00+00:00,sim-device-07,MOBILE,BASELINE,AUTHORED_NORMAL,Grocery purchase
3c903b96-cf26-5194-9213-21bf30a4edcf,84c8c81d-2d57-5ca4-9b9d-13c09cbdd6ca,a6ed3789-3e00-58f9-8796-548dc7e25355,29000,KZT,2026-09-14T09:00:00+00:00,sim-device-07,MOBILE,BASELINE,AUTHORED_NORMAL,Monthly utility payment
86ab3619-e97c-52ec-a29d-f6188e160eb0,84c8c81d-2d57-5ca4-9b9d-13c09cbdd6ca,e9c75e2a-f1a5-54c1-bbed-91f3aa8528c6,22000,KZT,2026-09-14T10:00:00+00:00,sim-device-07,MOBILE,BASELINE,AUTHORED_NORMAL,Household transfer
d97dba10-b034-508a-88f4-97c6d6b41c30,84c8c81d-2d57-5ca4-9b9d-13c09cbdd6ca,7b4d3ad2-d76c-57bd-8b03-b7e82e69f0a4,31000,KZT,2026-09-15T09:00:00+00:00,sim-device-07,MOBILE,BASELINE,AUTHORED_NORMAL,Grocery purchase
4ef53817-42b9-50af-aa63-4a0a4846f49b,84c8c81d-2d57-5ca4-9b9d-13c09cbdd6ca,a6ed3789-3e00-58f9-8796-548dc7e25355,28000,KZT,2026-09-15T10:00:00+00:00,sim-device-07,MOBILE,BASELINE,AUTHORED_NORMAL,Monthly utility payment
a6578384-14aa-589a-903e-803a83398d88,84c8c81d-2d57-5ca4-9b9d-13c09cbdd6ca,e9c75e2a-f1a5-54c1-bbed-91f3aa8528c6,35000,KZT,2026-09-16T09:00:00+00:00,sim-device-07,MOBILE,BASELINE,AUTHORED_NORMAL,Household transfer
30ccacda-0b43-5442-9269-53adf653ac85,84c8c81d-2d57-5ca4-9b9d-13c09cbdd6ca,7b4d3ad2-d76c-57bd-8b03-b7e82e69f0a4,26000,KZT,2026-09-16T10:00:00+00:00,sim-device-07,MOBILE,BASELINE,AUTHORED_NORMAL,Grocery purchase
dee62394-a11a-5577-bb11-3851ceba34c5,84c8c81d-2d57-5ca4-9b9d-13c09cbdd6ca,a6ed3789-3e00-58f9-8796-548dc7e25355,33000,KZT,2026-09-17T09:00:00+00:00,sim-device-07,MOBILE,BASELINE,AUTHORED_NORMAL,Monthly utility payment
9d5dcffa-3f4c-5fc0-9a3f-8012d8997234,84c8c81d-2d57-5ca4-9b9d-13c09cbdd6ca,e9c75e2a-f1a5-54c1-bbed-91f3aa8528c6,29000,KZT,2026-09-17T10:00:00+00:00,sim-device-07,MOBILE,BASELINE,AUTHORED_NORMAL,Household transfer
a3e66a37-c60a-526f-90ea-fffbc1783e19,84c8c81d-2d57-5ca4-9b9d-13c09cbdd6ca,7b4d3ad2-d76c-57bd-8b03-b7e82e69f0a4,22000,KZT,2026-09-18T09:00:00+00:00,sim-device-07,MOBILE,BASELINE,AUTHORED_NORMAL,Grocery purchase
50caed38-cc8f-5ed1-b255-38f2880b3b1d,84c8c81d-2d57-5ca4-9b9d-13c09cbdd6ca,a6ed3789-3e00-58f9-8796-548dc7e25355,31000,KZT,2026-09-18T10:00:00+00:00,sim-device-07,MOBILE,BASELINE,AUTHORED_NORMAL,Monthly utility payment
e05e10f4-ae97-5723-a3fd-9111dd8c4899,84c8c81d-2d57-5ca4-9b9d-13c09cbdd6ca,e9c75e2a-f1a5-54c1-bbed-91f3aa8528c6,28000,KZT,2026-09-19T09:00:00+00:00,sim-device-07,MOBILE,BASELINE,AUTHORED_NORMAL,Household transfer
c8495fc6-4758-50d8-a0a2-74ba125043f7,84c8c81d-2d57-5ca4-9b9d-13c09cbdd6ca,7b4d3ad2-d76c-57bd-8b03-b7e82e69f0a4,35000,KZT,2026-09-19T10:00:00+00:00,sim-device-07,MOBILE,BASELINE,AUTHORED_NORMAL,Grocery purchase
d54751b3-591f-5572-8830-a351a26d1571,ba3a88e1-917b-5a52-a070-2ce0fae9f61b,ed7a5c65-73b4-5a87-9931-cb8ea4e9223f,31000,KZT,2026-06-12T09:00:00+00:00,sim-device-08,MOBILE,BASELINE,AUTHORED_NORMAL,Household transfer
5bb99939-c62e-5991-9e6b-657ec5c1f35a,ba3a88e1-917b-5a52-a070-2ce0fae9f61b,a89664f8-d184-5144-b73a-80b6e74f0907,28000,KZT,2026-06-12T10:00:00+00:00,sim-device-08,MOBILE,BASELINE,AUTHORED_NORMAL,Grocery purchase
6d4b3a89-6dc8-5082-845e-934769b482a2,ba3a88e1-917b-5a52-a070-2ce0fae9f61b,84bf6ee0-b5b7-5168-8139-3271fb700fd9,35000,KZT,2026-06-13T09:00:00+00:00,sim-device-08,MOBILE,BASELINE,AUTHORED_NORMAL,Monthly utility payment
3f341380-e056-5e25-b7ca-a201d6ef7be5,ba3a88e1-917b-5a52-a070-2ce0fae9f61b,ed7a5c65-73b4-5a87-9931-cb8ea4e9223f,26000,KZT,2026-06-13T10:00:00+00:00,sim-device-08,MOBILE,BASELINE,AUTHORED_NORMAL,Household transfer
f3af3e2e-6288-5fe1-9e39-20da5ef0beed,ba3a88e1-917b-5a52-a070-2ce0fae9f61b,a89664f8-d184-5144-b73a-80b6e74f0907,33000,KZT,2026-06-14T09:00:00+00:00,sim-device-08,MOBILE,BASELINE,AUTHORED_NORMAL,Grocery purchase
2d8717ae-daac-5f94-9aed-d75aa406879f,ba3a88e1-917b-5a52-a070-2ce0fae9f61b,84bf6ee0-b5b7-5168-8139-3271fb700fd9,29000,KZT,2026-06-14T10:00:00+00:00,sim-device-08,MOBILE,BASELINE,AUTHORED_NORMAL,Monthly utility payment
5ee5596f-1e0d-5798-8302-8647a1572d97,ba3a88e1-917b-5a52-a070-2ce0fae9f61b,ed7a5c65-73b4-5a87-9931-cb8ea4e9223f,22000,KZT,2026-06-15T09:00:00+00:00,sim-device-08,MOBILE,BASELINE,AUTHORED_NORMAL,Household transfer
5b30fca9-0b8f-550a-8cc7-ee1e788483f8,ba3a88e1-917b-5a52-a070-2ce0fae9f61b,a89664f8-d184-5144-b73a-80b6e74f0907,31000,KZT,2026-06-15T10:00:00+00:00,sim-device-08,MOBILE,BASELINE,AUTHORED_NORMAL,Grocery purchase
7c118538-e97f-549b-8bb4-36cd6921192a,ba3a88e1-917b-5a52-a070-2ce0fae9f61b,84bf6ee0-b5b7-5168-8139-3271fb700fd9,28000,KZT,2026-06-16T09:00:00+00:00,sim-device-08,MOBILE,BASELINE,AUTHORED_NORMAL,Monthly utility payment
87564223-8438-510f-9628-067e1f39db4a,ba3a88e1-917b-5a52-a070-2ce0fae9f61b,ed7a5c65-73b4-5a87-9931-cb8ea4e9223f,35000,KZT,2026-06-16T10:00:00+00:00,sim-device-08,MOBILE,BASELINE,AUTHORED_NORMAL,Household transfer
dbd3fcc6-05ec-5fd8-93bd-46909a28f967,ba3a88e1-917b-5a52-a070-2ce0fae9f61b,a89664f8-d184-5144-b73a-80b6e74f0907,26000,KZT,2026-06-17T09:00:00+00:00,sim-device-08,MOBILE,BASELINE,AUTHORED_NORMAL,Grocery purchase
b47a767f-1f82-5622-8ef7-44a73147cb6b,ba3a88e1-917b-5a52-a070-2ce0fae9f61b,84bf6ee0-b5b7-5168-8139-3271fb700fd9,33000,KZT,2026-06-17T10:00:00+00:00,sim-device-08,MOBILE,BASELINE,AUTHORED_NORMAL,Monthly utility payment
ecccee71-5ef2-5d20-93f5-786725013754,ba3a88e1-917b-5a52-a070-2ce0fae9f61b,ed7a5c65-73b4-5a87-9931-cb8ea4e9223f,29000,KZT,2026-06-18T09:00:00+00:00,sim-device-08,MOBILE,BASELINE,AUTHORED_NORMAL,Household transfer
9e1041fa-e0e8-5d30-ac62-3152c8f4a462,ba3a88e1-917b-5a52-a070-2ce0fae9f61b,a89664f8-d184-5144-b73a-80b6e74f0907,22000,KZT,2026-06-18T10:00:00+00:00,sim-device-08,MOBILE,BASELINE,AUTHORED_NORMAL,Grocery purchase
ab6c944d-4bb0-5c25-b9cb-eeabce187ea4,ba3a88e1-917b-5a52-a070-2ce0fae9f61b,84bf6ee0-b5b7-5168-8139-3271fb700fd9,31000,KZT,2026-06-19T09:00:00+00:00,sim-device-08,MOBILE,BASELINE,AUTHORED_NORMAL,Monthly utility payment
7313accb-9bab-597e-86ef-56f572b9f30b,ba3a88e1-917b-5a52-a070-2ce0fae9f61b,ed7a5c65-73b4-5a87-9931-cb8ea4e9223f,28000,KZT,2026-06-19T10:00:00+00:00,sim-device-08,MOBILE,BASELINE,AUTHORED_NORMAL,Household transfer
df2b959d-9494-57c2-968b-907c4132f2c7,ba3a88e1-917b-5a52-a070-2ce0fae9f61b,a89664f8-d184-5144-b73a-80b6e74f0907,35000,KZT,2026-06-20T09:00:00+00:00,sim-device-08,MOBILE,BASELINE,AUTHORED_NORMAL,Grocery purchase
7599e88c-9b03-5fc1-ab99-932d21fd33b9,ba3a88e1-917b-5a52-a070-2ce0fae9f61b,84bf6ee0-b5b7-5168-8139-3271fb700fd9,26000,KZT,2026-06-20T10:00:00+00:00,sim-device-08,MOBILE,BASELINE,AUTHORED_NORMAL,Monthly utility payment
467d5445-89ce-51c9-b334-3e3541dd70d9,ba3a88e1-917b-5a52-a070-2ce0fae9f61b,ed7a5c65-73b4-5a87-9931-cb8ea4e9223f,33000,KZT,2026-06-21T09:00:00+00:00,sim-device-08,MOBILE,BASELINE,AUTHORED_NORMAL,Household transfer
87692815-cff8-5237-89d4-8401a0fd8085,ba3a88e1-917b-5a52-a070-2ce0fae9f61b,a89664f8-d184-5144-b73a-80b6e74f0907,29000,KZT,2026-06-21T10:00:00+00:00,sim-device-08,MOBILE,BASELINE,AUTHORED_NORMAL,Grocery purchase
904fd247-0b3a-558b-b36d-11530db73e70,ba3a88e1-917b-5a52-a070-2ce0fae9f61b,84bf6ee0-b5b7-5168-8139-3271fb700fd9,22000,KZT,2026-06-22T09:00:00+00:00,sim-device-08,MOBILE,BASELINE,AUTHORED_NORMAL,Monthly utility payment
73a291aa-8a8d-56a4-b356-3cd0e92286f5,ba3a88e1-917b-5a52-a070-2ce0fae9f61b,ed7a5c65-73b4-5a87-9931-cb8ea4e9223f,31000,KZT,2026-06-22T10:00:00+00:00,sim-device-08,MOBILE,BASELINE,AUTHORED_NORMAL,Household transfer
2b389f98-d777-5742-a1e6-cdbcdba1a7ee,ba3a88e1-917b-5a52-a070-2ce0fae9f61b,a89664f8-d184-5144-b73a-80b6e74f0907,28000,KZT,2026-06-23T09:00:00+00:00,sim-device-08,MOBILE,BASELINE,AUTHORED_NORMAL,Grocery purchase
a9933d73-3557-5340-853b-7e347b08e757,ba3a88e1-917b-5a52-a070-2ce0fae9f61b,84bf6ee0-b5b7-5168-8139-3271fb700fd9,35000,KZT,2026-06-23T10:00:00+00:00,sim-device-08,MOBILE,BASELINE,AUTHORED_NORMAL,Monthly utility payment
59709cab-4795-5a50-bc6e-5da713843b2a,ba3a88e1-917b-5a52-a070-2ce0fae9f61b,ed7a5c65-73b4-5a87-9931-cb8ea4e9223f,26000,KZT,2026-06-24T09:00:00+00:00,sim-device-08,MOBILE,BASELINE,AUTHORED_NORMAL,Household transfer
18af2480-2a35-5fd7-9b74-9cf92df2b68a,ba3a88e1-917b-5a52-a070-2ce0fae9f61b,a89664f8-d184-5144-b73a-80b6e74f0907,33000,KZT,2026-06-24T10:00:00+00:00,sim-device-08,MOBILE,BASELINE,AUTHORED_NORMAL,Grocery purchase
2d2caa85-adda-545e-af16-d77c0812c2d3,ba3a88e1-917b-5a52-a070-2ce0fae9f61b,84bf6ee0-b5b7-5168-8139-3271fb700fd9,29000,KZT,2026-06-25T09:00:00+00:00,sim-device-08,MOBILE,BASELINE,AUTHORED_NORMAL,Monthly utility payment
162ab935-2635-5f08-9b49-7e4ed74f2b14,ba3a88e1-917b-5a52-a070-2ce0fae9f61b,ed7a5c65-73b4-5a87-9931-cb8ea4e9223f,22000,KZT,2026-06-25T10:00:00+00:00,sim-device-08,MOBILE,BASELINE,AUTHORED_NORMAL,Household transfer
3be5d02b-65f0-514d-bf90-25b381949dae,ba3a88e1-917b-5a52-a070-2ce0fae9f61b,a89664f8-d184-5144-b73a-80b6e74f0907,31000,KZT,2026-06-26T09:00:00+00:00,sim-device-08,MOBILE,BASELINE,AUTHORED_NORMAL,Grocery purchase
e0fe600b-d4fd-58da-b579-31d5c19813a6,ba3a88e1-917b-5a52-a070-2ce0fae9f61b,84bf6ee0-b5b7-5168-8139-3271fb700fd9,28000,KZT,2026-06-26T10:00:00+00:00,sim-device-08,MOBILE,BASELINE,AUTHORED_NORMAL,Monthly utility payment
3c84f7d8-43bf-5226-9e2b-661ab423aae3,ba3a88e1-917b-5a52-a070-2ce0fae9f61b,ed7a5c65-73b4-5a87-9931-cb8ea4e9223f,35000,KZT,2026-06-27T09:00:00+00:00,sim-device-08,MOBILE,BASELINE,AUTHORED_NORMAL,Household transfer
9fe10480-6107-5714-932f-a154f91294d6,ba3a88e1-917b-5a52-a070-2ce0fae9f61b,a89664f8-d184-5144-b73a-80b6e74f0907,26000,KZT,2026-06-27T10:00:00+00:00,sim-device-08,MOBILE,BASELINE,AUTHORED_NORMAL,Grocery purchase
26ff40b5-371d-583b-97a3-61021085d82c,ba3a88e1-917b-5a52-a070-2ce0fae9f61b,84bf6ee0-b5b7-5168-8139-3271fb700fd9,33000,KZT,2026-06-28T09:00:00+00:00,sim-device-08,MOBILE,BASELINE,AUTHORED_NORMAL,Monthly utility payment
161d5725-49de-5f3b-a2db-746e251a127a,ba3a88e1-917b-5a52-a070-2ce0fae9f61b,ed7a5c65-73b4-5a87-9931-cb8ea4e9223f,29000,KZT,2026-06-28T10:00:00+00:00,sim-device-08,MOBILE,BASELINE,AUTHORED_NORMAL,Household transfer
2d238048-8862-50f6-a4f3-29f3892baadc,ba3a88e1-917b-5a52-a070-2ce0fae9f61b,a89664f8-d184-5144-b73a-80b6e74f0907,22000,KZT,2026-06-29T09:00:00+00:00,sim-device-08,MOBILE,BASELINE,AUTHORED_NORMAL,Grocery purchase
c6c9eee6-ae0a-5a5a-9310-02909342b1e5,ba3a88e1-917b-5a52-a070-2ce0fae9f61b,84bf6ee0-b5b7-5168-8139-3271fb700fd9,31000,KZT,2026-06-29T10:00:00+00:00,sim-device-08,MOBILE,BASELINE,AUTHORED_NORMAL,Monthly utility payment
169cbcdb-a42d-5b77-9c73-d09c2dcc7661,ba3a88e1-917b-5a52-a070-2ce0fae9f61b,ed7a5c65-73b4-5a87-9931-cb8ea4e9223f,28000,KZT,2026-06-30T09:00:00+00:00,sim-device-08,MOBILE,BASELINE,AUTHORED_NORMAL,Household transfer
747d2c30-65b2-5663-882c-a66e668a3643,ba3a88e1-917b-5a52-a070-2ce0fae9f61b,a89664f8-d184-5144-b73a-80b6e74f0907,35000,KZT,2026-06-30T10:00:00+00:00,sim-device-08,MOBILE,BASELINE,AUTHORED_NORMAL,Grocery purchase
83d683ba-1dda-5e42-9d85-e09e0e2c8757,ba3a88e1-917b-5a52-a070-2ce0fae9f61b,84bf6ee0-b5b7-5168-8139-3271fb700fd9,26000,KZT,2026-07-01T09:00:00+00:00,sim-device-08,MOBILE,BASELINE,AUTHORED_NORMAL,Monthly utility payment
90194a8f-1f19-5ac3-bb12-60ba8f7bcfe6,ba3a88e1-917b-5a52-a070-2ce0fae9f61b,ed7a5c65-73b4-5a87-9931-cb8ea4e9223f,33000,KZT,2026-07-01T10:00:00+00:00,sim-device-08,MOBILE,BASELINE,AUTHORED_NORMAL,Household transfer
b1eab00b-8f6a-5f98-a6b2-c0a7ab6d8914,ba3a88e1-917b-5a52-a070-2ce0fae9f61b,a89664f8-d184-5144-b73a-80b6e74f0907,29000,KZT,2026-07-02T09:00:00+00:00,sim-device-08,MOBILE,BASELINE,AUTHORED_NORMAL,Grocery purchase
a16bbf8f-d8f7-544a-a97c-73cb58d0b78c,ba3a88e1-917b-5a52-a070-2ce0fae9f61b,84bf6ee0-b5b7-5168-8139-3271fb700fd9,22000,KZT,2026-07-02T10:00:00+00:00,sim-device-08,MOBILE,BASELINE,AUTHORED_NORMAL,Monthly utility payment
938951c5-af84-5c5b-bcc8-0b488f549411,ba3a88e1-917b-5a52-a070-2ce0fae9f61b,ed7a5c65-73b4-5a87-9931-cb8ea4e9223f,31000,KZT,2026-07-03T09:00:00+00:00,sim-device-08,MOBILE,BASELINE,AUTHORED_NORMAL,Household transfer
03cc3669-441c-504b-98e3-66d3262e4c4e,ba3a88e1-917b-5a52-a070-2ce0fae9f61b,a89664f8-d184-5144-b73a-80b6e74f0907,28000,KZT,2026-07-03T10:00:00+00:00,sim-device-08,MOBILE,BASELINE,AUTHORED_NORMAL,Grocery purchase
643bebcc-5568-547b-b124-befb75802f51,ba3a88e1-917b-5a52-a070-2ce0fae9f61b,84bf6ee0-b5b7-5168-8139-3271fb700fd9,35000,KZT,2026-07-04T09:00:00+00:00,sim-device-08,MOBILE,BASELINE,AUTHORED_NORMAL,Monthly utility payment
94348313-59a7-5280-9030-1360cf1dbb27,ba3a88e1-917b-5a52-a070-2ce0fae9f61b,ed7a5c65-73b4-5a87-9931-cb8ea4e9223f,26000,KZT,2026-07-04T10:00:00+00:00,sim-device-08,MOBILE,BASELINE,AUTHORED_NORMAL,Household transfer
74eb77c5-dcc9-5a25-afe7-2b87c49add23,ba3a88e1-917b-5a52-a070-2ce0fae9f61b,a89664f8-d184-5144-b73a-80b6e74f0907,33000,KZT,2026-07-05T09:00:00+00:00,sim-device-08,MOBILE,BASELINE,AUTHORED_NORMAL,Grocery purchase
6eaadab1-ac97-59d6-8f21-90dd679b7e9e,ba3a88e1-917b-5a52-a070-2ce0fae9f61b,84bf6ee0-b5b7-5168-8139-3271fb700fd9,29000,KZT,2026-07-05T10:00:00+00:00,sim-device-08,MOBILE,BASELINE,AUTHORED_NORMAL,Monthly utility payment
b07af866-33e5-56ff-aaba-e692b97cc4f0,ba3a88e1-917b-5a52-a070-2ce0fae9f61b,ed7a5c65-73b4-5a87-9931-cb8ea4e9223f,22000,KZT,2026-07-06T09:00:00+00:00,sim-device-08,MOBILE,BASELINE,AUTHORED_NORMAL,Household transfer
622184ef-1702-56b2-9edf-b03582154fb7,ba3a88e1-917b-5a52-a070-2ce0fae9f61b,a89664f8-d184-5144-b73a-80b6e74f0907,31000,KZT,2026-07-06T10:00:00+00:00,sim-device-08,MOBILE,BASELINE,AUTHORED_NORMAL,Grocery purchase
c5f5a900-d1f3-50e7-9181-30a24bbe5d47,ba3a88e1-917b-5a52-a070-2ce0fae9f61b,84bf6ee0-b5b7-5168-8139-3271fb700fd9,28000,KZT,2026-07-07T09:00:00+00:00,sim-device-08,MOBILE,BASELINE,AUTHORED_NORMAL,Monthly utility payment
159fe5dc-bb7d-5a71-91dd-67d89c3da949,ba3a88e1-917b-5a52-a070-2ce0fae9f61b,ed7a5c65-73b4-5a87-9931-cb8ea4e9223f,35000,KZT,2026-07-07T10:00:00+00:00,sim-device-08,MOBILE,BASELINE,AUTHORED_NORMAL,Household transfer
b55b7bbf-5805-5d7e-ae83-18db8055c145,ba3a88e1-917b-5a52-a070-2ce0fae9f61b,a89664f8-d184-5144-b73a-80b6e74f0907,26000,KZT,2026-07-08T09:00:00+00:00,sim-device-08,MOBILE,BASELINE,AUTHORED_NORMAL,Grocery purchase
06c7f808-7cc1-511d-ab8b-9f35a38433cf,ba3a88e1-917b-5a52-a070-2ce0fae9f61b,84bf6ee0-b5b7-5168-8139-3271fb700fd9,33000,KZT,2026-07-08T10:00:00+00:00,sim-device-08,MOBILE,BASELINE,AUTHORED_NORMAL,Monthly utility payment
4be0dcaa-2948-5a00-a118-89b51fea6b52,ba3a88e1-917b-5a52-a070-2ce0fae9f61b,ed7a5c65-73b4-5a87-9931-cb8ea4e9223f,29000,KZT,2026-07-09T09:00:00+00:00,sim-device-08,MOBILE,BASELINE,AUTHORED_NORMAL,Household transfer
edf9df10-9050-5527-84f8-54b3f08fce48,ba3a88e1-917b-5a52-a070-2ce0fae9f61b,a89664f8-d184-5144-b73a-80b6e74f0907,22000,KZT,2026-07-09T10:00:00+00:00,sim-device-08,MOBILE,BASELINE,AUTHORED_NORMAL,Grocery purchase
3c62d217-fd8a-5755-9c2e-27ab143bffb2,ba3a88e1-917b-5a52-a070-2ce0fae9f61b,84bf6ee0-b5b7-5168-8139-3271fb700fd9,31000,KZT,2026-07-10T09:00:00+00:00,sim-device-08,MOBILE,BASELINE,AUTHORED_NORMAL,Monthly utility payment
0b6e2690-6650-543a-9034-d2bd002a82ad,ba3a88e1-917b-5a52-a070-2ce0fae9f61b,ed7a5c65-73b4-5a87-9931-cb8ea4e9223f,28000,KZT,2026-07-10T10:00:00+00:00,sim-device-08,MOBILE,BASELINE,AUTHORED_NORMAL,Household transfer
640516bb-3bf8-54d7-8edc-f40ea9c1c17a,ba3a88e1-917b-5a52-a070-2ce0fae9f61b,a89664f8-d184-5144-b73a-80b6e74f0907,35000,KZT,2026-07-11T09:00:00+00:00,sim-device-08,MOBILE,BASELINE,AUTHORED_NORMAL,Grocery purchase
32245eff-6d7a-53bb-959f-412438058b4b,ba3a88e1-917b-5a52-a070-2ce0fae9f61b,84bf6ee0-b5b7-5168-8139-3271fb700fd9,26000,KZT,2026-07-11T10:00:00+00:00,sim-device-08,MOBILE,BASELINE,AUTHORED_NORMAL,Monthly utility payment
da38023f-a4fa-59e4-9c70-58c0ae67f41a,ba3a88e1-917b-5a52-a070-2ce0fae9f61b,ed7a5c65-73b4-5a87-9931-cb8ea4e9223f,33000,KZT,2026-07-12T09:00:00+00:00,sim-device-08,MOBILE,BASELINE,AUTHORED_NORMAL,Household transfer
67700026-23aa-565e-a5de-1ef670f490d2,ba3a88e1-917b-5a52-a070-2ce0fae9f61b,a89664f8-d184-5144-b73a-80b6e74f0907,29000,KZT,2026-07-12T10:00:00+00:00,sim-device-08,MOBILE,BASELINE,AUTHORED_NORMAL,Grocery purchase
49f4d563-1ccb-5179-8582-43daa96602db,ba3a88e1-917b-5a52-a070-2ce0fae9f61b,84bf6ee0-b5b7-5168-8139-3271fb700fd9,22000,KZT,2026-07-13T09:00:00+00:00,sim-device-08,MOBILE,BASELINE,AUTHORED_NORMAL,Monthly utility payment
b4e86715-44b6-5456-815a-eadb274cac45,ba3a88e1-917b-5a52-a070-2ce0fae9f61b,ed7a5c65-73b4-5a87-9931-cb8ea4e9223f,31000,KZT,2026-07-13T10:00:00+00:00,sim-device-08,MOBILE,BASELINE,AUTHORED_NORMAL,Household transfer
381a87fc-f0e7-5eec-a008-e0097b32ca61,ba3a88e1-917b-5a52-a070-2ce0fae9f61b,a89664f8-d184-5144-b73a-80b6e74f0907,28000,KZT,2026-07-14T09:00:00+00:00,sim-device-08,MOBILE,BASELINE,AUTHORED_NORMAL,Grocery purchase
e3966703-c435-5fa7-bb6e-c978a6cb2f2f,ba3a88e1-917b-5a52-a070-2ce0fae9f61b,84bf6ee0-b5b7-5168-8139-3271fb700fd9,35000,KZT,2026-07-14T10:00:00+00:00,sim-device-08,MOBILE,BASELINE,AUTHORED_NORMAL,Monthly utility payment
7eee1801-f208-5164-9c61-0498394a0c93,ba3a88e1-917b-5a52-a070-2ce0fae9f61b,ed7a5c65-73b4-5a87-9931-cb8ea4e9223f,26000,KZT,2026-07-15T09:00:00+00:00,sim-device-08,MOBILE,BASELINE,AUTHORED_NORMAL,Household transfer
1c495ce8-0bd3-5e8f-9146-3eedf5319a32,ba3a88e1-917b-5a52-a070-2ce0fae9f61b,a89664f8-d184-5144-b73a-80b6e74f0907,33000,KZT,2026-07-15T10:00:00+00:00,sim-device-08,MOBILE,BASELINE,AUTHORED_NORMAL,Grocery purchase
0ea21884-0e4c-58c4-a970-5b4c74e41162,ba3a88e1-917b-5a52-a070-2ce0fae9f61b,84bf6ee0-b5b7-5168-8139-3271fb700fd9,29000,KZT,2026-07-16T09:00:00+00:00,sim-device-08,MOBILE,BASELINE,AUTHORED_NORMAL,Monthly utility payment
813bfbda-3fca-5af2-8060-d3322a9b0be0,ba3a88e1-917b-5a52-a070-2ce0fae9f61b,ed7a5c65-73b4-5a87-9931-cb8ea4e9223f,22000,KZT,2026-07-16T10:00:00+00:00,sim-device-08,MOBILE,BASELINE,AUTHORED_NORMAL,Household transfer
45800b67-5e07-5105-a88b-63a10d0527f6,ba3a88e1-917b-5a52-a070-2ce0fae9f61b,a89664f8-d184-5144-b73a-80b6e74f0907,31000,KZT,2026-07-17T09:00:00+00:00,sim-device-08,MOBILE,BASELINE,AUTHORED_NORMAL,Grocery purchase
6ead1099-f1b3-5fab-bae2-9be228292cb9,ba3a88e1-917b-5a52-a070-2ce0fae9f61b,84bf6ee0-b5b7-5168-8139-3271fb700fd9,28000,KZT,2026-07-17T10:00:00+00:00,sim-device-08,MOBILE,BASELINE,AUTHORED_NORMAL,Monthly utility payment
7d87835c-fdf8-5eb0-8e84-f24e48fd96e9,ba3a88e1-917b-5a52-a070-2ce0fae9f61b,ed7a5c65-73b4-5a87-9931-cb8ea4e9223f,35000,KZT,2026-07-18T09:00:00+00:00,sim-device-08,MOBILE,BASELINE,AUTHORED_NORMAL,Household transfer
779db397-c79d-5a38-b1d8-421d4a633e33,ba3a88e1-917b-5a52-a070-2ce0fae9f61b,a89664f8-d184-5144-b73a-80b6e74f0907,26000,KZT,2026-07-18T10:00:00+00:00,sim-device-08,MOBILE,BASELINE,AUTHORED_NORMAL,Grocery purchase
e2e78d28-3e6d-51fa-8486-e2e03a5ad304,ba3a88e1-917b-5a52-a070-2ce0fae9f61b,84bf6ee0-b5b7-5168-8139-3271fb700fd9,33000,KZT,2026-07-19T09:00:00+00:00,sim-device-08,MOBILE,BASELINE,AUTHORED_NORMAL,Monthly utility payment
148dbf46-000d-599f-8fcc-b881e9b3180d,ba3a88e1-917b-5a52-a070-2ce0fae9f61b,ed7a5c65-73b4-5a87-9931-cb8ea4e9223f,29000,KZT,2026-07-19T10:00:00+00:00,sim-device-08,MOBILE,BASELINE,AUTHORED_NORMAL,Household transfer
1faaba88-207c-5bd4-8a79-0a1dcb9ee6bf,ba3a88e1-917b-5a52-a070-2ce0fae9f61b,a89664f8-d184-5144-b73a-80b6e74f0907,22000,KZT,2026-07-20T09:00:00+00:00,sim-device-08,MOBILE,BASELINE,AUTHORED_NORMAL,Grocery purchase
09fbd653-38ed-563d-988c-0fba89952274,ba3a88e1-917b-5a52-a070-2ce0fae9f61b,84bf6ee0-b5b7-5168-8139-3271fb700fd9,31000,KZT,2026-07-20T10:00:00+00:00,sim-device-08,MOBILE,BASELINE,AUTHORED_NORMAL,Monthly utility payment
46d62a06-872b-5fa2-a795-6c869b9f833e,ba3a88e1-917b-5a52-a070-2ce0fae9f61b,ed7a5c65-73b4-5a87-9931-cb8ea4e9223f,28000,KZT,2026-07-21T09:00:00+00:00,sim-device-08,MOBILE,BASELINE,AUTHORED_NORMAL,Household transfer
37ca593b-4ca4-5367-8d92-9821e0274a0a,ba3a88e1-917b-5a52-a070-2ce0fae9f61b,a89664f8-d184-5144-b73a-80b6e74f0907,35000,KZT,2026-07-21T10:00:00+00:00,sim-device-08,MOBILE,BASELINE,AUTHORED_NORMAL,Grocery purchase
f96f1707-dc4c-5b35-afb2-a8edc7d9f216,ba3a88e1-917b-5a52-a070-2ce0fae9f61b,84bf6ee0-b5b7-5168-8139-3271fb700fd9,26000,KZT,2026-07-22T09:00:00+00:00,sim-device-08,MOBILE,BASELINE,AUTHORED_NORMAL,Monthly utility payment
61d38a40-4b5c-5ed1-b051-64102a923c91,ba3a88e1-917b-5a52-a070-2ce0fae9f61b,ed7a5c65-73b4-5a87-9931-cb8ea4e9223f,33000,KZT,2026-07-22T10:00:00+00:00,sim-device-08,MOBILE,BASELINE,AUTHORED_NORMAL,Household transfer
d292724b-366b-5dc4-bfb0-37fb13b1dc10,ba3a88e1-917b-5a52-a070-2ce0fae9f61b,a89664f8-d184-5144-b73a-80b6e74f0907,29000,KZT,2026-07-23T09:00:00+00:00,sim-device-08,MOBILE,BASELINE,AUTHORED_NORMAL,Grocery purchase
59a1a21a-f3ee-502d-a655-e9cbe0d8199c,ba3a88e1-917b-5a52-a070-2ce0fae9f61b,84bf6ee0-b5b7-5168-8139-3271fb700fd9,22000,KZT,2026-07-23T10:00:00+00:00,sim-device-08,MOBILE,BASELINE,AUTHORED_NORMAL,Monthly utility payment
841a3df8-ad2e-5117-a9fa-98359cbd8b1d,ba3a88e1-917b-5a52-a070-2ce0fae9f61b,ed7a5c65-73b4-5a87-9931-cb8ea4e9223f,31000,KZT,2026-07-24T09:00:00+00:00,sim-device-08,MOBILE,BASELINE,AUTHORED_NORMAL,Household transfer
ca6532e6-1dbe-5ded-8685-b477a09919c0,ba3a88e1-917b-5a52-a070-2ce0fae9f61b,a89664f8-d184-5144-b73a-80b6e74f0907,28000,KZT,2026-07-24T10:00:00+00:00,sim-device-08,MOBILE,BASELINE,AUTHORED_NORMAL,Grocery purchase
e55a982e-9e14-5aa1-93f9-92e95cfcdc8c,ba3a88e1-917b-5a52-a070-2ce0fae9f61b,84bf6ee0-b5b7-5168-8139-3271fb700fd9,35000,KZT,2026-07-25T09:00:00+00:00,sim-device-08,MOBILE,BASELINE,AUTHORED_NORMAL,Monthly utility payment
207362ae-29cf-5934-bb52-9264fda86cb7,ba3a88e1-917b-5a52-a070-2ce0fae9f61b,ed7a5c65-73b4-5a87-9931-cb8ea4e9223f,26000,KZT,2026-07-25T10:00:00+00:00,sim-device-08,MOBILE,BASELINE,AUTHORED_NORMAL,Household transfer
3391bba4-46a0-50fa-9cf6-45a2e46ed7cb,ba3a88e1-917b-5a52-a070-2ce0fae9f61b,a89664f8-d184-5144-b73a-80b6e74f0907,33000,KZT,2026-07-26T09:00:00+00:00,sim-device-08,MOBILE,BASELINE,AUTHORED_NORMAL,Grocery purchase
12cf3f3a-2749-55a2-b591-6cf782266c40,ba3a88e1-917b-5a52-a070-2ce0fae9f61b,84bf6ee0-b5b7-5168-8139-3271fb700fd9,29000,KZT,2026-07-26T10:00:00+00:00,sim-device-08,MOBILE,BASELINE,AUTHORED_NORMAL,Monthly utility payment
dae3764f-3d99-5a83-9e0e-341fc244835e,ba3a88e1-917b-5a52-a070-2ce0fae9f61b,ed7a5c65-73b4-5a87-9931-cb8ea4e9223f,22000,KZT,2026-07-27T09:00:00+00:00,sim-device-08,MOBILE,BASELINE,AUTHORED_NORMAL,Household transfer
9f2fc6d3-c69f-5a30-ae5b-7b33b57aff2b,ba3a88e1-917b-5a52-a070-2ce0fae9f61b,a89664f8-d184-5144-b73a-80b6e74f0907,31000,KZT,2026-07-27T10:00:00+00:00,sim-device-08,MOBILE,BASELINE,AUTHORED_NORMAL,Grocery purchase
cf42f63a-7574-5aae-a8ea-af2bde3e1486,ba3a88e1-917b-5a52-a070-2ce0fae9f61b,84bf6ee0-b5b7-5168-8139-3271fb700fd9,28000,KZT,2026-07-28T09:00:00+00:00,sim-device-08,MOBILE,BASELINE,AUTHORED_NORMAL,Monthly utility payment
067fe6fb-c3c8-5905-b9dd-05a4deceafce,ba3a88e1-917b-5a52-a070-2ce0fae9f61b,ed7a5c65-73b4-5a87-9931-cb8ea4e9223f,35000,KZT,2026-07-28T10:00:00+00:00,sim-device-08,MOBILE,BASELINE,AUTHORED_NORMAL,Household transfer
d9911ae5-bc6d-5f11-be86-eeb20ca4f400,ba3a88e1-917b-5a52-a070-2ce0fae9f61b,a89664f8-d184-5144-b73a-80b6e74f0907,26000,KZT,2026-07-29T09:00:00+00:00,sim-device-08,MOBILE,BASELINE,AUTHORED_NORMAL,Grocery purchase
98e79df0-fd3b-5a95-a2d9-e5a8f7e0c94c,ba3a88e1-917b-5a52-a070-2ce0fae9f61b,84bf6ee0-b5b7-5168-8139-3271fb700fd9,33000,KZT,2026-07-29T10:00:00+00:00,sim-device-08,MOBILE,BASELINE,AUTHORED_NORMAL,Monthly utility payment
0e19dfe6-016e-5221-9fb7-c0e1a5fae708,ba3a88e1-917b-5a52-a070-2ce0fae9f61b,ed7a5c65-73b4-5a87-9931-cb8ea4e9223f,29000,KZT,2026-07-30T09:00:00+00:00,sim-device-08,MOBILE,BASELINE,AUTHORED_NORMAL,Household transfer
06b42958-1c57-5b6b-b9b5-20b78cfdd988,ba3a88e1-917b-5a52-a070-2ce0fae9f61b,a89664f8-d184-5144-b73a-80b6e74f0907,22000,KZT,2026-07-30T10:00:00+00:00,sim-device-08,MOBILE,BASELINE,AUTHORED_NORMAL,Grocery purchase
3f1dfdea-8838-54e0-860c-b6d0750a6a09,ba3a88e1-917b-5a52-a070-2ce0fae9f61b,84bf6ee0-b5b7-5168-8139-3271fb700fd9,31000,KZT,2026-07-31T09:00:00+00:00,sim-device-08,MOBILE,BASELINE,AUTHORED_NORMAL,Monthly utility payment
2ce7fb6b-d4ec-567a-8a75-83461d7bc067,ba3a88e1-917b-5a52-a070-2ce0fae9f61b,ed7a5c65-73b4-5a87-9931-cb8ea4e9223f,28000,KZT,2026-07-31T10:00:00+00:00,sim-device-08,MOBILE,BASELINE,AUTHORED_NORMAL,Household transfer
2902ad07-8bc8-58ad-9690-085b758d8dd7,ba3a88e1-917b-5a52-a070-2ce0fae9f61b,a89664f8-d184-5144-b73a-80b6e74f0907,35000,KZT,2026-08-01T09:00:00+00:00,sim-device-08,MOBILE,BASELINE,AUTHORED_NORMAL,Grocery purchase
6cfb18e4-e291-535d-8515-79fb1b1b3927,ba3a88e1-917b-5a52-a070-2ce0fae9f61b,84bf6ee0-b5b7-5168-8139-3271fb700fd9,26000,KZT,2026-08-01T10:00:00+00:00,sim-device-08,MOBILE,BASELINE,AUTHORED_NORMAL,Monthly utility payment
04cab962-1a4c-5ca4-bb4b-ec38f67aa4d9,ba3a88e1-917b-5a52-a070-2ce0fae9f61b,ed7a5c65-73b4-5a87-9931-cb8ea4e9223f,33000,KZT,2026-08-02T09:00:00+00:00,sim-device-08,MOBILE,BASELINE,AUTHORED_NORMAL,Household transfer
8fd60061-39f5-536c-bab9-4c11cc22f0b8,ba3a88e1-917b-5a52-a070-2ce0fae9f61b,a89664f8-d184-5144-b73a-80b6e74f0907,29000,KZT,2026-08-02T10:00:00+00:00,sim-device-08,MOBILE,BASELINE,AUTHORED_NORMAL,Grocery purchase
73d4402a-f4cd-5c4a-8e32-5da181b60c0d,ba3a88e1-917b-5a52-a070-2ce0fae9f61b,84bf6ee0-b5b7-5168-8139-3271fb700fd9,22000,KZT,2026-08-03T09:00:00+00:00,sim-device-08,MOBILE,BASELINE,AUTHORED_NORMAL,Monthly utility payment
e497efa9-6d75-517c-86a2-b5192e619cb2,ba3a88e1-917b-5a52-a070-2ce0fae9f61b,ed7a5c65-73b4-5a87-9931-cb8ea4e9223f,31000,KZT,2026-08-03T10:00:00+00:00,sim-device-08,MOBILE,BASELINE,AUTHORED_NORMAL,Household transfer
24319b84-d0ce-5c80-9421-9f6207b56ab8,ba3a88e1-917b-5a52-a070-2ce0fae9f61b,a89664f8-d184-5144-b73a-80b6e74f0907,28000,KZT,2026-08-04T09:00:00+00:00,sim-device-08,MOBILE,BASELINE,AUTHORED_NORMAL,Grocery purchase
be854732-1b36-57a8-9304-b022f1cf3253,ba3a88e1-917b-5a52-a070-2ce0fae9f61b,84bf6ee0-b5b7-5168-8139-3271fb700fd9,35000,KZT,2026-08-04T10:00:00+00:00,sim-device-08,MOBILE,BASELINE,AUTHORED_NORMAL,Monthly utility payment
e4751d87-4743-59f6-a668-4456f2c74f7b,ba3a88e1-917b-5a52-a070-2ce0fae9f61b,ed7a5c65-73b4-5a87-9931-cb8ea4e9223f,26000,KZT,2026-08-05T09:00:00+00:00,sim-device-08,MOBILE,BASELINE,AUTHORED_NORMAL,Household transfer
124872d5-e285-5f0d-a1b8-14149cf66d52,ba3a88e1-917b-5a52-a070-2ce0fae9f61b,a89664f8-d184-5144-b73a-80b6e74f0907,33000,KZT,2026-08-05T10:00:00+00:00,sim-device-08,MOBILE,BASELINE,AUTHORED_NORMAL,Grocery purchase
10adc659-5d52-5325-8214-bfaaceac67f9,ba3a88e1-917b-5a52-a070-2ce0fae9f61b,84bf6ee0-b5b7-5168-8139-3271fb700fd9,29000,KZT,2026-08-06T09:00:00+00:00,sim-device-08,MOBILE,BASELINE,AUTHORED_NORMAL,Monthly utility payment
2c3dba3d-1deb-5b8b-b4ae-270e5bbf1af4,ba3a88e1-917b-5a52-a070-2ce0fae9f61b,ed7a5c65-73b4-5a87-9931-cb8ea4e9223f,22000,KZT,2026-08-06T10:00:00+00:00,sim-device-08,MOBILE,BASELINE,AUTHORED_NORMAL,Household transfer
fcb957e2-a8ba-5ffa-bf54-e04ad0f3dcdc,ba3a88e1-917b-5a52-a070-2ce0fae9f61b,a89664f8-d184-5144-b73a-80b6e74f0907,31000,KZT,2026-08-07T09:00:00+00:00,sim-device-08,MOBILE,BASELINE,AUTHORED_NORMAL,Grocery purchase
b185b695-c182-59e8-baa3-d7b0ef9513cf,ba3a88e1-917b-5a52-a070-2ce0fae9f61b,84bf6ee0-b5b7-5168-8139-3271fb700fd9,28000,KZT,2026-08-07T10:00:00+00:00,sim-device-08,MOBILE,BASELINE,AUTHORED_NORMAL,Monthly utility payment
a6f3c6e0-2d1c-5aa3-83b0-c5fc4663b3d5,ba3a88e1-917b-5a52-a070-2ce0fae9f61b,ed7a5c65-73b4-5a87-9931-cb8ea4e9223f,35000,KZT,2026-08-08T09:00:00+00:00,sim-device-08,MOBILE,BASELINE,AUTHORED_NORMAL,Household transfer
ea68fb18-d81c-5a5c-b766-2c5dd044c2bc,ba3a88e1-917b-5a52-a070-2ce0fae9f61b,a89664f8-d184-5144-b73a-80b6e74f0907,26000,KZT,2026-08-08T10:00:00+00:00,sim-device-08,MOBILE,BASELINE,AUTHORED_NORMAL,Grocery purchase
58501aa3-7b1f-55b7-a466-e7089218de5e,ba3a88e1-917b-5a52-a070-2ce0fae9f61b,84bf6ee0-b5b7-5168-8139-3271fb700fd9,33000,KZT,2026-08-09T09:00:00+00:00,sim-device-08,MOBILE,BASELINE,AUTHORED_NORMAL,Monthly utility payment
9f6b2861-52a3-58c0-ae69-060758fe568e,ba3a88e1-917b-5a52-a070-2ce0fae9f61b,ed7a5c65-73b4-5a87-9931-cb8ea4e9223f,29000,KZT,2026-08-09T10:00:00+00:00,sim-device-08,MOBILE,BASELINE,AUTHORED_NORMAL,Household transfer
28fedb28-3b9b-5f6f-9e1c-8f7a0d9f98c1,ba3a88e1-917b-5a52-a070-2ce0fae9f61b,a89664f8-d184-5144-b73a-80b6e74f0907,22000,KZT,2026-08-10T09:00:00+00:00,sim-device-08,MOBILE,BASELINE,AUTHORED_NORMAL,Grocery purchase
83775703-92b9-56a2-81fe-2aea2e9ae118,ba3a88e1-917b-5a52-a070-2ce0fae9f61b,84bf6ee0-b5b7-5168-8139-3271fb700fd9,31000,KZT,2026-08-10T10:00:00+00:00,sim-device-08,MOBILE,BASELINE,AUTHORED_NORMAL,Monthly utility payment
dab99131-41e5-50b2-9e67-4131ebfecb34,ba3a88e1-917b-5a52-a070-2ce0fae9f61b,ed7a5c65-73b4-5a87-9931-cb8ea4e9223f,28000,KZT,2026-08-11T09:00:00+00:00,sim-device-08,MOBILE,BASELINE,AUTHORED_NORMAL,Household transfer
0be02f43-0abf-5e7f-a49e-4677c3b627aa,ba3a88e1-917b-5a52-a070-2ce0fae9f61b,a89664f8-d184-5144-b73a-80b6e74f0907,35000,KZT,2026-08-11T10:00:00+00:00,sim-device-08,MOBILE,BASELINE,AUTHORED_NORMAL,Grocery purchase
27c010a6-fb7f-51eb-bbe5-7a9d44f09670,ba3a88e1-917b-5a52-a070-2ce0fae9f61b,84bf6ee0-b5b7-5168-8139-3271fb700fd9,26000,KZT,2026-08-12T09:00:00+00:00,sim-device-08,MOBILE,BASELINE,AUTHORED_NORMAL,Monthly utility payment
f2522d6d-aa05-591c-a69a-aaaa6693a47e,ba3a88e1-917b-5a52-a070-2ce0fae9f61b,ed7a5c65-73b4-5a87-9931-cb8ea4e9223f,33000,KZT,2026-08-12T10:00:00+00:00,sim-device-08,MOBILE,BASELINE,AUTHORED_NORMAL,Household transfer
64d41a9e-7ed5-5f3d-91fe-65ddb6490883,ba3a88e1-917b-5a52-a070-2ce0fae9f61b,a89664f8-d184-5144-b73a-80b6e74f0907,29000,KZT,2026-08-13T09:00:00+00:00,sim-device-08,MOBILE,BASELINE,AUTHORED_NORMAL,Grocery purchase
9d5ab2f9-bd6f-520a-9968-4c59132a9c8e,ba3a88e1-917b-5a52-a070-2ce0fae9f61b,84bf6ee0-b5b7-5168-8139-3271fb700fd9,22000,KZT,2026-08-13T10:00:00+00:00,sim-device-08,MOBILE,BASELINE,AUTHORED_NORMAL,Monthly utility payment
3522a031-f699-54ee-a33b-64c7f1b674d9,ba3a88e1-917b-5a52-a070-2ce0fae9f61b,ed7a5c65-73b4-5a87-9931-cb8ea4e9223f,31000,KZT,2026-08-14T09:00:00+00:00,sim-device-08,MOBILE,BASELINE,AUTHORED_NORMAL,Household transfer
0d3a4016-3f7e-5147-b953-2aa1c67cc253,ba3a88e1-917b-5a52-a070-2ce0fae9f61b,a89664f8-d184-5144-b73a-80b6e74f0907,28000,KZT,2026-08-14T10:00:00+00:00,sim-device-08,MOBILE,BASELINE,AUTHORED_NORMAL,Grocery purchase
db86fb42-b934-582e-b50a-ba171861a29b,ba3a88e1-917b-5a52-a070-2ce0fae9f61b,84bf6ee0-b5b7-5168-8139-3271fb700fd9,35000,KZT,2026-08-15T09:00:00+00:00,sim-device-08,MOBILE,BASELINE,AUTHORED_NORMAL,Monthly utility payment
669daf79-c40b-55d8-897e-85e39e5bdc98,ba3a88e1-917b-5a52-a070-2ce0fae9f61b,ed7a5c65-73b4-5a87-9931-cb8ea4e9223f,26000,KZT,2026-08-15T10:00:00+00:00,sim-device-08,MOBILE,BASELINE,AUTHORED_NORMAL,Household transfer
aa211051-4619-5638-bcbf-b940cfe21d78,ba3a88e1-917b-5a52-a070-2ce0fae9f61b,a89664f8-d184-5144-b73a-80b6e74f0907,33000,KZT,2026-08-16T09:00:00+00:00,sim-device-08,MOBILE,BASELINE,AUTHORED_NORMAL,Grocery purchase
bc6543b3-9dd0-5fca-8411-fb62ac3759b4,ba3a88e1-917b-5a52-a070-2ce0fae9f61b,84bf6ee0-b5b7-5168-8139-3271fb700fd9,29000,KZT,2026-08-16T10:00:00+00:00,sim-device-08,MOBILE,BASELINE,AUTHORED_NORMAL,Monthly utility payment
cd5014a7-d7c9-5456-ad33-5442d0054ecd,ba3a88e1-917b-5a52-a070-2ce0fae9f61b,ed7a5c65-73b4-5a87-9931-cb8ea4e9223f,22000,KZT,2026-08-17T09:00:00+00:00,sim-device-08,MOBILE,BASELINE,AUTHORED_NORMAL,Household transfer
47b0df95-95d1-53ba-a9f4-98abdb86338a,ba3a88e1-917b-5a52-a070-2ce0fae9f61b,a89664f8-d184-5144-b73a-80b6e74f0907,31000,KZT,2026-08-17T10:00:00+00:00,sim-device-08,MOBILE,BASELINE,AUTHORED_NORMAL,Grocery purchase
dffd1960-d880-5d39-8a5b-976ab2bb6d4f,ba3a88e1-917b-5a52-a070-2ce0fae9f61b,84bf6ee0-b5b7-5168-8139-3271fb700fd9,28000,KZT,2026-08-18T09:00:00+00:00,sim-device-08,MOBILE,BASELINE,AUTHORED_NORMAL,Monthly utility payment
61d44bbd-a2ae-5fed-ab2d-304467a3e7b5,ba3a88e1-917b-5a52-a070-2ce0fae9f61b,ed7a5c65-73b4-5a87-9931-cb8ea4e9223f,35000,KZT,2026-08-18T10:00:00+00:00,sim-device-08,MOBILE,BASELINE,AUTHORED_NORMAL,Household transfer
003a990e-9c59-57a5-8a2d-4f8481a8f1e7,ba3a88e1-917b-5a52-a070-2ce0fae9f61b,a89664f8-d184-5144-b73a-80b6e74f0907,26000,KZT,2026-08-19T09:00:00+00:00,sim-device-08,MOBILE,BASELINE,AUTHORED_NORMAL,Grocery purchase
8454aedb-715f-5793-9b30-344473f9e507,ba3a88e1-917b-5a52-a070-2ce0fae9f61b,84bf6ee0-b5b7-5168-8139-3271fb700fd9,33000,KZT,2026-08-19T10:00:00+00:00,sim-device-08,MOBILE,BASELINE,AUTHORED_NORMAL,Monthly utility payment
0a695cf6-b7f6-5f3c-8ff5-dad387b76d41,ba3a88e1-917b-5a52-a070-2ce0fae9f61b,ed7a5c65-73b4-5a87-9931-cb8ea4e9223f,29000,KZT,2026-08-20T09:00:00+00:00,sim-device-08,MOBILE,BASELINE,AUTHORED_NORMAL,Household transfer
dc4e6d4e-3340-5321-b8f7-cd229eb8d0f8,ba3a88e1-917b-5a52-a070-2ce0fae9f61b,a89664f8-d184-5144-b73a-80b6e74f0907,22000,KZT,2026-08-20T10:00:00+00:00,sim-device-08,MOBILE,BASELINE,AUTHORED_NORMAL,Grocery purchase
6d03b2da-f58d-5713-94de-e3f97c064366,ba3a88e1-917b-5a52-a070-2ce0fae9f61b,84bf6ee0-b5b7-5168-8139-3271fb700fd9,31000,KZT,2026-08-21T09:00:00+00:00,sim-device-08,MOBILE,BASELINE,AUTHORED_NORMAL,Monthly utility payment
09d9921b-6748-55c3-8680-6daeb295846a,ba3a88e1-917b-5a52-a070-2ce0fae9f61b,ed7a5c65-73b4-5a87-9931-cb8ea4e9223f,28000,KZT,2026-08-21T10:00:00+00:00,sim-device-08,MOBILE,BASELINE,AUTHORED_NORMAL,Household transfer
e8aa39e2-a9fd-50be-9af0-45fcf61a5099,ba3a88e1-917b-5a52-a070-2ce0fae9f61b,a89664f8-d184-5144-b73a-80b6e74f0907,35000,KZT,2026-08-22T09:00:00+00:00,sim-device-08,MOBILE,BASELINE,AUTHORED_NORMAL,Grocery purchase
5dee088b-7bf6-5da6-a221-a239ef429c54,ba3a88e1-917b-5a52-a070-2ce0fae9f61b,84bf6ee0-b5b7-5168-8139-3271fb700fd9,26000,KZT,2026-08-22T10:00:00+00:00,sim-device-08,MOBILE,BASELINE,AUTHORED_NORMAL,Monthly utility payment
352b7bfe-1f30-574f-a9f8-26a35b96993f,ba3a88e1-917b-5a52-a070-2ce0fae9f61b,ed7a5c65-73b4-5a87-9931-cb8ea4e9223f,33000,KZT,2026-08-23T09:00:00+00:00,sim-device-08,MOBILE,BASELINE,AUTHORED_NORMAL,Household transfer
e91e4269-b127-5763-9487-99ae190576aa,ba3a88e1-917b-5a52-a070-2ce0fae9f61b,a89664f8-d184-5144-b73a-80b6e74f0907,29000,KZT,2026-08-23T10:00:00+00:00,sim-device-08,MOBILE,BASELINE,AUTHORED_NORMAL,Grocery purchase
a460feed-1eec-5030-8de3-e378c8a0d040,ba3a88e1-917b-5a52-a070-2ce0fae9f61b,84bf6ee0-b5b7-5168-8139-3271fb700fd9,22000,KZT,2026-08-24T09:00:00+00:00,sim-device-08,MOBILE,BASELINE,AUTHORED_NORMAL,Monthly utility payment
152fb640-08fd-5423-b2ce-2f2dd01cc99b,ba3a88e1-917b-5a52-a070-2ce0fae9f61b,ed7a5c65-73b4-5a87-9931-cb8ea4e9223f,31000,KZT,2026-08-24T10:00:00+00:00,sim-device-08,MOBILE,BASELINE,AUTHORED_NORMAL,Household transfer
58530fab-5057-5380-a8f9-d62b9e1c5651,ba3a88e1-917b-5a52-a070-2ce0fae9f61b,a89664f8-d184-5144-b73a-80b6e74f0907,28000,KZT,2026-08-25T09:00:00+00:00,sim-device-08,MOBILE,BASELINE,AUTHORED_NORMAL,Grocery purchase
e0c34e4a-c732-5d59-a157-cfc8a39ba5fd,ba3a88e1-917b-5a52-a070-2ce0fae9f61b,84bf6ee0-b5b7-5168-8139-3271fb700fd9,35000,KZT,2026-08-25T10:00:00+00:00,sim-device-08,MOBILE,BASELINE,AUTHORED_NORMAL,Monthly utility payment
bff16b47-4df7-5df2-9432-58f9c235cf11,ba3a88e1-917b-5a52-a070-2ce0fae9f61b,ed7a5c65-73b4-5a87-9931-cb8ea4e9223f,26000,KZT,2026-08-26T09:00:00+00:00,sim-device-08,MOBILE,BASELINE,AUTHORED_NORMAL,Household transfer
1c4600a9-796a-54fa-892d-122de69654c1,ba3a88e1-917b-5a52-a070-2ce0fae9f61b,a89664f8-d184-5144-b73a-80b6e74f0907,33000,KZT,2026-08-26T10:00:00+00:00,sim-device-08,MOBILE,BASELINE,AUTHORED_NORMAL,Grocery purchase
e71cfc03-4cf7-5800-98ee-3f99ab7cc459,ba3a88e1-917b-5a52-a070-2ce0fae9f61b,84bf6ee0-b5b7-5168-8139-3271fb700fd9,29000,KZT,2026-08-27T09:00:00+00:00,sim-device-08,MOBILE,BASELINE,AUTHORED_NORMAL,Monthly utility payment
40d7d275-941a-504c-87a1-e9eeb166be5e,ba3a88e1-917b-5a52-a070-2ce0fae9f61b,ed7a5c65-73b4-5a87-9931-cb8ea4e9223f,22000,KZT,2026-08-27T10:00:00+00:00,sim-device-08,MOBILE,BASELINE,AUTHORED_NORMAL,Household transfer
1ccbf938-f03d-5809-8bda-ec13660d5e48,ba3a88e1-917b-5a52-a070-2ce0fae9f61b,a89664f8-d184-5144-b73a-80b6e74f0907,31000,KZT,2026-08-28T09:00:00+00:00,sim-device-08,MOBILE,BASELINE,AUTHORED_NORMAL,Grocery purchase
720119f7-7bd4-5f19-9b71-14bdc35c6cdd,ba3a88e1-917b-5a52-a070-2ce0fae9f61b,84bf6ee0-b5b7-5168-8139-3271fb700fd9,28000,KZT,2026-08-28T10:00:00+00:00,sim-device-08,MOBILE,BASELINE,AUTHORED_NORMAL,Monthly utility payment
3332d346-d6d9-52ad-8bc4-7a682d91c705,ba3a88e1-917b-5a52-a070-2ce0fae9f61b,ed7a5c65-73b4-5a87-9931-cb8ea4e9223f,35000,KZT,2026-08-29T09:00:00+00:00,sim-device-08,MOBILE,BASELINE,AUTHORED_NORMAL,Household transfer
83e66b42-a551-571e-abaf-361a105400fa,ba3a88e1-917b-5a52-a070-2ce0fae9f61b,a89664f8-d184-5144-b73a-80b6e74f0907,26000,KZT,2026-08-29T10:00:00+00:00,sim-device-08,MOBILE,BASELINE,AUTHORED_NORMAL,Grocery purchase
4f837c21-ddd4-5817-af10-8673ae07b02e,ba3a88e1-917b-5a52-a070-2ce0fae9f61b,84bf6ee0-b5b7-5168-8139-3271fb700fd9,33000,KZT,2026-08-30T09:00:00+00:00,sim-device-08,MOBILE,BASELINE,AUTHORED_NORMAL,Monthly utility payment
980e15a8-528b-5a45-8aa7-2125ac6fa604,ba3a88e1-917b-5a52-a070-2ce0fae9f61b,ed7a5c65-73b4-5a87-9931-cb8ea4e9223f,29000,KZT,2026-08-30T10:00:00+00:00,sim-device-08,MOBILE,BASELINE,AUTHORED_NORMAL,Household transfer
bdef439e-3fc0-502c-9266-d700bf78d4ca,ba3a88e1-917b-5a52-a070-2ce0fae9f61b,a89664f8-d184-5144-b73a-80b6e74f0907,22000,KZT,2026-08-31T09:00:00+00:00,sim-device-08,MOBILE,BASELINE,AUTHORED_NORMAL,Grocery purchase
04557745-8ad2-55fc-9dea-7e882aebbe1a,ba3a88e1-917b-5a52-a070-2ce0fae9f61b,84bf6ee0-b5b7-5168-8139-3271fb700fd9,31000,KZT,2026-08-31T10:00:00+00:00,sim-device-08,MOBILE,BASELINE,AUTHORED_NORMAL,Monthly utility payment
680ee04f-3643-5e97-a9f0-bde1624eea9d,ba3a88e1-917b-5a52-a070-2ce0fae9f61b,ed7a5c65-73b4-5a87-9931-cb8ea4e9223f,28000,KZT,2026-09-01T09:00:00+00:00,sim-device-08,MOBILE,BASELINE,AUTHORED_NORMAL,Household transfer
6309500b-ee4d-598f-8ed2-b04d55d5cebc,ba3a88e1-917b-5a52-a070-2ce0fae9f61b,a89664f8-d184-5144-b73a-80b6e74f0907,35000,KZT,2026-09-01T10:00:00+00:00,sim-device-08,MOBILE,BASELINE,AUTHORED_NORMAL,Grocery purchase
1e7f4993-3381-56e7-8da5-2b60b2392b4a,ba3a88e1-917b-5a52-a070-2ce0fae9f61b,84bf6ee0-b5b7-5168-8139-3271fb700fd9,26000,KZT,2026-09-02T09:00:00+00:00,sim-device-08,MOBILE,BASELINE,AUTHORED_NORMAL,Monthly utility payment
9101ec66-f571-5a19-bf7d-a40375e3a103,ba3a88e1-917b-5a52-a070-2ce0fae9f61b,ed7a5c65-73b4-5a87-9931-cb8ea4e9223f,33000,KZT,2026-09-02T10:00:00+00:00,sim-device-08,MOBILE,BASELINE,AUTHORED_NORMAL,Household transfer
f922e89e-4c87-5369-aa5c-6ea3764056dc,ba3a88e1-917b-5a52-a070-2ce0fae9f61b,a89664f8-d184-5144-b73a-80b6e74f0907,29000,KZT,2026-09-03T09:00:00+00:00,sim-device-08,MOBILE,BASELINE,AUTHORED_NORMAL,Grocery purchase
90599e61-4cfa-5aac-be4c-d320364529ba,ba3a88e1-917b-5a52-a070-2ce0fae9f61b,84bf6ee0-b5b7-5168-8139-3271fb700fd9,22000,KZT,2026-09-03T10:00:00+00:00,sim-device-08,MOBILE,BASELINE,AUTHORED_NORMAL,Monthly utility payment
5064468a-39f9-5934-93c8-3d07fbce1ce1,ba3a88e1-917b-5a52-a070-2ce0fae9f61b,ed7a5c65-73b4-5a87-9931-cb8ea4e9223f,31000,KZT,2026-09-04T09:00:00+00:00,sim-device-08,MOBILE,BASELINE,AUTHORED_NORMAL,Household transfer
38f005ca-3454-563a-b7f5-7ff32ffb6368,ba3a88e1-917b-5a52-a070-2ce0fae9f61b,a89664f8-d184-5144-b73a-80b6e74f0907,28000,KZT,2026-09-04T10:00:00+00:00,sim-device-08,MOBILE,BASELINE,AUTHORED_NORMAL,Grocery purchase
da67e8ee-f6ff-54ed-91da-18f78bcaceb2,ba3a88e1-917b-5a52-a070-2ce0fae9f61b,84bf6ee0-b5b7-5168-8139-3271fb700fd9,35000,KZT,2026-09-05T09:00:00+00:00,sim-device-08,MOBILE,BASELINE,AUTHORED_NORMAL,Monthly utility payment
edcb041a-a3a6-55e2-941f-4133756c1bfb,ba3a88e1-917b-5a52-a070-2ce0fae9f61b,ed7a5c65-73b4-5a87-9931-cb8ea4e9223f,26000,KZT,2026-09-05T10:00:00+00:00,sim-device-08,MOBILE,BASELINE,AUTHORED_NORMAL,Household transfer
fb6e30e6-7a6b-5e0c-bd15-f17c9a7eec93,ba3a88e1-917b-5a52-a070-2ce0fae9f61b,a89664f8-d184-5144-b73a-80b6e74f0907,33000,KZT,2026-09-06T09:00:00+00:00,sim-device-08,MOBILE,BASELINE,AUTHORED_NORMAL,Grocery purchase
c031c191-489d-58c9-9f01-8b58316b9a77,ba3a88e1-917b-5a52-a070-2ce0fae9f61b,84bf6ee0-b5b7-5168-8139-3271fb700fd9,29000,KZT,2026-09-06T10:00:00+00:00,sim-device-08,MOBILE,BASELINE,AUTHORED_NORMAL,Monthly utility payment
1952a751-2e83-5a00-ade9-d6f3c07bd9a1,ba3a88e1-917b-5a52-a070-2ce0fae9f61b,ed7a5c65-73b4-5a87-9931-cb8ea4e9223f,22000,KZT,2026-09-07T09:00:00+00:00,sim-device-08,MOBILE,BASELINE,AUTHORED_NORMAL,Household transfer
12171f42-dc67-5095-b32f-5df70cffffee,ba3a88e1-917b-5a52-a070-2ce0fae9f61b,a89664f8-d184-5144-b73a-80b6e74f0907,31000,KZT,2026-09-07T10:00:00+00:00,sim-device-08,MOBILE,BASELINE,AUTHORED_NORMAL,Grocery purchase
b6345b15-d6d1-50a8-ab7c-6ec24b234e48,ba3a88e1-917b-5a52-a070-2ce0fae9f61b,84bf6ee0-b5b7-5168-8139-3271fb700fd9,28000,KZT,2026-09-08T09:00:00+00:00,sim-device-08,MOBILE,BASELINE,AUTHORED_NORMAL,Monthly utility payment
28decf0b-8e97-54d3-9bc2-1a907df71c03,ba3a88e1-917b-5a52-a070-2ce0fae9f61b,ed7a5c65-73b4-5a87-9931-cb8ea4e9223f,35000,KZT,2026-09-08T10:00:00+00:00,sim-device-08,MOBILE,BASELINE,AUTHORED_NORMAL,Household transfer
7236bb4d-bda1-51e5-87f7-d76f5385afc3,ba3a88e1-917b-5a52-a070-2ce0fae9f61b,a89664f8-d184-5144-b73a-80b6e74f0907,26000,KZT,2026-09-09T09:00:00+00:00,sim-device-08,MOBILE,BASELINE,AUTHORED_NORMAL,Grocery purchase
dc618ae9-0963-5ac4-8e72-9a514e3bb00d,ba3a88e1-917b-5a52-a070-2ce0fae9f61b,84bf6ee0-b5b7-5168-8139-3271fb700fd9,33000,KZT,2026-09-09T10:00:00+00:00,sim-device-08,MOBILE,BASELINE,AUTHORED_NORMAL,Monthly utility payment
ad190b7d-7440-5b94-9d73-8ab077a86806,ba3a88e1-917b-5a52-a070-2ce0fae9f61b,ed7a5c65-73b4-5a87-9931-cb8ea4e9223f,29000,KZT,2026-09-10T09:00:00+00:00,sim-device-08,MOBILE,BASELINE,AUTHORED_NORMAL,Household transfer
628aa281-7dfd-55e8-add8-4e45b957f077,ba3a88e1-917b-5a52-a070-2ce0fae9f61b,a89664f8-d184-5144-b73a-80b6e74f0907,22000,KZT,2026-09-10T10:00:00+00:00,sim-device-08,MOBILE,BASELINE,AUTHORED_NORMAL,Grocery purchase
ce86170f-ed3f-5440-8c84-404a184b8194,ba3a88e1-917b-5a52-a070-2ce0fae9f61b,84bf6ee0-b5b7-5168-8139-3271fb700fd9,31000,KZT,2026-09-11T09:00:00+00:00,sim-device-08,MOBILE,BASELINE,AUTHORED_NORMAL,Monthly utility payment
8fa85466-d46b-5fbf-90e5-be8444b58eaf,ba3a88e1-917b-5a52-a070-2ce0fae9f61b,ed7a5c65-73b4-5a87-9931-cb8ea4e9223f,28000,KZT,2026-09-11T10:00:00+00:00,sim-device-08,MOBILE,BASELINE,AUTHORED_NORMAL,Household transfer
b276d0a5-2411-5c01-afd5-af98c3fda36c,ba3a88e1-917b-5a52-a070-2ce0fae9f61b,a89664f8-d184-5144-b73a-80b6e74f0907,35000,KZT,2026-09-12T09:00:00+00:00,sim-device-08,MOBILE,BASELINE,AUTHORED_NORMAL,Grocery purchase
6dcc2f7a-bd76-5cc5-a404-3898edb1eb92,ba3a88e1-917b-5a52-a070-2ce0fae9f61b,84bf6ee0-b5b7-5168-8139-3271fb700fd9,26000,KZT,2026-09-12T10:00:00+00:00,sim-device-08,MOBILE,BASELINE,AUTHORED_NORMAL,Monthly utility payment
e3ef1a61-e3c7-553b-bb31-105b36f03f21,ba3a88e1-917b-5a52-a070-2ce0fae9f61b,ed7a5c65-73b4-5a87-9931-cb8ea4e9223f,33000,KZT,2026-09-13T09:00:00+00:00,sim-device-08,MOBILE,BASELINE,AUTHORED_NORMAL,Household transfer
106ce4d5-9f0b-505e-bcfd-c74966a5aaaf,ba3a88e1-917b-5a52-a070-2ce0fae9f61b,a89664f8-d184-5144-b73a-80b6e74f0907,29000,KZT,2026-09-13T10:00:00+00:00,sim-device-08,MOBILE,BASELINE,AUTHORED_NORMAL,Grocery purchase
32f9fe87-e5e9-52fa-807d-99106cec61ec,ba3a88e1-917b-5a52-a070-2ce0fae9f61b,84bf6ee0-b5b7-5168-8139-3271fb700fd9,22000,KZT,2026-09-14T09:00:00+00:00,sim-device-08,MOBILE,BASELINE,AUTHORED_NORMAL,Monthly utility payment
d438c7a1-b8a9-5006-b808-289556d4fd02,ba3a88e1-917b-5a52-a070-2ce0fae9f61b,ed7a5c65-73b4-5a87-9931-cb8ea4e9223f,31000,KZT,2026-09-14T10:00:00+00:00,sim-device-08,MOBILE,BASELINE,AUTHORED_NORMAL,Household transfer
c4093453-8bab-5cc2-847b-3cfb8189ab36,ba3a88e1-917b-5a52-a070-2ce0fae9f61b,a89664f8-d184-5144-b73a-80b6e74f0907,28000,KZT,2026-09-15T09:00:00+00:00,sim-device-08,MOBILE,BASELINE,AUTHORED_NORMAL,Grocery purchase
354afe27-8aed-516f-997b-57337cf2c54b,ba3a88e1-917b-5a52-a070-2ce0fae9f61b,84bf6ee0-b5b7-5168-8139-3271fb700fd9,35000,KZT,2026-09-15T10:00:00+00:00,sim-device-08,MOBILE,BASELINE,AUTHORED_NORMAL,Monthly utility payment
303b4fd1-dd19-50a4-9887-1565a71a2065,ba3a88e1-917b-5a52-a070-2ce0fae9f61b,ed7a5c65-73b4-5a87-9931-cb8ea4e9223f,26000,KZT,2026-09-16T09:00:00+00:00,sim-device-08,MOBILE,BASELINE,AUTHORED_NORMAL,Household transfer
9f2458d4-b9fc-5dff-a836-430ded1144c0,ba3a88e1-917b-5a52-a070-2ce0fae9f61b,a89664f8-d184-5144-b73a-80b6e74f0907,33000,KZT,2026-09-16T10:00:00+00:00,sim-device-08,MOBILE,BASELINE,AUTHORED_NORMAL,Grocery purchase
4aba66b4-5bfb-5a52-8ce5-68a8468e6fb4,ba3a88e1-917b-5a52-a070-2ce0fae9f61b,84bf6ee0-b5b7-5168-8139-3271fb700fd9,29000,KZT,2026-09-17T09:00:00+00:00,sim-device-08,MOBILE,BASELINE,AUTHORED_NORMAL,Monthly utility payment
32ec6711-bdca-5d04-917d-260a6e8bbf6e,ba3a88e1-917b-5a52-a070-2ce0fae9f61b,ed7a5c65-73b4-5a87-9931-cb8ea4e9223f,22000,KZT,2026-09-17T10:00:00+00:00,sim-device-08,MOBILE,BASELINE,AUTHORED_NORMAL,Household transfer
bead1d64-9ed5-58e4-a038-2e75a4c58ffc,ba3a88e1-917b-5a52-a070-2ce0fae9f61b,a89664f8-d184-5144-b73a-80b6e74f0907,31000,KZT,2026-09-18T09:00:00+00:00,sim-device-08,MOBILE,BASELINE,AUTHORED_NORMAL,Grocery purchase
647b372d-6c4d-5e6b-b41b-de6fb365e697,ba3a88e1-917b-5a52-a070-2ce0fae9f61b,84bf6ee0-b5b7-5168-8139-3271fb700fd9,28000,KZT,2026-09-18T10:00:00+00:00,sim-device-08,MOBILE,BASELINE,AUTHORED_NORMAL,Monthly utility payment
511d945d-986e-5b3b-bee9-f44fc9c163e0,ba3a88e1-917b-5a52-a070-2ce0fae9f61b,ed7a5c65-73b4-5a87-9931-cb8ea4e9223f,35000,KZT,2026-09-19T09:00:00+00:00,sim-device-08,MOBILE,BASELINE,AUTHORED_NORMAL,Household transfer
a31a2ae9-c0d6-59b7-8bb0-a91944fa28e6,ba3a88e1-917b-5a52-a070-2ce0fae9f61b,a89664f8-d184-5144-b73a-80b6e74f0907,26000,KZT,2026-09-19T10:00:00+00:00,sim-device-08,MOBILE,BASELINE,AUTHORED_NORMAL,Grocery purchase
a3cce9a0-91d8-59f6-9509-6c1e21a79854,f08ff53b-8d0d-5a01-84dc-670a2e3b776d,e65d1a21-db54-51a0-a12a-473017a08c77,28000,KZT,2026-06-12T09:00:00+00:00,sim-device-09,MOBILE,BASELINE,AUTHORED_NORMAL,Household transfer
41d6e6ed-2c10-54f0-b9bb-96761074786e,f08ff53b-8d0d-5a01-84dc-670a2e3b776d,22ff1811-4c04-57bf-8d1c-a4d408625d3b,35000,KZT,2026-06-12T10:00:00+00:00,sim-device-09,MOBILE,BASELINE,AUTHORED_NORMAL,Grocery purchase
0c6e38e8-3658-5ab9-840c-d1ef1025f355,f08ff53b-8d0d-5a01-84dc-670a2e3b776d,8b19e2ca-40ea-50a6-8b61-a1c00df38f08,26000,KZT,2026-06-13T09:00:00+00:00,sim-device-09,MOBILE,BASELINE,AUTHORED_NORMAL,Monthly utility payment
f93893c3-56be-590b-bea5-ab8ecd8aff49,f08ff53b-8d0d-5a01-84dc-670a2e3b776d,e65d1a21-db54-51a0-a12a-473017a08c77,33000,KZT,2026-06-13T10:00:00+00:00,sim-device-09,MOBILE,BASELINE,AUTHORED_NORMAL,Household transfer
168a4dbc-77b2-5957-9368-efbd607ca22b,f08ff53b-8d0d-5a01-84dc-670a2e3b776d,22ff1811-4c04-57bf-8d1c-a4d408625d3b,29000,KZT,2026-06-14T09:00:00+00:00,sim-device-09,MOBILE,BASELINE,AUTHORED_NORMAL,Grocery purchase
ad50b558-935d-5bbf-9f15-401552b82b81,f08ff53b-8d0d-5a01-84dc-670a2e3b776d,8b19e2ca-40ea-50a6-8b61-a1c00df38f08,22000,KZT,2026-06-14T10:00:00+00:00,sim-device-09,MOBILE,BASELINE,AUTHORED_NORMAL,Monthly utility payment
e81a1abc-e0a9-57d7-89e2-bf962153d928,f08ff53b-8d0d-5a01-84dc-670a2e3b776d,e65d1a21-db54-51a0-a12a-473017a08c77,31000,KZT,2026-06-15T09:00:00+00:00,sim-device-09,MOBILE,BASELINE,AUTHORED_NORMAL,Household transfer
74a9e244-c149-54bb-a50a-29513f022aab,f08ff53b-8d0d-5a01-84dc-670a2e3b776d,22ff1811-4c04-57bf-8d1c-a4d408625d3b,28000,KZT,2026-06-15T10:00:00+00:00,sim-device-09,MOBILE,BASELINE,AUTHORED_NORMAL,Grocery purchase
dd8faaf7-d8ce-5831-8fb1-e4481827cfae,f08ff53b-8d0d-5a01-84dc-670a2e3b776d,8b19e2ca-40ea-50a6-8b61-a1c00df38f08,35000,KZT,2026-06-16T09:00:00+00:00,sim-device-09,MOBILE,BASELINE,AUTHORED_NORMAL,Monthly utility payment
1dc11a89-90cc-53b1-b395-b112ff4ffb1d,f08ff53b-8d0d-5a01-84dc-670a2e3b776d,e65d1a21-db54-51a0-a12a-473017a08c77,26000,KZT,2026-06-16T10:00:00+00:00,sim-device-09,MOBILE,BASELINE,AUTHORED_NORMAL,Household transfer
766f5c0e-8cb4-507d-8f6b-ae599fbab204,f08ff53b-8d0d-5a01-84dc-670a2e3b776d,22ff1811-4c04-57bf-8d1c-a4d408625d3b,33000,KZT,2026-06-17T09:00:00+00:00,sim-device-09,MOBILE,BASELINE,AUTHORED_NORMAL,Grocery purchase
d7e399e2-8683-52cf-ae1f-22bf0c1edd4d,f08ff53b-8d0d-5a01-84dc-670a2e3b776d,8b19e2ca-40ea-50a6-8b61-a1c00df38f08,29000,KZT,2026-06-17T10:00:00+00:00,sim-device-09,MOBILE,BASELINE,AUTHORED_NORMAL,Monthly utility payment
3ef8d8ac-6dd3-5d12-95ca-92bcd311d86a,f08ff53b-8d0d-5a01-84dc-670a2e3b776d,e65d1a21-db54-51a0-a12a-473017a08c77,22000,KZT,2026-06-18T09:00:00+00:00,sim-device-09,MOBILE,BASELINE,AUTHORED_NORMAL,Household transfer
e67b032f-7c52-5f07-bdc3-d3823d1f9e2a,f08ff53b-8d0d-5a01-84dc-670a2e3b776d,22ff1811-4c04-57bf-8d1c-a4d408625d3b,31000,KZT,2026-06-18T10:00:00+00:00,sim-device-09,MOBILE,BASELINE,AUTHORED_NORMAL,Grocery purchase
d62b8f27-d9a7-52a5-b519-f08cf7166572,f08ff53b-8d0d-5a01-84dc-670a2e3b776d,8b19e2ca-40ea-50a6-8b61-a1c00df38f08,28000,KZT,2026-06-19T09:00:00+00:00,sim-device-09,MOBILE,BASELINE,AUTHORED_NORMAL,Monthly utility payment
1dd4c2bb-1b20-58fc-8c25-5f745202eb44,f08ff53b-8d0d-5a01-84dc-670a2e3b776d,e65d1a21-db54-51a0-a12a-473017a08c77,35000,KZT,2026-06-19T10:00:00+00:00,sim-device-09,MOBILE,BASELINE,AUTHORED_NORMAL,Household transfer
4e76b35d-7781-5109-b796-f4e4e0923ee6,f08ff53b-8d0d-5a01-84dc-670a2e3b776d,22ff1811-4c04-57bf-8d1c-a4d408625d3b,26000,KZT,2026-06-20T09:00:00+00:00,sim-device-09,MOBILE,BASELINE,AUTHORED_NORMAL,Grocery purchase
23ebb4ae-8550-5b22-a6e4-818b3c93d812,f08ff53b-8d0d-5a01-84dc-670a2e3b776d,8b19e2ca-40ea-50a6-8b61-a1c00df38f08,33000,KZT,2026-06-20T10:00:00+00:00,sim-device-09,MOBILE,BASELINE,AUTHORED_NORMAL,Monthly utility payment
78184fd1-4d85-5d7f-8972-737f1ceae80f,f08ff53b-8d0d-5a01-84dc-670a2e3b776d,e65d1a21-db54-51a0-a12a-473017a08c77,29000,KZT,2026-06-21T09:00:00+00:00,sim-device-09,MOBILE,BASELINE,AUTHORED_NORMAL,Household transfer
635a60bb-e41b-56ed-8667-dd41b9fa31b6,f08ff53b-8d0d-5a01-84dc-670a2e3b776d,22ff1811-4c04-57bf-8d1c-a4d408625d3b,22000,KZT,2026-06-21T10:00:00+00:00,sim-device-09,MOBILE,BASELINE,AUTHORED_NORMAL,Grocery purchase
b713d7f4-7513-50d5-846d-0055b36fde65,f08ff53b-8d0d-5a01-84dc-670a2e3b776d,8b19e2ca-40ea-50a6-8b61-a1c00df38f08,31000,KZT,2026-06-22T09:00:00+00:00,sim-device-09,MOBILE,BASELINE,AUTHORED_NORMAL,Monthly utility payment
d52c0be6-a3d4-5a0f-bd31-25c25c6b3375,f08ff53b-8d0d-5a01-84dc-670a2e3b776d,e65d1a21-db54-51a0-a12a-473017a08c77,28000,KZT,2026-06-22T10:00:00+00:00,sim-device-09,MOBILE,BASELINE,AUTHORED_NORMAL,Household transfer
d5b5c896-1f88-5bb0-bbd7-38c7d581c3d0,f08ff53b-8d0d-5a01-84dc-670a2e3b776d,22ff1811-4c04-57bf-8d1c-a4d408625d3b,35000,KZT,2026-06-23T09:00:00+00:00,sim-device-09,MOBILE,BASELINE,AUTHORED_NORMAL,Grocery purchase
4b9e62f5-b3bc-51be-9598-f669904c3803,f08ff53b-8d0d-5a01-84dc-670a2e3b776d,8b19e2ca-40ea-50a6-8b61-a1c00df38f08,26000,KZT,2026-06-23T10:00:00+00:00,sim-device-09,MOBILE,BASELINE,AUTHORED_NORMAL,Monthly utility payment
cdc0d8a9-3401-5514-8717-f8c0ec393490,f08ff53b-8d0d-5a01-84dc-670a2e3b776d,e65d1a21-db54-51a0-a12a-473017a08c77,33000,KZT,2026-06-24T09:00:00+00:00,sim-device-09,MOBILE,BASELINE,AUTHORED_NORMAL,Household transfer
7a8fba2d-1ba9-5e6f-9664-59edee453e22,f08ff53b-8d0d-5a01-84dc-670a2e3b776d,22ff1811-4c04-57bf-8d1c-a4d408625d3b,29000,KZT,2026-06-24T10:00:00+00:00,sim-device-09,MOBILE,BASELINE,AUTHORED_NORMAL,Grocery purchase
137f4ceb-eef0-503c-ae81-fc61a34b928a,f08ff53b-8d0d-5a01-84dc-670a2e3b776d,8b19e2ca-40ea-50a6-8b61-a1c00df38f08,22000,KZT,2026-06-25T09:00:00+00:00,sim-device-09,MOBILE,BASELINE,AUTHORED_NORMAL,Monthly utility payment
c886c0bf-9dc2-53bd-971d-cfb3c146bbb5,f08ff53b-8d0d-5a01-84dc-670a2e3b776d,e65d1a21-db54-51a0-a12a-473017a08c77,31000,KZT,2026-06-25T10:00:00+00:00,sim-device-09,MOBILE,BASELINE,AUTHORED_NORMAL,Household transfer
1a5f9651-8c9d-554a-b700-56dd17f12cdf,f08ff53b-8d0d-5a01-84dc-670a2e3b776d,22ff1811-4c04-57bf-8d1c-a4d408625d3b,28000,KZT,2026-06-26T09:00:00+00:00,sim-device-09,MOBILE,BASELINE,AUTHORED_NORMAL,Grocery purchase
35df5765-5687-531d-ac3c-797b693d56c5,f08ff53b-8d0d-5a01-84dc-670a2e3b776d,8b19e2ca-40ea-50a6-8b61-a1c00df38f08,35000,KZT,2026-06-26T10:00:00+00:00,sim-device-09,MOBILE,BASELINE,AUTHORED_NORMAL,Monthly utility payment
c81a7f10-8102-5d05-badf-aab590d27406,f08ff53b-8d0d-5a01-84dc-670a2e3b776d,e65d1a21-db54-51a0-a12a-473017a08c77,26000,KZT,2026-06-27T09:00:00+00:00,sim-device-09,MOBILE,BASELINE,AUTHORED_NORMAL,Household transfer
247127d4-61d1-538c-9cb7-6540f4b61e1d,f08ff53b-8d0d-5a01-84dc-670a2e3b776d,22ff1811-4c04-57bf-8d1c-a4d408625d3b,33000,KZT,2026-06-27T10:00:00+00:00,sim-device-09,MOBILE,BASELINE,AUTHORED_NORMAL,Grocery purchase
babb5d26-0407-5c89-a127-68371ea96d55,f08ff53b-8d0d-5a01-84dc-670a2e3b776d,8b19e2ca-40ea-50a6-8b61-a1c00df38f08,29000,KZT,2026-06-28T09:00:00+00:00,sim-device-09,MOBILE,BASELINE,AUTHORED_NORMAL,Monthly utility payment
fd261bf2-6f3e-5f12-96b6-08c2157fedf5,f08ff53b-8d0d-5a01-84dc-670a2e3b776d,e65d1a21-db54-51a0-a12a-473017a08c77,22000,KZT,2026-06-28T10:00:00+00:00,sim-device-09,MOBILE,BASELINE,AUTHORED_NORMAL,Household transfer
3bfdffbc-4a55-57de-b7a5-82d29693b005,f08ff53b-8d0d-5a01-84dc-670a2e3b776d,22ff1811-4c04-57bf-8d1c-a4d408625d3b,31000,KZT,2026-06-29T09:00:00+00:00,sim-device-09,MOBILE,BASELINE,AUTHORED_NORMAL,Grocery purchase
aec56057-2358-54b3-b86f-fbefaec1734c,f08ff53b-8d0d-5a01-84dc-670a2e3b776d,8b19e2ca-40ea-50a6-8b61-a1c00df38f08,28000,KZT,2026-06-29T10:00:00+00:00,sim-device-09,MOBILE,BASELINE,AUTHORED_NORMAL,Monthly utility payment
29e983cd-642a-5822-b66d-5bed7752658f,f08ff53b-8d0d-5a01-84dc-670a2e3b776d,e65d1a21-db54-51a0-a12a-473017a08c77,35000,KZT,2026-06-30T09:00:00+00:00,sim-device-09,MOBILE,BASELINE,AUTHORED_NORMAL,Household transfer
8094ef7c-cd08-5d71-b31f-d2d8fb0cf0b2,f08ff53b-8d0d-5a01-84dc-670a2e3b776d,22ff1811-4c04-57bf-8d1c-a4d408625d3b,26000,KZT,2026-06-30T10:00:00+00:00,sim-device-09,MOBILE,BASELINE,AUTHORED_NORMAL,Grocery purchase
510d5085-aefb-5cf0-89c1-1997975716cf,f08ff53b-8d0d-5a01-84dc-670a2e3b776d,8b19e2ca-40ea-50a6-8b61-a1c00df38f08,33000,KZT,2026-07-01T09:00:00+00:00,sim-device-09,MOBILE,BASELINE,AUTHORED_NORMAL,Monthly utility payment
ca10cae9-5a95-5251-b9ee-c2911b37a97f,f08ff53b-8d0d-5a01-84dc-670a2e3b776d,e65d1a21-db54-51a0-a12a-473017a08c77,29000,KZT,2026-07-01T10:00:00+00:00,sim-device-09,MOBILE,BASELINE,AUTHORED_NORMAL,Household transfer
4d04b9bd-e249-53c2-a4c5-a5e5a8ea8449,f08ff53b-8d0d-5a01-84dc-670a2e3b776d,22ff1811-4c04-57bf-8d1c-a4d408625d3b,22000,KZT,2026-07-02T09:00:00+00:00,sim-device-09,MOBILE,BASELINE,AUTHORED_NORMAL,Grocery purchase
dc128a59-931a-5f0e-a40b-ca3f3451645b,f08ff53b-8d0d-5a01-84dc-670a2e3b776d,8b19e2ca-40ea-50a6-8b61-a1c00df38f08,31000,KZT,2026-07-02T10:00:00+00:00,sim-device-09,MOBILE,BASELINE,AUTHORED_NORMAL,Monthly utility payment
dff63a9c-8fa6-54f1-beba-3400a8b1931f,f08ff53b-8d0d-5a01-84dc-670a2e3b776d,e65d1a21-db54-51a0-a12a-473017a08c77,28000,KZT,2026-07-03T09:00:00+00:00,sim-device-09,MOBILE,BASELINE,AUTHORED_NORMAL,Household transfer
f5fbae45-9c9a-5562-812f-2dbb55d63f50,f08ff53b-8d0d-5a01-84dc-670a2e3b776d,22ff1811-4c04-57bf-8d1c-a4d408625d3b,35000,KZT,2026-07-03T10:00:00+00:00,sim-device-09,MOBILE,BASELINE,AUTHORED_NORMAL,Grocery purchase
2f8e9499-0c23-5675-95d8-17ea196138eb,f08ff53b-8d0d-5a01-84dc-670a2e3b776d,8b19e2ca-40ea-50a6-8b61-a1c00df38f08,26000,KZT,2026-07-04T09:00:00+00:00,sim-device-09,MOBILE,BASELINE,AUTHORED_NORMAL,Monthly utility payment
8717241d-bc92-59cb-8b5a-85ed37faa395,f08ff53b-8d0d-5a01-84dc-670a2e3b776d,e65d1a21-db54-51a0-a12a-473017a08c77,33000,KZT,2026-07-04T10:00:00+00:00,sim-device-09,MOBILE,BASELINE,AUTHORED_NORMAL,Household transfer
ae2bc77c-1906-5e5e-b334-56afe6cd1f9f,f08ff53b-8d0d-5a01-84dc-670a2e3b776d,22ff1811-4c04-57bf-8d1c-a4d408625d3b,29000,KZT,2026-07-05T09:00:00+00:00,sim-device-09,MOBILE,BASELINE,AUTHORED_NORMAL,Grocery purchase
42a7c5b1-b2af-5d19-ac60-90a40a5297c0,f08ff53b-8d0d-5a01-84dc-670a2e3b776d,8b19e2ca-40ea-50a6-8b61-a1c00df38f08,22000,KZT,2026-07-05T10:00:00+00:00,sim-device-09,MOBILE,BASELINE,AUTHORED_NORMAL,Monthly utility payment
12833d80-9b87-5831-9a18-8b499032bbfc,f08ff53b-8d0d-5a01-84dc-670a2e3b776d,e65d1a21-db54-51a0-a12a-473017a08c77,31000,KZT,2026-07-06T09:00:00+00:00,sim-device-09,MOBILE,BASELINE,AUTHORED_NORMAL,Household transfer
47b505dc-466e-57ba-9bd7-d00b0e434797,f08ff53b-8d0d-5a01-84dc-670a2e3b776d,22ff1811-4c04-57bf-8d1c-a4d408625d3b,28000,KZT,2026-07-06T10:00:00+00:00,sim-device-09,MOBILE,BASELINE,AUTHORED_NORMAL,Grocery purchase
738b9680-a1b0-538a-bf32-5abba0b3f694,f08ff53b-8d0d-5a01-84dc-670a2e3b776d,8b19e2ca-40ea-50a6-8b61-a1c00df38f08,35000,KZT,2026-07-07T09:00:00+00:00,sim-device-09,MOBILE,BASELINE,AUTHORED_NORMAL,Monthly utility payment
c856d74e-6b07-5a32-a18a-2eae4a1a2fe5,f08ff53b-8d0d-5a01-84dc-670a2e3b776d,e65d1a21-db54-51a0-a12a-473017a08c77,26000,KZT,2026-07-07T10:00:00+00:00,sim-device-09,MOBILE,BASELINE,AUTHORED_NORMAL,Household transfer
15e6ac08-87c7-5d14-8e30-b701084e34bb,f08ff53b-8d0d-5a01-84dc-670a2e3b776d,22ff1811-4c04-57bf-8d1c-a4d408625d3b,33000,KZT,2026-07-08T09:00:00+00:00,sim-device-09,MOBILE,BASELINE,AUTHORED_NORMAL,Grocery purchase
c94ebfff-c411-5672-80cf-406c992859fc,f08ff53b-8d0d-5a01-84dc-670a2e3b776d,8b19e2ca-40ea-50a6-8b61-a1c00df38f08,29000,KZT,2026-07-08T10:00:00+00:00,sim-device-09,MOBILE,BASELINE,AUTHORED_NORMAL,Monthly utility payment
392728df-7d5f-5549-ba9a-0bd75d5dc0d2,f08ff53b-8d0d-5a01-84dc-670a2e3b776d,e65d1a21-db54-51a0-a12a-473017a08c77,22000,KZT,2026-07-09T09:00:00+00:00,sim-device-09,MOBILE,BASELINE,AUTHORED_NORMAL,Household transfer
061834a3-7c57-572b-8911-0339cb6b7f2f,f08ff53b-8d0d-5a01-84dc-670a2e3b776d,22ff1811-4c04-57bf-8d1c-a4d408625d3b,31000,KZT,2026-07-09T10:00:00+00:00,sim-device-09,MOBILE,BASELINE,AUTHORED_NORMAL,Grocery purchase
290a7cb2-dfb0-5ab1-8334-97a02ba48cbd,f08ff53b-8d0d-5a01-84dc-670a2e3b776d,8b19e2ca-40ea-50a6-8b61-a1c00df38f08,28000,KZT,2026-07-10T09:00:00+00:00,sim-device-09,MOBILE,BASELINE,AUTHORED_NORMAL,Monthly utility payment
e01f4bd6-d71b-5b1e-a3f5-b9ef5f28c8c0,f08ff53b-8d0d-5a01-84dc-670a2e3b776d,e65d1a21-db54-51a0-a12a-473017a08c77,35000,KZT,2026-07-10T10:00:00+00:00,sim-device-09,MOBILE,BASELINE,AUTHORED_NORMAL,Household transfer
2b3a063a-6289-539a-9083-1414fb855655,f08ff53b-8d0d-5a01-84dc-670a2e3b776d,22ff1811-4c04-57bf-8d1c-a4d408625d3b,26000,KZT,2026-07-11T09:00:00+00:00,sim-device-09,MOBILE,BASELINE,AUTHORED_NORMAL,Grocery purchase
5c4d5221-a9cf-510a-8d27-dd2d03e8ad8c,f08ff53b-8d0d-5a01-84dc-670a2e3b776d,8b19e2ca-40ea-50a6-8b61-a1c00df38f08,33000,KZT,2026-07-11T10:00:00+00:00,sim-device-09,MOBILE,BASELINE,AUTHORED_NORMAL,Monthly utility payment
0885bdd8-8f2f-57b6-a026-bab736c04614,f08ff53b-8d0d-5a01-84dc-670a2e3b776d,e65d1a21-db54-51a0-a12a-473017a08c77,29000,KZT,2026-07-12T09:00:00+00:00,sim-device-09,MOBILE,BASELINE,AUTHORED_NORMAL,Household transfer
13423419-6c26-51cb-bb0e-4ebd72e1a0c1,f08ff53b-8d0d-5a01-84dc-670a2e3b776d,22ff1811-4c04-57bf-8d1c-a4d408625d3b,22000,KZT,2026-07-12T10:00:00+00:00,sim-device-09,MOBILE,BASELINE,AUTHORED_NORMAL,Grocery purchase
e96f008a-58ad-59a7-9f91-6931f4dd6bc0,f08ff53b-8d0d-5a01-84dc-670a2e3b776d,8b19e2ca-40ea-50a6-8b61-a1c00df38f08,31000,KZT,2026-07-13T09:00:00+00:00,sim-device-09,MOBILE,BASELINE,AUTHORED_NORMAL,Monthly utility payment
32ad33a3-08aa-52f7-8d71-ca388341d1ce,f08ff53b-8d0d-5a01-84dc-670a2e3b776d,e65d1a21-db54-51a0-a12a-473017a08c77,28000,KZT,2026-07-13T10:00:00+00:00,sim-device-09,MOBILE,BASELINE,AUTHORED_NORMAL,Household transfer
88015747-58bd-5a30-a0b6-7ddb09bb2129,f08ff53b-8d0d-5a01-84dc-670a2e3b776d,22ff1811-4c04-57bf-8d1c-a4d408625d3b,35000,KZT,2026-07-14T09:00:00+00:00,sim-device-09,MOBILE,BASELINE,AUTHORED_NORMAL,Grocery purchase
6efa7448-ece1-59e6-9234-a7f9948d7054,f08ff53b-8d0d-5a01-84dc-670a2e3b776d,8b19e2ca-40ea-50a6-8b61-a1c00df38f08,26000,KZT,2026-07-14T10:00:00+00:00,sim-device-09,MOBILE,BASELINE,AUTHORED_NORMAL,Monthly utility payment
80cc6446-e591-5427-99d6-6c0cccb8605e,f08ff53b-8d0d-5a01-84dc-670a2e3b776d,e65d1a21-db54-51a0-a12a-473017a08c77,33000,KZT,2026-07-15T09:00:00+00:00,sim-device-09,MOBILE,BASELINE,AUTHORED_NORMAL,Household transfer
fc2dd16b-5a31-51ba-96de-463f7c4554f9,f08ff53b-8d0d-5a01-84dc-670a2e3b776d,22ff1811-4c04-57bf-8d1c-a4d408625d3b,29000,KZT,2026-07-15T10:00:00+00:00,sim-device-09,MOBILE,BASELINE,AUTHORED_NORMAL,Grocery purchase
f196fe35-c7a3-5453-83fc-3090b2469347,f08ff53b-8d0d-5a01-84dc-670a2e3b776d,8b19e2ca-40ea-50a6-8b61-a1c00df38f08,22000,KZT,2026-07-16T09:00:00+00:00,sim-device-09,MOBILE,BASELINE,AUTHORED_NORMAL,Monthly utility payment
43bdfcd8-5c6f-54cc-8b3d-2c523c2a62f7,f08ff53b-8d0d-5a01-84dc-670a2e3b776d,e65d1a21-db54-51a0-a12a-473017a08c77,31000,KZT,2026-07-16T10:00:00+00:00,sim-device-09,MOBILE,BASELINE,AUTHORED_NORMAL,Household transfer
540849ee-5a5c-5805-a21e-ca974f97a869,f08ff53b-8d0d-5a01-84dc-670a2e3b776d,22ff1811-4c04-57bf-8d1c-a4d408625d3b,28000,KZT,2026-07-17T09:00:00+00:00,sim-device-09,MOBILE,BASELINE,AUTHORED_NORMAL,Grocery purchase
880dc34d-9528-523c-8f98-ca77a4985ae3,f08ff53b-8d0d-5a01-84dc-670a2e3b776d,8b19e2ca-40ea-50a6-8b61-a1c00df38f08,35000,KZT,2026-07-17T10:00:00+00:00,sim-device-09,MOBILE,BASELINE,AUTHORED_NORMAL,Monthly utility payment
23dd4458-22f2-53b8-a9ee-2ee5d6c29b13,f08ff53b-8d0d-5a01-84dc-670a2e3b776d,e65d1a21-db54-51a0-a12a-473017a08c77,26000,KZT,2026-07-18T09:00:00+00:00,sim-device-09,MOBILE,BASELINE,AUTHORED_NORMAL,Household transfer
0b5c20c1-48d1-5623-b11e-32944f96a652,f08ff53b-8d0d-5a01-84dc-670a2e3b776d,22ff1811-4c04-57bf-8d1c-a4d408625d3b,33000,KZT,2026-07-18T10:00:00+00:00,sim-device-09,MOBILE,BASELINE,AUTHORED_NORMAL,Grocery purchase
9ec13fb1-69e9-5cbe-9b8b-f8b98d41f539,f08ff53b-8d0d-5a01-84dc-670a2e3b776d,8b19e2ca-40ea-50a6-8b61-a1c00df38f08,29000,KZT,2026-07-19T09:00:00+00:00,sim-device-09,MOBILE,BASELINE,AUTHORED_NORMAL,Monthly utility payment
408560d5-74b0-5864-83b2-c70042fec718,f08ff53b-8d0d-5a01-84dc-670a2e3b776d,e65d1a21-db54-51a0-a12a-473017a08c77,22000,KZT,2026-07-19T10:00:00+00:00,sim-device-09,MOBILE,BASELINE,AUTHORED_NORMAL,Household transfer
a3b546e7-6dff-5f71-a18a-2f1cd49f09a6,f08ff53b-8d0d-5a01-84dc-670a2e3b776d,22ff1811-4c04-57bf-8d1c-a4d408625d3b,31000,KZT,2026-07-20T09:00:00+00:00,sim-device-09,MOBILE,BASELINE,AUTHORED_NORMAL,Grocery purchase
333814a1-7e25-5f9e-98df-305ba82fa2cf,f08ff53b-8d0d-5a01-84dc-670a2e3b776d,8b19e2ca-40ea-50a6-8b61-a1c00df38f08,28000,KZT,2026-07-20T10:00:00+00:00,sim-device-09,MOBILE,BASELINE,AUTHORED_NORMAL,Monthly utility payment
916a44e7-b54d-56bd-adcf-a4f4857d573d,f08ff53b-8d0d-5a01-84dc-670a2e3b776d,e65d1a21-db54-51a0-a12a-473017a08c77,35000,KZT,2026-07-21T09:00:00+00:00,sim-device-09,MOBILE,BASELINE,AUTHORED_NORMAL,Household transfer
fc07f727-20fd-5e92-ae3f-33d337483784,f08ff53b-8d0d-5a01-84dc-670a2e3b776d,22ff1811-4c04-57bf-8d1c-a4d408625d3b,26000,KZT,2026-07-21T10:00:00+00:00,sim-device-09,MOBILE,BASELINE,AUTHORED_NORMAL,Grocery purchase
c493f0a3-5418-5a2e-95bb-a3a05dcad7d8,f08ff53b-8d0d-5a01-84dc-670a2e3b776d,8b19e2ca-40ea-50a6-8b61-a1c00df38f08,33000,KZT,2026-07-22T09:00:00+00:00,sim-device-09,MOBILE,BASELINE,AUTHORED_NORMAL,Monthly utility payment
ff706181-4b2d-5476-be53-577b0b6ed0d1,f08ff53b-8d0d-5a01-84dc-670a2e3b776d,e65d1a21-db54-51a0-a12a-473017a08c77,29000,KZT,2026-07-22T10:00:00+00:00,sim-device-09,MOBILE,BASELINE,AUTHORED_NORMAL,Household transfer
e0aad194-0f4e-5aa6-bfcb-f4d4c1cd83b9,f08ff53b-8d0d-5a01-84dc-670a2e3b776d,22ff1811-4c04-57bf-8d1c-a4d408625d3b,22000,KZT,2026-07-23T09:00:00+00:00,sim-device-09,MOBILE,BASELINE,AUTHORED_NORMAL,Grocery purchase
1bd4a0e2-87e5-50bf-9ecb-500a11175e1b,f08ff53b-8d0d-5a01-84dc-670a2e3b776d,8b19e2ca-40ea-50a6-8b61-a1c00df38f08,31000,KZT,2026-07-23T10:00:00+00:00,sim-device-09,MOBILE,BASELINE,AUTHORED_NORMAL,Monthly utility payment
a2296c11-290b-5714-b5b6-ef149ce1e146,f08ff53b-8d0d-5a01-84dc-670a2e3b776d,e65d1a21-db54-51a0-a12a-473017a08c77,28000,KZT,2026-07-24T09:00:00+00:00,sim-device-09,MOBILE,BASELINE,AUTHORED_NORMAL,Household transfer
a896946d-c997-5a0c-8758-69514dc3b6dc,f08ff53b-8d0d-5a01-84dc-670a2e3b776d,22ff1811-4c04-57bf-8d1c-a4d408625d3b,35000,KZT,2026-07-24T10:00:00+00:00,sim-device-09,MOBILE,BASELINE,AUTHORED_NORMAL,Grocery purchase
eadf1790-d219-556b-aa11-fff5dc152a61,f08ff53b-8d0d-5a01-84dc-670a2e3b776d,8b19e2ca-40ea-50a6-8b61-a1c00df38f08,26000,KZT,2026-07-25T09:00:00+00:00,sim-device-09,MOBILE,BASELINE,AUTHORED_NORMAL,Monthly utility payment
bbdbf5a1-2bfc-534a-98d0-f50850814bf5,f08ff53b-8d0d-5a01-84dc-670a2e3b776d,e65d1a21-db54-51a0-a12a-473017a08c77,33000,KZT,2026-07-25T10:00:00+00:00,sim-device-09,MOBILE,BASELINE,AUTHORED_NORMAL,Household transfer
ef750b56-abc2-51ab-91c8-7890cb7a54ce,f08ff53b-8d0d-5a01-84dc-670a2e3b776d,22ff1811-4c04-57bf-8d1c-a4d408625d3b,29000,KZT,2026-07-26T09:00:00+00:00,sim-device-09,MOBILE,BASELINE,AUTHORED_NORMAL,Grocery purchase
92a87288-0097-5f5f-88fd-d83bc32570df,f08ff53b-8d0d-5a01-84dc-670a2e3b776d,8b19e2ca-40ea-50a6-8b61-a1c00df38f08,22000,KZT,2026-07-26T10:00:00+00:00,sim-device-09,MOBILE,BASELINE,AUTHORED_NORMAL,Monthly utility payment
0ad44286-0ddc-5a99-a40c-bc3303d02301,f08ff53b-8d0d-5a01-84dc-670a2e3b776d,e65d1a21-db54-51a0-a12a-473017a08c77,31000,KZT,2026-07-27T09:00:00+00:00,sim-device-09,MOBILE,BASELINE,AUTHORED_NORMAL,Household transfer
b6cd7bb2-aa15-5091-b8d7-e1c05937490f,f08ff53b-8d0d-5a01-84dc-670a2e3b776d,22ff1811-4c04-57bf-8d1c-a4d408625d3b,28000,KZT,2026-07-27T10:00:00+00:00,sim-device-09,MOBILE,BASELINE,AUTHORED_NORMAL,Grocery purchase
ecb63920-2b48-511e-94a0-f5c0f7e6cbee,f08ff53b-8d0d-5a01-84dc-670a2e3b776d,8b19e2ca-40ea-50a6-8b61-a1c00df38f08,35000,KZT,2026-07-28T09:00:00+00:00,sim-device-09,MOBILE,BASELINE,AUTHORED_NORMAL,Monthly utility payment
e696edab-87a7-5c6b-973b-eb90136d2ace,f08ff53b-8d0d-5a01-84dc-670a2e3b776d,e65d1a21-db54-51a0-a12a-473017a08c77,26000,KZT,2026-07-28T10:00:00+00:00,sim-device-09,MOBILE,BASELINE,AUTHORED_NORMAL,Household transfer
be4fe8f5-73f6-5d84-ae44-a17eb68af9be,f08ff53b-8d0d-5a01-84dc-670a2e3b776d,22ff1811-4c04-57bf-8d1c-a4d408625d3b,33000,KZT,2026-07-29T09:00:00+00:00,sim-device-09,MOBILE,BASELINE,AUTHORED_NORMAL,Grocery purchase
3e9e5e23-6007-5a3f-a5ec-ab8d33e3493c,f08ff53b-8d0d-5a01-84dc-670a2e3b776d,8b19e2ca-40ea-50a6-8b61-a1c00df38f08,29000,KZT,2026-07-29T10:00:00+00:00,sim-device-09,MOBILE,BASELINE,AUTHORED_NORMAL,Monthly utility payment
d88bcc7d-adaf-5c85-9f2e-68ff08292a7b,f08ff53b-8d0d-5a01-84dc-670a2e3b776d,e65d1a21-db54-51a0-a12a-473017a08c77,22000,KZT,2026-07-30T09:00:00+00:00,sim-device-09,MOBILE,BASELINE,AUTHORED_NORMAL,Household transfer
99923968-b3aa-5932-870c-0d8d2947385b,f08ff53b-8d0d-5a01-84dc-670a2e3b776d,22ff1811-4c04-57bf-8d1c-a4d408625d3b,31000,KZT,2026-07-30T10:00:00+00:00,sim-device-09,MOBILE,BASELINE,AUTHORED_NORMAL,Grocery purchase
1c69a08a-4a92-5d8f-a891-9b1ebe189098,f08ff53b-8d0d-5a01-84dc-670a2e3b776d,8b19e2ca-40ea-50a6-8b61-a1c00df38f08,28000,KZT,2026-07-31T09:00:00+00:00,sim-device-09,MOBILE,BASELINE,AUTHORED_NORMAL,Monthly utility payment
2ac71f9d-74e0-58ea-8c27-0e61d208f095,f08ff53b-8d0d-5a01-84dc-670a2e3b776d,e65d1a21-db54-51a0-a12a-473017a08c77,35000,KZT,2026-07-31T10:00:00+00:00,sim-device-09,MOBILE,BASELINE,AUTHORED_NORMAL,Household transfer
85169a84-e6d9-517d-9874-39a9dc1e980b,f08ff53b-8d0d-5a01-84dc-670a2e3b776d,22ff1811-4c04-57bf-8d1c-a4d408625d3b,26000,KZT,2026-08-01T09:00:00+00:00,sim-device-09,MOBILE,BASELINE,AUTHORED_NORMAL,Grocery purchase
d6c9bab1-2a6d-5392-af48-cabf815ca6cf,f08ff53b-8d0d-5a01-84dc-670a2e3b776d,8b19e2ca-40ea-50a6-8b61-a1c00df38f08,33000,KZT,2026-08-01T10:00:00+00:00,sim-device-09,MOBILE,BASELINE,AUTHORED_NORMAL,Monthly utility payment
2c2f8f99-2075-511d-9334-86d43b2e087d,f08ff53b-8d0d-5a01-84dc-670a2e3b776d,e65d1a21-db54-51a0-a12a-473017a08c77,29000,KZT,2026-08-02T09:00:00+00:00,sim-device-09,MOBILE,BASELINE,AUTHORED_NORMAL,Household transfer
2ffcb313-9dae-572e-ba47-6af7064479ee,f08ff53b-8d0d-5a01-84dc-670a2e3b776d,22ff1811-4c04-57bf-8d1c-a4d408625d3b,22000,KZT,2026-08-02T10:00:00+00:00,sim-device-09,MOBILE,BASELINE,AUTHORED_NORMAL,Grocery purchase
514ed5cc-7eba-5ec9-a8f9-4818dd0729a7,f08ff53b-8d0d-5a01-84dc-670a2e3b776d,8b19e2ca-40ea-50a6-8b61-a1c00df38f08,31000,KZT,2026-08-03T09:00:00+00:00,sim-device-09,MOBILE,BASELINE,AUTHORED_NORMAL,Monthly utility payment
d5927753-b1b8-511d-b73e-b0b44549d740,f08ff53b-8d0d-5a01-84dc-670a2e3b776d,e65d1a21-db54-51a0-a12a-473017a08c77,28000,KZT,2026-08-03T10:00:00+00:00,sim-device-09,MOBILE,BASELINE,AUTHORED_NORMAL,Household transfer
3ccf515d-4c35-508b-84c6-9fff928d8fb7,f08ff53b-8d0d-5a01-84dc-670a2e3b776d,22ff1811-4c04-57bf-8d1c-a4d408625d3b,35000,KZT,2026-08-04T09:00:00+00:00,sim-device-09,MOBILE,BASELINE,AUTHORED_NORMAL,Grocery purchase
62508a5a-2667-56bf-a022-7712db102170,f08ff53b-8d0d-5a01-84dc-670a2e3b776d,8b19e2ca-40ea-50a6-8b61-a1c00df38f08,26000,KZT,2026-08-04T10:00:00+00:00,sim-device-09,MOBILE,BASELINE,AUTHORED_NORMAL,Monthly utility payment
30a90e56-ea68-5372-8fc5-3172e11b8ba8,f08ff53b-8d0d-5a01-84dc-670a2e3b776d,e65d1a21-db54-51a0-a12a-473017a08c77,33000,KZT,2026-08-05T09:00:00+00:00,sim-device-09,MOBILE,BASELINE,AUTHORED_NORMAL,Household transfer
b9d832e4-d8af-5b4b-88c7-42d22c3b6247,f08ff53b-8d0d-5a01-84dc-670a2e3b776d,22ff1811-4c04-57bf-8d1c-a4d408625d3b,29000,KZT,2026-08-05T10:00:00+00:00,sim-device-09,MOBILE,BASELINE,AUTHORED_NORMAL,Grocery purchase
d33f1342-9619-5fce-bcb3-c4f4d0f2b00a,f08ff53b-8d0d-5a01-84dc-670a2e3b776d,8b19e2ca-40ea-50a6-8b61-a1c00df38f08,22000,KZT,2026-08-06T09:00:00+00:00,sim-device-09,MOBILE,BASELINE,AUTHORED_NORMAL,Monthly utility payment
2d48d590-738c-5910-834a-e1b3c1bed892,f08ff53b-8d0d-5a01-84dc-670a2e3b776d,e65d1a21-db54-51a0-a12a-473017a08c77,31000,KZT,2026-08-06T10:00:00+00:00,sim-device-09,MOBILE,BASELINE,AUTHORED_NORMAL,Household transfer
fda4a810-e27d-53e1-af61-ddd05c295d45,f08ff53b-8d0d-5a01-84dc-670a2e3b776d,22ff1811-4c04-57bf-8d1c-a4d408625d3b,28000,KZT,2026-08-07T09:00:00+00:00,sim-device-09,MOBILE,BASELINE,AUTHORED_NORMAL,Grocery purchase
06eceaf9-f847-5094-8a82-b2119be32e13,f08ff53b-8d0d-5a01-84dc-670a2e3b776d,8b19e2ca-40ea-50a6-8b61-a1c00df38f08,35000,KZT,2026-08-07T10:00:00+00:00,sim-device-09,MOBILE,BASELINE,AUTHORED_NORMAL,Monthly utility payment
d1a40826-5185-5d63-9ea4-54426c9bd5c7,f08ff53b-8d0d-5a01-84dc-670a2e3b776d,e65d1a21-db54-51a0-a12a-473017a08c77,26000,KZT,2026-08-08T09:00:00+00:00,sim-device-09,MOBILE,BASELINE,AUTHORED_NORMAL,Household transfer
3f39ddde-b234-570e-8773-8bba2d4c8dea,f08ff53b-8d0d-5a01-84dc-670a2e3b776d,22ff1811-4c04-57bf-8d1c-a4d408625d3b,33000,KZT,2026-08-08T10:00:00+00:00,sim-device-09,MOBILE,BASELINE,AUTHORED_NORMAL,Grocery purchase
323b37a3-927b-5f39-b01d-b5534070a780,f08ff53b-8d0d-5a01-84dc-670a2e3b776d,8b19e2ca-40ea-50a6-8b61-a1c00df38f08,29000,KZT,2026-08-09T09:00:00+00:00,sim-device-09,MOBILE,BASELINE,AUTHORED_NORMAL,Monthly utility payment
eb64bc15-f8ea-5fe8-b2ff-9ac3269fe1a9,f08ff53b-8d0d-5a01-84dc-670a2e3b776d,e65d1a21-db54-51a0-a12a-473017a08c77,22000,KZT,2026-08-09T10:00:00+00:00,sim-device-09,MOBILE,BASELINE,AUTHORED_NORMAL,Household transfer
1221456f-4a61-5c23-a42a-4c936a139a14,f08ff53b-8d0d-5a01-84dc-670a2e3b776d,22ff1811-4c04-57bf-8d1c-a4d408625d3b,31000,KZT,2026-08-10T09:00:00+00:00,sim-device-09,MOBILE,BASELINE,AUTHORED_NORMAL,Grocery purchase
c7538909-be0d-5b3e-bc5c-446ae3b650af,f08ff53b-8d0d-5a01-84dc-670a2e3b776d,8b19e2ca-40ea-50a6-8b61-a1c00df38f08,28000,KZT,2026-08-10T10:00:00+00:00,sim-device-09,MOBILE,BASELINE,AUTHORED_NORMAL,Monthly utility payment
fbb0251e-19ab-5b97-989e-e0f77257023d,f08ff53b-8d0d-5a01-84dc-670a2e3b776d,e65d1a21-db54-51a0-a12a-473017a08c77,35000,KZT,2026-08-11T09:00:00+00:00,sim-device-09,MOBILE,BASELINE,AUTHORED_NORMAL,Household transfer
508674e7-ddfc-58b1-a157-762a767be4eb,f08ff53b-8d0d-5a01-84dc-670a2e3b776d,22ff1811-4c04-57bf-8d1c-a4d408625d3b,26000,KZT,2026-08-11T10:00:00+00:00,sim-device-09,MOBILE,BASELINE,AUTHORED_NORMAL,Grocery purchase
29c5c167-e86d-58f9-9132-6f5dcbac8b66,f08ff53b-8d0d-5a01-84dc-670a2e3b776d,8b19e2ca-40ea-50a6-8b61-a1c00df38f08,33000,KZT,2026-08-12T09:00:00+00:00,sim-device-09,MOBILE,BASELINE,AUTHORED_NORMAL,Monthly utility payment
571df00c-d86d-5baa-904f-7f062ffa8c82,f08ff53b-8d0d-5a01-84dc-670a2e3b776d,e65d1a21-db54-51a0-a12a-473017a08c77,29000,KZT,2026-08-12T10:00:00+00:00,sim-device-09,MOBILE,BASELINE,AUTHORED_NORMAL,Household transfer
e03c2256-4a7a-56a7-9e3f-18744281b5fb,f08ff53b-8d0d-5a01-84dc-670a2e3b776d,22ff1811-4c04-57bf-8d1c-a4d408625d3b,22000,KZT,2026-08-13T09:00:00+00:00,sim-device-09,MOBILE,BASELINE,AUTHORED_NORMAL,Grocery purchase
5b253ad5-12a8-57c5-9049-39603df67411,f08ff53b-8d0d-5a01-84dc-670a2e3b776d,8b19e2ca-40ea-50a6-8b61-a1c00df38f08,31000,KZT,2026-08-13T10:00:00+00:00,sim-device-09,MOBILE,BASELINE,AUTHORED_NORMAL,Monthly utility payment
ba1e8e40-974a-5540-8711-d0d67df3e4a2,f08ff53b-8d0d-5a01-84dc-670a2e3b776d,e65d1a21-db54-51a0-a12a-473017a08c77,28000,KZT,2026-08-14T09:00:00+00:00,sim-device-09,MOBILE,BASELINE,AUTHORED_NORMAL,Household transfer
2329b8d3-7ff6-5116-bf54-1b7c32326bac,f08ff53b-8d0d-5a01-84dc-670a2e3b776d,22ff1811-4c04-57bf-8d1c-a4d408625d3b,35000,KZT,2026-08-14T10:00:00+00:00,sim-device-09,MOBILE,BASELINE,AUTHORED_NORMAL,Grocery purchase
7085e172-03b5-5588-aba8-a6ad8e44b457,f08ff53b-8d0d-5a01-84dc-670a2e3b776d,8b19e2ca-40ea-50a6-8b61-a1c00df38f08,26000,KZT,2026-08-15T09:00:00+00:00,sim-device-09,MOBILE,BASELINE,AUTHORED_NORMAL,Monthly utility payment
d475e1c0-7103-556b-9bb9-d062d3220e0f,f08ff53b-8d0d-5a01-84dc-670a2e3b776d,e65d1a21-db54-51a0-a12a-473017a08c77,33000,KZT,2026-08-15T10:00:00+00:00,sim-device-09,MOBILE,BASELINE,AUTHORED_NORMAL,Household transfer
f1f9042a-9504-5717-a5a6-6a9af71f9082,f08ff53b-8d0d-5a01-84dc-670a2e3b776d,22ff1811-4c04-57bf-8d1c-a4d408625d3b,29000,KZT,2026-08-16T09:00:00+00:00,sim-device-09,MOBILE,BASELINE,AUTHORED_NORMAL,Grocery purchase
c23f0e69-5879-54ca-87fe-175c04f2aee7,f08ff53b-8d0d-5a01-84dc-670a2e3b776d,8b19e2ca-40ea-50a6-8b61-a1c00df38f08,22000,KZT,2026-08-16T10:00:00+00:00,sim-device-09,MOBILE,BASELINE,AUTHORED_NORMAL,Monthly utility payment
6816c324-f917-5580-af14-3dabea07bb76,f08ff53b-8d0d-5a01-84dc-670a2e3b776d,e65d1a21-db54-51a0-a12a-473017a08c77,31000,KZT,2026-08-17T09:00:00+00:00,sim-device-09,MOBILE,BASELINE,AUTHORED_NORMAL,Household transfer
58309e02-4cc4-5683-b529-aa5c8d4aa93d,f08ff53b-8d0d-5a01-84dc-670a2e3b776d,22ff1811-4c04-57bf-8d1c-a4d408625d3b,28000,KZT,2026-08-17T10:00:00+00:00,sim-device-09,MOBILE,BASELINE,AUTHORED_NORMAL,Grocery purchase
6a33e649-94a9-5b67-8d27-aff1a9ec1746,f08ff53b-8d0d-5a01-84dc-670a2e3b776d,8b19e2ca-40ea-50a6-8b61-a1c00df38f08,35000,KZT,2026-08-18T09:00:00+00:00,sim-device-09,MOBILE,BASELINE,AUTHORED_NORMAL,Monthly utility payment
469db62d-356d-5a0e-9ae2-ca9e7dc61204,f08ff53b-8d0d-5a01-84dc-670a2e3b776d,e65d1a21-db54-51a0-a12a-473017a08c77,26000,KZT,2026-08-18T10:00:00+00:00,sim-device-09,MOBILE,BASELINE,AUTHORED_NORMAL,Household transfer
71706458-ef8c-5f2a-9db3-3ac8f2de3cbd,f08ff53b-8d0d-5a01-84dc-670a2e3b776d,22ff1811-4c04-57bf-8d1c-a4d408625d3b,33000,KZT,2026-08-19T09:00:00+00:00,sim-device-09,MOBILE,BASELINE,AUTHORED_NORMAL,Grocery purchase
031ce92e-a08a-5341-9d8f-deefa93f3a3c,f08ff53b-8d0d-5a01-84dc-670a2e3b776d,8b19e2ca-40ea-50a6-8b61-a1c00df38f08,29000,KZT,2026-08-19T10:00:00+00:00,sim-device-09,MOBILE,BASELINE,AUTHORED_NORMAL,Monthly utility payment
7104c2ba-2899-504a-8734-0f15e9aa6a20,f08ff53b-8d0d-5a01-84dc-670a2e3b776d,e65d1a21-db54-51a0-a12a-473017a08c77,22000,KZT,2026-08-20T09:00:00+00:00,sim-device-09,MOBILE,BASELINE,AUTHORED_NORMAL,Household transfer
352a4291-39dd-59a4-ab9c-1edd3a35c087,f08ff53b-8d0d-5a01-84dc-670a2e3b776d,22ff1811-4c04-57bf-8d1c-a4d408625d3b,31000,KZT,2026-08-20T10:00:00+00:00,sim-device-09,MOBILE,BASELINE,AUTHORED_NORMAL,Grocery purchase
ac7c0dbe-d667-54a1-87f2-076fb1407b76,f08ff53b-8d0d-5a01-84dc-670a2e3b776d,8b19e2ca-40ea-50a6-8b61-a1c00df38f08,28000,KZT,2026-08-21T09:00:00+00:00,sim-device-09,MOBILE,BASELINE,AUTHORED_NORMAL,Monthly utility payment
6b074b42-5e52-513a-ba94-131124baeaff,f08ff53b-8d0d-5a01-84dc-670a2e3b776d,e65d1a21-db54-51a0-a12a-473017a08c77,35000,KZT,2026-08-21T10:00:00+00:00,sim-device-09,MOBILE,BASELINE,AUTHORED_NORMAL,Household transfer
687e8db4-69c1-5f95-935b-0cbfcc2d0e2e,f08ff53b-8d0d-5a01-84dc-670a2e3b776d,22ff1811-4c04-57bf-8d1c-a4d408625d3b,26000,KZT,2026-08-22T09:00:00+00:00,sim-device-09,MOBILE,BASELINE,AUTHORED_NORMAL,Grocery purchase
c30430c0-d0df-551a-bac2-7bfb80f41d63,f08ff53b-8d0d-5a01-84dc-670a2e3b776d,8b19e2ca-40ea-50a6-8b61-a1c00df38f08,33000,KZT,2026-08-22T10:00:00+00:00,sim-device-09,MOBILE,BASELINE,AUTHORED_NORMAL,Monthly utility payment
daa3f1c7-0968-500a-a99f-adc2f7a9617f,f08ff53b-8d0d-5a01-84dc-670a2e3b776d,e65d1a21-db54-51a0-a12a-473017a08c77,29000,KZT,2026-08-23T09:00:00+00:00,sim-device-09,MOBILE,BASELINE,AUTHORED_NORMAL,Household transfer
f2ca4d58-49b5-5823-a807-41ff98ce10ff,f08ff53b-8d0d-5a01-84dc-670a2e3b776d,22ff1811-4c04-57bf-8d1c-a4d408625d3b,22000,KZT,2026-08-23T10:00:00+00:00,sim-device-09,MOBILE,BASELINE,AUTHORED_NORMAL,Grocery purchase
484785fe-0b62-5a58-a527-f0b142113059,f08ff53b-8d0d-5a01-84dc-670a2e3b776d,8b19e2ca-40ea-50a6-8b61-a1c00df38f08,31000,KZT,2026-08-24T09:00:00+00:00,sim-device-09,MOBILE,BASELINE,AUTHORED_NORMAL,Monthly utility payment
63d130db-cd28-5a1b-9270-82da75b7d3ae,f08ff53b-8d0d-5a01-84dc-670a2e3b776d,e65d1a21-db54-51a0-a12a-473017a08c77,28000,KZT,2026-08-24T10:00:00+00:00,sim-device-09,MOBILE,BASELINE,AUTHORED_NORMAL,Household transfer
3938ebd8-03f9-5351-90c3-fd7df6e170c1,f08ff53b-8d0d-5a01-84dc-670a2e3b776d,22ff1811-4c04-57bf-8d1c-a4d408625d3b,35000,KZT,2026-08-25T09:00:00+00:00,sim-device-09,MOBILE,BASELINE,AUTHORED_NORMAL,Grocery purchase
597788ee-532c-536e-981f-f696a94a1df3,f08ff53b-8d0d-5a01-84dc-670a2e3b776d,8b19e2ca-40ea-50a6-8b61-a1c00df38f08,26000,KZT,2026-08-25T10:00:00+00:00,sim-device-09,MOBILE,BASELINE,AUTHORED_NORMAL,Monthly utility payment
1cd27067-5b4e-5b75-91ad-d848217924be,f08ff53b-8d0d-5a01-84dc-670a2e3b776d,e65d1a21-db54-51a0-a12a-473017a08c77,33000,KZT,2026-08-26T09:00:00+00:00,sim-device-09,MOBILE,BASELINE,AUTHORED_NORMAL,Household transfer
f5d2f6f5-8f40-5c38-b9b5-b5887115e38e,f08ff53b-8d0d-5a01-84dc-670a2e3b776d,22ff1811-4c04-57bf-8d1c-a4d408625d3b,29000,KZT,2026-08-26T10:00:00+00:00,sim-device-09,MOBILE,BASELINE,AUTHORED_NORMAL,Grocery purchase
6714954c-71dc-5fe4-942e-fdfcdd0f3ebb,f08ff53b-8d0d-5a01-84dc-670a2e3b776d,8b19e2ca-40ea-50a6-8b61-a1c00df38f08,22000,KZT,2026-08-27T09:00:00+00:00,sim-device-09,MOBILE,BASELINE,AUTHORED_NORMAL,Monthly utility payment
26fea001-5d25-5417-9808-3a224b6b2b73,f08ff53b-8d0d-5a01-84dc-670a2e3b776d,e65d1a21-db54-51a0-a12a-473017a08c77,31000,KZT,2026-08-27T10:00:00+00:00,sim-device-09,MOBILE,BASELINE,AUTHORED_NORMAL,Household transfer
8ff232c2-4888-5fae-a5d3-576595d51191,f08ff53b-8d0d-5a01-84dc-670a2e3b776d,22ff1811-4c04-57bf-8d1c-a4d408625d3b,28000,KZT,2026-08-28T09:00:00+00:00,sim-device-09,MOBILE,BASELINE,AUTHORED_NORMAL,Grocery purchase
b03afea8-b7cf-5861-8e42-93af0ddae734,f08ff53b-8d0d-5a01-84dc-670a2e3b776d,8b19e2ca-40ea-50a6-8b61-a1c00df38f08,35000,KZT,2026-08-28T10:00:00+00:00,sim-device-09,MOBILE,BASELINE,AUTHORED_NORMAL,Monthly utility payment
ecf02278-ae96-5866-bc6f-87e8bca5bbe9,f08ff53b-8d0d-5a01-84dc-670a2e3b776d,e65d1a21-db54-51a0-a12a-473017a08c77,26000,KZT,2026-08-29T09:00:00+00:00,sim-device-09,MOBILE,BASELINE,AUTHORED_NORMAL,Household transfer
95536411-cc34-5410-a78b-def8e7103d35,f08ff53b-8d0d-5a01-84dc-670a2e3b776d,22ff1811-4c04-57bf-8d1c-a4d408625d3b,33000,KZT,2026-08-29T10:00:00+00:00,sim-device-09,MOBILE,BASELINE,AUTHORED_NORMAL,Grocery purchase
f097b75c-fb01-57e3-8d74-7111a1d88da3,f08ff53b-8d0d-5a01-84dc-670a2e3b776d,8b19e2ca-40ea-50a6-8b61-a1c00df38f08,29000,KZT,2026-08-30T09:00:00+00:00,sim-device-09,MOBILE,BASELINE,AUTHORED_NORMAL,Monthly utility payment
044f240a-4e4b-5870-96e0-6cb2f09e3e64,f08ff53b-8d0d-5a01-84dc-670a2e3b776d,e65d1a21-db54-51a0-a12a-473017a08c77,22000,KZT,2026-08-30T10:00:00+00:00,sim-device-09,MOBILE,BASELINE,AUTHORED_NORMAL,Household transfer
75bdad01-10e3-5298-b431-764e66e16c7e,f08ff53b-8d0d-5a01-84dc-670a2e3b776d,22ff1811-4c04-57bf-8d1c-a4d408625d3b,31000,KZT,2026-08-31T09:00:00+00:00,sim-device-09,MOBILE,BASELINE,AUTHORED_NORMAL,Grocery purchase
c23c7c0a-1e3c-5860-8a29-8f96a27cfe70,f08ff53b-8d0d-5a01-84dc-670a2e3b776d,8b19e2ca-40ea-50a6-8b61-a1c00df38f08,28000,KZT,2026-08-31T10:00:00+00:00,sim-device-09,MOBILE,BASELINE,AUTHORED_NORMAL,Monthly utility payment
970b75ef-d34b-5572-b3bf-56827911b31c,f08ff53b-8d0d-5a01-84dc-670a2e3b776d,e65d1a21-db54-51a0-a12a-473017a08c77,35000,KZT,2026-09-01T09:00:00+00:00,sim-device-09,MOBILE,BASELINE,AUTHORED_NORMAL,Household transfer
c933732e-cf38-5ae5-af02-b93feb8eae4d,f08ff53b-8d0d-5a01-84dc-670a2e3b776d,22ff1811-4c04-57bf-8d1c-a4d408625d3b,26000,KZT,2026-09-01T10:00:00+00:00,sim-device-09,MOBILE,BASELINE,AUTHORED_NORMAL,Grocery purchase
2392ebbc-b195-5222-9fcf-aea03d77faa6,f08ff53b-8d0d-5a01-84dc-670a2e3b776d,8b19e2ca-40ea-50a6-8b61-a1c00df38f08,33000,KZT,2026-09-02T09:00:00+00:00,sim-device-09,MOBILE,BASELINE,AUTHORED_NORMAL,Monthly utility payment
eb407166-07f8-5c8c-b1e5-51ce4fc045d1,f08ff53b-8d0d-5a01-84dc-670a2e3b776d,e65d1a21-db54-51a0-a12a-473017a08c77,29000,KZT,2026-09-02T10:00:00+00:00,sim-device-09,MOBILE,BASELINE,AUTHORED_NORMAL,Household transfer
d9d0e1eb-c9f5-592f-b3f0-630b8d2b4b2f,f08ff53b-8d0d-5a01-84dc-670a2e3b776d,22ff1811-4c04-57bf-8d1c-a4d408625d3b,22000,KZT,2026-09-03T09:00:00+00:00,sim-device-09,MOBILE,BASELINE,AUTHORED_NORMAL,Grocery purchase
e07c0afa-5990-5fc6-8a42-d27d762ca9a0,f08ff53b-8d0d-5a01-84dc-670a2e3b776d,8b19e2ca-40ea-50a6-8b61-a1c00df38f08,31000,KZT,2026-09-03T10:00:00+00:00,sim-device-09,MOBILE,BASELINE,AUTHORED_NORMAL,Monthly utility payment
01711873-8a73-5e5f-901e-5d4d1b377fbe,f08ff53b-8d0d-5a01-84dc-670a2e3b776d,e65d1a21-db54-51a0-a12a-473017a08c77,28000,KZT,2026-09-04T09:00:00+00:00,sim-device-09,MOBILE,BASELINE,AUTHORED_NORMAL,Household transfer
6a1df774-0727-5280-8211-eb44f8c8e66b,f08ff53b-8d0d-5a01-84dc-670a2e3b776d,22ff1811-4c04-57bf-8d1c-a4d408625d3b,35000,KZT,2026-09-04T10:00:00+00:00,sim-device-09,MOBILE,BASELINE,AUTHORED_NORMAL,Grocery purchase
25ff8eee-3b14-5203-ae10-8073151d62b2,f08ff53b-8d0d-5a01-84dc-670a2e3b776d,8b19e2ca-40ea-50a6-8b61-a1c00df38f08,26000,KZT,2026-09-05T09:00:00+00:00,sim-device-09,MOBILE,BASELINE,AUTHORED_NORMAL,Monthly utility payment
1eb7e1cb-9a5f-5e91-940e-d92feb26614d,f08ff53b-8d0d-5a01-84dc-670a2e3b776d,e65d1a21-db54-51a0-a12a-473017a08c77,33000,KZT,2026-09-05T10:00:00+00:00,sim-device-09,MOBILE,BASELINE,AUTHORED_NORMAL,Household transfer
44eab60d-3315-536e-a136-17251d107fac,f08ff53b-8d0d-5a01-84dc-670a2e3b776d,22ff1811-4c04-57bf-8d1c-a4d408625d3b,29000,KZT,2026-09-06T09:00:00+00:00,sim-device-09,MOBILE,BASELINE,AUTHORED_NORMAL,Grocery purchase
a190f142-7335-5f34-8f24-0e9de6a13f72,f08ff53b-8d0d-5a01-84dc-670a2e3b776d,8b19e2ca-40ea-50a6-8b61-a1c00df38f08,22000,KZT,2026-09-06T10:00:00+00:00,sim-device-09,MOBILE,BASELINE,AUTHORED_NORMAL,Monthly utility payment
032fdba8-0a1f-5c82-931a-acd8409068f0,f08ff53b-8d0d-5a01-84dc-670a2e3b776d,e65d1a21-db54-51a0-a12a-473017a08c77,31000,KZT,2026-09-07T09:00:00+00:00,sim-device-09,MOBILE,BASELINE,AUTHORED_NORMAL,Household transfer
3bbf8f82-c5fb-5c96-8a57-b7b78d1b5295,f08ff53b-8d0d-5a01-84dc-670a2e3b776d,22ff1811-4c04-57bf-8d1c-a4d408625d3b,28000,KZT,2026-09-07T10:00:00+00:00,sim-device-09,MOBILE,BASELINE,AUTHORED_NORMAL,Grocery purchase
517fa7c1-5d12-5a09-a0b5-b8b9e40fd3f0,f08ff53b-8d0d-5a01-84dc-670a2e3b776d,8b19e2ca-40ea-50a6-8b61-a1c00df38f08,35000,KZT,2026-09-08T09:00:00+00:00,sim-device-09,MOBILE,BASELINE,AUTHORED_NORMAL,Monthly utility payment
554dfed8-a32f-5fcc-a32c-286ccd848642,f08ff53b-8d0d-5a01-84dc-670a2e3b776d,e65d1a21-db54-51a0-a12a-473017a08c77,26000,KZT,2026-09-08T10:00:00+00:00,sim-device-09,MOBILE,BASELINE,AUTHORED_NORMAL,Household transfer
1c9181f9-8a17-5e1f-a1dc-bc91c3a76da4,f08ff53b-8d0d-5a01-84dc-670a2e3b776d,22ff1811-4c04-57bf-8d1c-a4d408625d3b,33000,KZT,2026-09-09T09:00:00+00:00,sim-device-09,MOBILE,BASELINE,AUTHORED_NORMAL,Grocery purchase
91adfc21-0a51-5f49-a88a-162366865422,f08ff53b-8d0d-5a01-84dc-670a2e3b776d,8b19e2ca-40ea-50a6-8b61-a1c00df38f08,29000,KZT,2026-09-09T10:00:00+00:00,sim-device-09,MOBILE,BASELINE,AUTHORED_NORMAL,Monthly utility payment
bad0eaf0-fbb7-541f-8d41-36406f8aa4ce,f08ff53b-8d0d-5a01-84dc-670a2e3b776d,e65d1a21-db54-51a0-a12a-473017a08c77,22000,KZT,2026-09-10T09:00:00+00:00,sim-device-09,MOBILE,BASELINE,AUTHORED_NORMAL,Household transfer
7a763747-6f0c-58cf-80e4-5e5b90ca3356,f08ff53b-8d0d-5a01-84dc-670a2e3b776d,22ff1811-4c04-57bf-8d1c-a4d408625d3b,31000,KZT,2026-09-10T10:00:00+00:00,sim-device-09,MOBILE,BASELINE,AUTHORED_NORMAL,Grocery purchase
e6fde399-c4ac-5064-a26d-482e78c9e66c,f08ff53b-8d0d-5a01-84dc-670a2e3b776d,8b19e2ca-40ea-50a6-8b61-a1c00df38f08,28000,KZT,2026-09-11T09:00:00+00:00,sim-device-09,MOBILE,BASELINE,AUTHORED_NORMAL,Monthly utility payment
93be5501-7b46-56e2-84a2-3b1a5a66ce0d,f08ff53b-8d0d-5a01-84dc-670a2e3b776d,e65d1a21-db54-51a0-a12a-473017a08c77,35000,KZT,2026-09-11T10:00:00+00:00,sim-device-09,MOBILE,BASELINE,AUTHORED_NORMAL,Household transfer
23617a1e-0996-56ef-8775-34db514b52b4,f08ff53b-8d0d-5a01-84dc-670a2e3b776d,22ff1811-4c04-57bf-8d1c-a4d408625d3b,26000,KZT,2026-09-12T09:00:00+00:00,sim-device-09,MOBILE,BASELINE,AUTHORED_NORMAL,Grocery purchase
6bfa312c-6303-5b91-916f-6ff52dff570b,f08ff53b-8d0d-5a01-84dc-670a2e3b776d,8b19e2ca-40ea-50a6-8b61-a1c00df38f08,33000,KZT,2026-09-12T10:00:00+00:00,sim-device-09,MOBILE,BASELINE,AUTHORED_NORMAL,Monthly utility payment
3d9b8d3d-d11f-5f2b-ba0a-83bc929e3da3,f08ff53b-8d0d-5a01-84dc-670a2e3b776d,e65d1a21-db54-51a0-a12a-473017a08c77,29000,KZT,2026-09-13T09:00:00+00:00,sim-device-09,MOBILE,BASELINE,AUTHORED_NORMAL,Household transfer
c8184b34-5ecd-513e-94d2-323bec873a55,f08ff53b-8d0d-5a01-84dc-670a2e3b776d,22ff1811-4c04-57bf-8d1c-a4d408625d3b,22000,KZT,2026-09-13T10:00:00+00:00,sim-device-09,MOBILE,BASELINE,AUTHORED_NORMAL,Grocery purchase
45b59fd9-45dc-5812-8057-8b8164c45744,f08ff53b-8d0d-5a01-84dc-670a2e3b776d,8b19e2ca-40ea-50a6-8b61-a1c00df38f08,31000,KZT,2026-09-14T09:00:00+00:00,sim-device-09,MOBILE,BASELINE,AUTHORED_NORMAL,Monthly utility payment
de74fc72-d93f-5c6a-b59d-244f8aafad51,f08ff53b-8d0d-5a01-84dc-670a2e3b776d,e65d1a21-db54-51a0-a12a-473017a08c77,28000,KZT,2026-09-14T10:00:00+00:00,sim-device-09,MOBILE,BASELINE,AUTHORED_NORMAL,Household transfer
01ca1159-a5cb-5ecc-8470-a4289a1c0379,f08ff53b-8d0d-5a01-84dc-670a2e3b776d,22ff1811-4c04-57bf-8d1c-a4d408625d3b,35000,KZT,2026-09-15T09:00:00+00:00,sim-device-09,MOBILE,BASELINE,AUTHORED_NORMAL,Grocery purchase
d1cea225-582c-5c61-8334-62f2e91b4069,f08ff53b-8d0d-5a01-84dc-670a2e3b776d,8b19e2ca-40ea-50a6-8b61-a1c00df38f08,26000,KZT,2026-09-15T10:00:00+00:00,sim-device-09,MOBILE,BASELINE,AUTHORED_NORMAL,Monthly utility payment
dd79409f-7cac-5637-98ce-704b44db2d92,f08ff53b-8d0d-5a01-84dc-670a2e3b776d,e65d1a21-db54-51a0-a12a-473017a08c77,33000,KZT,2026-09-16T09:00:00+00:00,sim-device-09,MOBILE,BASELINE,AUTHORED_NORMAL,Household transfer
68e8ac3a-a9b2-5043-b80e-14b75cdf0098,f08ff53b-8d0d-5a01-84dc-670a2e3b776d,22ff1811-4c04-57bf-8d1c-a4d408625d3b,29000,KZT,2026-09-16T10:00:00+00:00,sim-device-09,MOBILE,BASELINE,AUTHORED_NORMAL,Grocery purchase
6a8400a4-1a8b-5478-9e29-0b1babac4bc3,f08ff53b-8d0d-5a01-84dc-670a2e3b776d,8b19e2ca-40ea-50a6-8b61-a1c00df38f08,22000,KZT,2026-09-17T09:00:00+00:00,sim-device-09,MOBILE,BASELINE,AUTHORED_NORMAL,Monthly utility payment
1aab5a5d-c88b-5e96-b0c5-960fc41a449a,f08ff53b-8d0d-5a01-84dc-670a2e3b776d,e65d1a21-db54-51a0-a12a-473017a08c77,31000,KZT,2026-09-17T10:00:00+00:00,sim-device-09,MOBILE,BASELINE,AUTHORED_NORMAL,Household transfer
8088910c-9a4c-5fc6-953c-dcdd80b3345c,f08ff53b-8d0d-5a01-84dc-670a2e3b776d,22ff1811-4c04-57bf-8d1c-a4d408625d3b,28000,KZT,2026-09-18T09:00:00+00:00,sim-device-09,MOBILE,BASELINE,AUTHORED_NORMAL,Grocery purchase
71f2ad59-a63b-5cdc-a1f8-cab556cd2b44,f08ff53b-8d0d-5a01-84dc-670a2e3b776d,8b19e2ca-40ea-50a6-8b61-a1c00df38f08,35000,KZT,2026-09-18T10:00:00+00:00,sim-device-09,MOBILE,BASELINE,AUTHORED_NORMAL,Monthly utility payment
6d0c9d06-5213-5502-98be-03883a815572,f08ff53b-8d0d-5a01-84dc-670a2e3b776d,e65d1a21-db54-51a0-a12a-473017a08c77,26000,KZT,2026-09-19T09:00:00+00:00,sim-device-09,MOBILE,BASELINE,AUTHORED_NORMAL,Household transfer
6ae6f42d-3241-59a4-bc3d-f948c15560c0,f08ff53b-8d0d-5a01-84dc-670a2e3b776d,22ff1811-4c04-57bf-8d1c-a4d408625d3b,33000,KZT,2026-09-19T10:00:00+00:00,sim-device-09,MOBILE,BASELINE,AUTHORED_NORMAL,Grocery purchase
ae9ed0fa-2c60-509a-96c2-77741bd8d33f,2f1b273d-7ac2-5307-a529-c36b23be9713,ffd998d7-ebc5-5bf0-9c05-19f9430b3d04,8000000,KZT,2026-09-20T09:00:00+00:00,sim-device-01,BRANCH,B,AUTHORED_LEGITIMATE,One-off vehicle purchase
e1e84548-3888-584d-b054-e9af40597c18,e2706434-e96b-5194-a25e-736d259ee1fa,14f50457-4937-5d7d-96ef-d0363e535e88,25000,KZT,2026-09-20T09:00:00+00:00,sim-device-00,MOBILE,A,AUTHORED_LEGITIMATE,Ordinary household transfer
5e7f0816-6515-574a-bab4-f0f6b21b1cd4,5b3beef4-0115-5113-a435-2141551cd99c,d74e0969-a31e-58ed-9778-362d27e8068d,45000,KZT,2026-09-21T09:00:00+00:00,sim-device-02,MOBILE,D,AUTHORED_LEGITIMATE,Gradually increasing course instalment
9559f707-e4f2-5bef-b4ce-ea5a34473e6c,f8a29964-6153-5479-9520-d49c25d4d023,11fac28e-fd38-55d5-9ea3-609452bfd484,25000,KZT,2026-09-21T09:00:00+00:00,sim-device-03,MOBILE,E,AUTHORED_FRAUD,Repeated low-value transfer to new recipient
1dd27228-667c-535a-99e3-6573777594fd,f8a29964-6153-5479-9520-d49c25d4d023,11fac28e-fd38-55d5-9ea3-609452bfd484,25000,KZT,2026-09-21T09:10:00+00:00,sim-device-03,MOBILE,E,AUTHORED_FRAUD,Repeated low-value transfer to new recipient
5bf6bdc1-b649-5bcb-b610-3a3dba3adafd,f8a29964-6153-5479-9520-d49c25d4d023,11fac28e-fd38-55d5-9ea3-609452bfd484,25000,KZT,2026-09-21T09:20:00+00:00,sim-device-03,MOBILE,E,AUTHORED_FRAUD,Repeated low-value transfer to new recipient
b16dd819-14fc-5275-a864-115a64c889bf,f8a29964-6153-5479-9520-d49c25d4d023,11fac28e-fd38-55d5-9ea3-609452bfd484,25000,KZT,2026-09-21T09:30:00+00:00,sim-device-03,MOBILE,E,AUTHORED_FRAUD,Repeated low-value transfer to new recipient
a62d1449-ce86-520b-8d57-b275d3ba67b4,f8a29964-6153-5479-9520-d49c25d4d023,11fac28e-fd38-55d5-9ea3-609452bfd484,25000,KZT,2026-09-21T09:40:00+00:00,sim-device-03,MOBILE,E,AUTHORED_FRAUD,Repeated low-value transfer to new recipient
8538f1f4-ace4-5d27-9bc6-c088c307640f,f8a29964-6153-5479-9520-d49c25d4d023,11fac28e-fd38-55d5-9ea3-609452bfd484,25000,KZT,2026-09-21T09:50:00+00:00,sim-device-03,MOBILE,E,AUTHORED_FRAUD,Repeated low-value transfer to new recipient
42d50ac3-e2b5-5910-b279-b15d69268163,2f1b273d-7ac2-5307-a529-c36b23be9713,826cd360-1069-5ade-99c3-4918558a1f22,500000,KZT,2026-09-21T22:00:00+00:00,new-device,MOBILE,C,AUTHORED_FRAUD,New recipient after vehicle purchase
0ddbdbf5-693c-5b93-8179-29093c39b87a,5b3beef4-0115-5113-a435-2141551cd99c,d74e0969-a31e-58ed-9778-362d27e8068d,47241,KZT,2026-09-23T09:00:00+00:00,sim-device-02,MOBILE,D,AUTHORED_LEGITIMATE,Gradually increasing course instalment
a9d53a88-a16d-5cc7-8e62-7972926aab3c,5b3beef4-0115-5113-a435-2141551cd99c,d74e0969-a31e-58ed-9778-362d27e8068d,49482,KZT,2026-09-25T09:00:00+00:00,sim-device-02,MOBILE,D,AUTHORED_LEGITIMATE,Gradually increasing course instalment
90541069-9ea0-50ea-9b78-7e39567f33c3,5b3beef4-0115-5113-a435-2141551cd99c,d74e0969-a31e-58ed-9778-362d27e8068d,51724,KZT,2026-09-27T09:00:00+00:00,sim-device-02,MOBILE,D,AUTHORED_LEGITIMATE,Gradually increasing course instalment
4708e13f-6b39-51f0-af89-0f71e73a38fc,5b3beef4-0115-5113-a435-2141551cd99c,d74e0969-a31e-58ed-9778-362d27e8068d,53965,KZT,2026-09-29T09:00:00+00:00,sim-device-02,MOBILE,D,AUTHORED_LEGITIMATE,Gradually increasing course instalment
c12e14c1-30eb-55aa-a4ea-b77cb6090847,5b3beef4-0115-5113-a435-2141551cd99c,d74e0969-a31e-58ed-9778-362d27e8068d,56206,KZT,2026-10-01T09:00:00+00:00,sim-device-02,MOBILE,D,AUTHORED_LEGITIMATE,Gradually increasing course instalment
52a75be9-65a4-5d33-915e-062ee66c637a,5b3beef4-0115-5113-a435-2141551cd99c,d74e0969-a31e-58ed-9778-362d27e8068d,58448,KZT,2026-10-03T09:00:00+00:00,sim-device-02,MOBILE,D,AUTHORED_LEGITIMATE,Gradually increasing course instalment
c1587f17-2aa1-50cd-98fb-d12767bcb7b1,5b3beef4-0115-5113-a435-2141551cd99c,d74e0969-a31e-58ed-9778-362d27e8068d,60689,KZT,2026-10-05T09:00:00+00:00,sim-device-02,MOBILE,D,AUTHORED_LEGITIMATE,Gradually increasing course instalment
77b60878-af1f-55c0-ae09-f76730e5d866,5b3beef4-0115-5113-a435-2141551cd99c,d74e0969-a31e-58ed-9778-362d27e8068d,62931,KZT,2026-10-07T09:00:00+00:00,sim-device-02,MOBILE,D,AUTHORED_LEGITIMATE,Gradually increasing course instalment
36c5f64f-be84-56cd-878a-1cfda310a1cd,5b3beef4-0115-5113-a435-2141551cd99c,d74e0969-a31e-58ed-9778-362d27e8068d,65172,KZT,2026-10-09T09:00:00+00:00,sim-device-02,MOBILE,D,AUTHORED_LEGITIMATE,Gradually increasing course instalment
e0a7195a-b210-5f4b-aad3-14e023de143b,5b3beef4-0115-5113-a435-2141551cd99c,d74e0969-a31e-58ed-9778-362d27e8068d,67413,KZT,2026-10-11T09:00:00+00:00,sim-device-02,MOBILE,D,AUTHORED_LEGITIMATE,Gradually increasing course instalment
f1a0d6f6-b997-50ec-bac1-95c6a8dc0f68,5b3beef4-0115-5113-a435-2141551cd99c,d74e0969-a31e-58ed-9778-362d27e8068d,69655,KZT,2026-10-13T09:00:00+00:00,sim-device-02,MOBILE,D,AUTHORED_LEGITIMATE,Gradually increasing course instalment
d80a3c94-e0ff-542f-807f-9284ceb0457c,5b3beef4-0115-5113-a435-2141551cd99c,d74e0969-a31e-58ed-9778-362d27e8068d,71896,KZT,2026-10-15T09:00:00+00:00,sim-device-02,MOBILE,D,AUTHORED_LEGITIMATE,Gradually increasing course instalment
70754fb3-f1e8-5c69-9d86-62661e15e3e5,5b3beef4-0115-5113-a435-2141551cd99c,d74e0969-a31e-58ed-9778-362d27e8068d,74137,KZT,2026-10-17T09:00:00+00:00,sim-device-02,MOBILE,D,AUTHORED_LEGITIMATE,Gradually increasing course instalment
b14bdbd6-3c2b-5b8a-93f2-346b41990dd0,5b3beef4-0115-5113-a435-2141551cd99c,d74e0969-a31e-58ed-9778-362d27e8068d,76379,KZT,2026-10-19T09:00:00+00:00,sim-device-02,MOBILE,D,AUTHORED_LEGITIMATE,Gradually increasing course instalment
a2965bf0-943f-5a1b-9fcf-716525bb3d9f,5b3beef4-0115-5113-a435-2141551cd99c,d74e0969-a31e-58ed-9778-362d27e8068d,78620,KZT,2026-10-21T09:00:00+00:00,sim-device-02,MOBILE,D,AUTHORED_LEGITIMATE,Gradually increasing course instalment
54d94438-3119-526a-b4f4-87979c906687,5b3beef4-0115-5113-a435-2141551cd99c,d74e0969-a31e-58ed-9778-362d27e8068d,80862,KZT,2026-10-23T09:00:00+00:00,sim-device-02,MOBILE,D,AUTHORED_LEGITIMATE,Gradually increasing course instalment
19ea7a8e-0f81-5103-81f5-33529404c9b8,5b3beef4-0115-5113-a435-2141551cd99c,d74e0969-a31e-58ed-9778-362d27e8068d,83103,KZT,2026-10-25T09:00:00+00:00,sim-device-02,MOBILE,D,AUTHORED_LEGITIMATE,Gradually increasing course instalment
40e6cc73-95c0-53ad-b84a-af54e316fc44,5b3beef4-0115-5113-a435-2141551cd99c,d74e0969-a31e-58ed-9778-362d27e8068d,85344,KZT,2026-10-27T09:00:00+00:00,sim-device-02,MOBILE,D,AUTHORED_LEGITIMATE,Gradually increasing course instalment
c09fcb68-a3be-5852-b73c-3fac9308ef50,5b3beef4-0115-5113-a435-2141551cd99c,d74e0969-a31e-58ed-9778-362d27e8068d,87586,KZT,2026-10-29T09:00:00+00:00,sim-device-02,MOBILE,D,AUTHORED_LEGITIMATE,Gradually increasing course instalment
a87db773-c245-50ab-9246-2daacef3d83f,5b3beef4-0115-5113-a435-2141551cd99c,d74e0969-a31e-58ed-9778-362d27e8068d,89827,KZT,2026-10-31T09:00:00+00:00,sim-device-02,MOBILE,D,AUTHORED_LEGITIMATE,Gradually increasing course instalment
165a420f-cd64-5760-9f9d-3bc897936284,5b3beef4-0115-5113-a435-2141551cd99c,d74e0969-a31e-58ed-9778-362d27e8068d,92068,KZT,2026-11-02T09:00:00+00:00,sim-device-02,MOBILE,D,AUTHORED_LEGITIMATE,Gradually increasing course instalment
ff2a3a83-53fc-5b50-8c69-a22e4f12bb7e,5b3beef4-0115-5113-a435-2141551cd99c,d74e0969-a31e-58ed-9778-362d27e8068d,94310,KZT,2026-11-04T09:00:00+00:00,sim-device-02,MOBILE,D,AUTHORED_LEGITIMATE,Gradually increasing course instalment
30a7baee-9322-5f33-a8ab-5850287eeb76,5b3beef4-0115-5113-a435-2141551cd99c,d74e0969-a31e-58ed-9778-362d27e8068d,96551,KZT,2026-11-06T09:00:00+00:00,sim-device-02,MOBILE,D,AUTHORED_LEGITIMATE,Gradually increasing course instalment
bbe0093b-9bfb-57f6-9dfa-c1f77afb1659,5b3beef4-0115-5113-a435-2141551cd99c,d74e0969-a31e-58ed-9778-362d27e8068d,98793,KZT,2026-11-08T09:00:00+00:00,sim-device-02,MOBILE,D,AUTHORED_LEGITIMATE,Gradually increasing course instalment
d6f2ad12-a141-5145-b976-5a3637965d78,5b3beef4-0115-5113-a435-2141551cd99c,d74e0969-a31e-58ed-9778-362d27e8068d,101034,KZT,2026-11-10T09:00:00+00:00,sim-device-02,MOBILE,D,AUTHORED_LEGITIMATE,Gradually increasing course instalment
227ce114-7f3a-5cb3-a336-18cf825a5106,5b3beef4-0115-5113-a435-2141551cd99c,d74e0969-a31e-58ed-9778-362d27e8068d,103275,KZT,2026-11-12T09:00:00+00:00,sim-device-02,MOBILE,D,AUTHORED_LEGITIMATE,Gradually increasing course instalment
ca005ee3-66ca-555a-91d7-79219942d1de,5b3beef4-0115-5113-a435-2141551cd99c,d74e0969-a31e-58ed-9778-362d27e8068d,105517,KZT,2026-11-14T09:00:00+00:00,sim-device-02,MOBILE,D,AUTHORED_LEGITIMATE,Gradually increasing course instalment
03b9fb05-f519-5f67-baec-c36415f64b83,5b3beef4-0115-5113-a435-2141551cd99c,d74e0969-a31e-58ed-9778-362d27e8068d,107758,KZT,2026-11-16T09:00:00+00:00,sim-device-02,MOBILE,D,AUTHORED_LEGITIMATE,Gradually increasing course instalment
2f893f10-ba4d-5b6a-8f68-e13a0c32da79,5b3beef4-0115-5113-a435-2141551cd99c,d74e0969-a31e-58ed-9778-362d27e8068d,110000,KZT,2026-11-18T09:00:00+00:00,sim-device-02,MOBILE,D,AUTHORED_LEGITIMATE,Gradually increasing course instalment
